position,id,title,description,publishedAt,defaultLanguage,country,viewCount,subscriberCount,videoCount,thumbnail,keywords,topicDetails
1,UCXMWfR3Wi8OlGUs9BpcmSQg,"C C++ Para Iniciantes",,2023-11-14T16:00:17.245861Z,,,109,1,5,https://yt3.ggpht.com/ytc/AIdro_n68ziQLwlP2zE2AoW58ea3RWol98GNssqM9F9i2ODfKsPj4j3sBfuxm6Wo8-ppOXb3Jw=s800-c-k-c0x00ffffff-no-rj,,"Technology|Knowledge|Lifestyle (parent topic)"
2,UCot_OnNEtOQkFU7p8g4AOag,"Linguagem C - Português","Este canal procura difundir o gosto pela programação, promovendo conteúdos que irão ajudar e contribuir para uma melhor aprendizagem.",2021-02-09T15:43:23.526324Z,,PT,34535,806,45,https://yt3.ggpht.com/ytc/AIdro_lsh0CsyKfP-iKUjqSH2n_zQ-IZ7hylZGAskwVr3gIx=s800-c-k-c0x00ffffff-no-rj,"Programação|Programar|Linguagem C","Technology|Knowledge|Lifestyle (parent topic)"
3,UC2on_8iEu9gpnoFW1BTYc4Q,"Lập trình C/C++ cơ bản","Video hướng dẫn lập trình căn bản bằng ngôn ngữ C++ Khóa học C++ này được xây dựng cho những bạn chưa biết gì về lập trình, học từ A B C, những điều căn bản nhất. Mục tiêu là học xong khóa học này, các bạn có được tư duy lập trình tốt, hiểu và áp dụng được các giải thuật cơ bản. Có thể dễ dàng tự học các ngôn ngữ khác dựa trên nền tảng tư duy sẵn có từ khóa học này một cách nhanh chóng.",2015-09-08T10:05:15Z,,VN,162467,4790,10,https://yt3.ggpht.com/ytc/AIdro_lhdRAg_JCOaJD6-EiUkTq6mY5zg1NcVH1nrEZ1-nFDxg=s800-c-k-c0x00ffffff-no-rj,Lập|trình|C/C++,"Lifestyle (parent topic)|Knowledge|Technology"
4,UC74Q6S_1GQKNvaoKEYH5NEQ,"AlgoritmosAZ - C/C++","Neste canal são disponibilizados conteúdos relacionados com programação nas linguagens de programação C e C++. São vídeos que ensinam aspectos teóricos sobre essas linguagens e diversos exercícios resolvidos que explicam diversas questões associadas com essas linguagens. O canal também traz conteúdo explicativo e questões resolvidas da Olimpíada Brasileira de Informática (OBI) e da Maratona de Programação. ",2015-03-11T18:56:52Z,,BR,438202,2500,70,https://yt3.ggpht.com/ytc/AIdro_nLdAz-rMJ09HYhz7vAGMcyEmbb608N76QpWKraSCMGmw=s800-c-k-c0x00ffffff-no-rj,"Programação C|Programação C++|Linguagem de programação|Lógica de programação","Technology|Knowledge|Lifestyle (parent topic)"
5,UCtjcZNVZFi4NuiEYPLnXWcA,"Judson Santiago","Ciência da Computação com foco na linguagem C++ e suas aplicações. Pretendo trazer para este canal conteúdos sobre C++, indo do nível iniciante ao avançado, bem como conteúdos sobre desenvolvimento de jogos e computação gráfica, que são duas áreas em que a linguagem C++ é fortemente utilizada. Este será também o lugar onde irei postar os cursos completos das disciplinas que leciono na universidade. Quem sou eu? Sou doutor em Ciência da Computação e tenho mais de 25 anos de experiência na área. Ensino programação de computadores, programação de jogos, computação gráfica e compiladores para o curso de Ciência da Computação da UFERSA. Meu trabalho na universidade se concentra na área de jogos, sendo meu principal interesse o desenvolvimento de motores de jogos. ",2006-05-27T11:53:42Z,,BR,787748,11400,245,https://yt3.ggpht.com/MCj9cquH7fSkjFD7UPUSis6UX5L44Qz37AYaDNamU3uatdGhmEFGUG2JRw8xS0tf904NFxMBAmo=s800-c-k-c0x00ffffff-no-rj,"Compiladores|Programação|C++|C/C++|DirectX|Ciência da Computação|Programação de Computadores|Desenvolvimento de Jogos|Computação Gráfica|Linguagem C++|Programação de Jogos|Visual Studio","Lifestyle (parent topic)|Knowledge|Technology"
6,UCvjy8AzL86LRiOueGbXdOQQ,"Programação & Dev Games: C/C++ Unreal e Blueprints","Sou o professor Marcos Pacheco e estudo Unreal Engine desde 2010. Este canal é dedicado a programação com linguagem, C e C++ e desenvolvimento de Games com a Unreal Engine utilizando Blueprints e também C++. Meus cursos na Udemy: Já são mais de 27 mil alunos! 👉Aprendendo programação básica e avançada com Linguagem C++ https://www.udemy.com/course/cmaismaisbasico/?referralCode=956A556D144A0F4D36EC Aprendendo a Programar Games com C++ e a Unreal Engine 👉https://www.udemy.com/course/programacaonaue4/?referralCode=F755702A7A947CA8159A Aprendendo Programação do Zero ao Código com a Linguagem C 👉 https://www.udemy.com/course/aprendendo-programacao-do-zero-ao-codigo-com-a-linguagem-c/ Criando Seu Primeiro Game Com Unreal Engine e Blueprints 👉https://www.udemy.com/course/curso-de-game-com-unreal-engine-4/?referralCode=E9C1E1D81528381E6364 Criando um Game Avançado com Unreal Engine e Blueprints 👉https://www.udemy.com/course/unreal-4-blueprints-criando-o-game-swat-combat-street-war/ ",2011-10-17T17:02:34Z,,BR,187672,2880,125,https://yt3.ggpht.com/g1fHaN9HEPN6clAU5wDVb1OnrDuUR2BPuj5_5tfcdLyIyfBccC4u-Anb-vsMNr-v9LWsJNDIsg=s800-c-k-c0x00ffffff-no-rj,"Programação|C++|blueprints|UE5|Desenvolver Games do zero|unreal engine 5|programação com Blueprints|tutorial C++|linguagem C|Programação com C|Curso C|Curso programação C|Curso Grátis C|Curso Grátis C++|Curso Games|Curso de Desenvolvimento de Games|Curso de Jogos|Curso de Desenvolvimento de Jogos|Curso de Linguagem C++|Curso de Linguagem de programação C|Curso de Linguagem de Programação C++|Curso Grátis Programação|Curso Unreal Engine 5|unreal engine C++","Action game|Gaming (parent topic)|Knowledge|Technology|Lifestyle (parent topic)"
7,UC5e__RG9K3cHrPotPABnrwg,CppNow,"#cppnow #cplusplus #cpp #cplusplusprogramming #cplusplustutorial #cpptutorial ",2012-05-31T03:48:44Z,,US,4230803,37000,821,https://yt3.ggpht.com/ytc/AIdro_l3B9cDDS8zlgWAKFzKMcdMimITomXNPZHYlsQXgIW9Uw=s800-c-k-c0x00ffffff-no-rj,"C++|Boost|2025|Cpp|Programming|Coding|Cplusplus|CppNow|C++Now|Computer Science|C++ Talks|learn C++|boost programming","Lifestyle (parent topic)|Knowledge|Technology"
8,UCcS3HTXSQVPdzkOvGu7bgYg,"C/C++ Brasil",,2016-08-09T16:44:17Z,,,4230,221,25,https://yt3.ggpht.com/ytc/AIdro_nd7d7fbcqOOxT8KA6ATlFISwa0ONY-umK1AkebhftGHA=s800-c-k-c0x00ffffff-no-rj,,"Lifestyle (parent topic)|Knowledge|Technology"
9,UCMlGfpWw-RUdWX_JbLCukXg,CppCon,"Visit cppcon.org for details on next year's conference. CppCon sponsors have made it possible to record and freely distribute over 1000 sessions from the first CppCon in 2014 to the present. We hope you enjoy them!",2012-04-30T02:34:36Z,,,32962278,175000,1756,https://yt3.ggpht.com/ytc/AIdro_l0Ji0L8P1v-r0c5MwPcEUM9NwrhI-B7NK9qF2sO6oM-w=s800-c-k-c0x00ffffff-no-rj,c++|cppcon,"Technology|Knowledge|Lifestyle (parent topic)"
10,UCildn8K6aV268dFkA5TocNw,"C++ MasterClass","Este canal foi criado por Herik Lima e Fabio Galuppo, dois dos maiores especialistas em C++ no mundo. Com uma vasta experiência e profundo conhecimento na linguagem, Herik e Fabio dedicam-se a compartilhar insights valiosos, discutir as últimas tendências, explorar técnicas avançadas e fornecer tutoriais detalhados sobre C++. Acesse o Site Oficial https://cppmasterclass.com.br ",2024-06-06T16:08:19.102929Z,,BR,157152,1040,43,https://yt3.ggpht.com/nxRxQFkkNZxCH1AlmqXyv8GAkZy-S6TRNAWPfM6qaVnLK5b-fjXEREzzOe-EEyn4iDsWaeMQJDc=s800-c-k-c0x00ffffff-no-rj,"C++|programação|Hotmart|networking|conteúdo|curadoria|tecnologia|software|CPP|C++ MasterClass|curso C++|formação C++|comunidade C++|especialistas C++|lives C++|novidades C++|curiosidades C++|suporte C++|dúvidas C++|desenvolvimento de software|programação avançada|tutorial C++|curso online|aula ao vivo|plataforma de cursos|treinamento C++|formação completa|código C++|carreira em TI|programação para iniciantes|treinamento profissional","Lifestyle (parent topic)|Knowledge|Technology"
11,UC9KMtRSOkJVCYwvm8TZipog,C++Online,"A new, online-only C++ developer conference created with accessibility and international access to the C++ community as its core directive. ",2023-12-06T13:50:16.603223Z,,GB,55359,1880,74,https://yt3.ggpht.com/ip_bfgWtoiIbPQh4rUnSy-V4b0sj_jMFjxlZ2xxffP5RRcJtHcfyVjVZGKBihvfbtwedfrN91Q=s800-c-k-c0x00ffffff-no-rj,cpp|programming|coding|c++|tutorial|workshop|presentation,"Technology|Knowledge|Lifestyle (parent topic)"
12,UCs6sf4iRhhE875T1QjG3wPQ,CppNuts,"Hi, this is Rupesh Yadav and I am uploading content about C & C++, which every beginner C & C++ Programmer must know. Code On GitHub : https://github.com/cppnuts-yt/CppNuts UPLOADED PLAYLISTS: 1) Design Patterns Explained In C++ 2) Multi threading 3) Data Structures 4) Algorithms 5) STL 6) C++11, C++14 7) C++ Freshers Interview Questions And Answers 8) C++ Experienced Interview Questions And Answers 9) C++ MCQ Questions And Answers 10) C Interview Questions And Answers 11) C MCQ Questions And Answers 12) Sorting Algorithms And suggestions are welcome!!",2011-03-23T15:29:58Z,,IN,10937946,86300,752,https://yt3.ggpht.com/46nJ4bC4cNf9ogupxDoGXYP4PqjtjRdxzidyUy_1QbLU5b5asfnuB_PfZeIyc5p63Y38tUmf=s800-c-k-c0x00ffffff-no-rj,"STL|Algorithms|c++11|c++14|multithreading|c++ tutorial|Data Structures|c++ interview questions|design patterns|standard template library","Technology|Knowledge|Lifestyle (parent topic)"
13,UCxHAlbZQNFU2LgEtiqd2Maw,"C++ Weekly With Jason Turner","Making C++ Fun and Accessible.",2007-09-08T22:02:33Z,,US,9799450,125000,591,https://yt3.ggpht.com/tzNKszVZX5vbIVnp5AKCCv-IQpKSo5K0HZfGj97N1hoI9kDBkwNcSnOzzkkUuTMOUESs0qd_Ng=s800-c-k-c0x00ffffff-no-rj,C++|Programming|Learning|C++11|C++17|C++20|C++14,"Technology|Knowledge|Lifestyle (parent topic)"
14,UCZ4UNE_1IMUFfAhcdq7CMOg,"C/C++ Dublin User Group","A group of professional developers and hobbyists living and working in Dublin, Ireland who meet monthly to discuss trends, techniques, and technologies related to the C and C++ languages and industry. This group is open to anyone and everyone. Meet other C and C++ enthusiasts, learn something new and share your knowledge and experience. https://www.meetup.com/cppdug/",2017-12-19T16:54:03Z,,,143106,1430,32,https://yt3.ggpht.com/ytc/AIdro_nh9DCy_variYfPAaqM8-hH3FZAb3mxGUqnZSOFzxUkow=s800-c-k-c0x00ffffff-no-rj,,"Lifestyle (parent topic)|Knowledge|Technology"
15,UCKbJd9qr-HcmlXjigWWFSCw,"Aprenda C/C++ Comigo","Vivendo e aprendende. Oi, meu nome é Luiz Henrique e estou tentando aprender C/C++ para a minha faculdade de engenharia elétrica na UFF. Qualquer pessoa é bem vinda para me assistir e ver eu passando perrengue :) .Espero você comigo.",2016-12-22T12:35:00Z,,BR,0,93,0,https://yt3.ggpht.com/D25mI5TuaxF9VsrNo8WmgWtVEKDMlzkzxyddN0_o5e7lMcbVAoitvxKkmDwGbcFgCk4dUefE=s800-c-k-c0x00ffffff-no-rj,,
16,UCAczr0j6ZuiVaiGFZ4qxApw,cpponsea,"The international C++ conference, in the UK, by the sea. This channel is for videos of talks from the C++ on Sea conference.",2019-02-12T13:55:16Z,,GB,1652591,17600,361,https://yt3.ggpht.com/ytc/AIdro_nO-T3DgXHMAvvTXAexnpns_--YHAJqfDt_n-CHuwLgYA=s800-c-k-c0x00ffffff-no-rj,"c++|cpponsea|Folkestone|Conference|Programming|C++ on Sea|C++ Conference|C++ on Sea 2019|C++ on Sea 2020|C++ on Sees 2021|C++ on Sea 2022|C++ on Sea 2023","Lifestyle (parent topic)|Knowledge|Technology"
17,UCO7PxJ97N9Y2D-xs6HZ12FQ,"Programação C++ com o professor Adilson da Silva","Esse canal foi criado com o intuíto de postar vídeos com construção de programas simples em C++, víseos com a execução de práticas em Arduino e construção de programas em Python. Esses vídeos serão colocados ao longo do tempo, sempre que for criado algo novo, por mim ou por alunos que queiram mostrar alguma prática. ",2020-09-26T12:05:54.159121Z,,,664,218,4,https://yt3.ggpht.com/doEu8vadZ1ObyQOE2Stf54rgJ9CdivgZtWKSZSgtj1w-EpIeFVnxcJ7MpZ1GYGjkBUepVyLn=s800-c-k-c0x00ffffff-no-rj,,"Lifestyle (parent topic)|Knowledge|Technology"
18,UCcI7jtWeKSI3-QoxPmeJx3Q,CogniCoding,"Bem-vindo ao CogniCoding! Desvende os mistérios da programação, ciência e matemática conosco. Encontre: 🚀 Programação Descomplicada: Tutoriais práticos para iniciantes e desenvolvedores. 🔍 Exploração Científica: Viagens pelos domínios fascinantes da ciência e matemática. 💻 Projetos Empolgantes: Acompanhe desafios práticos, do básico ao avançado. 🤝 Comunidade Engajada: Participe da nossa vibrante comunidade de entusiastas. Inscreva-se agora para uma jornada educativa e divertida! Ative 🔔, curta, compartilhe e comente - sua opinião é essencial! #Programação #Ciência #Aprendizado #CogniCoding ",2023-12-14T14:30:14.223701Z,,BR,2194,20,26,https://yt3.ggpht.com/FcueFdskXrmjJlNA49jdHdsWktlf8aYCG5EmjJqOlQ9R7X18IN5jzM-zZ8Mhv60HuI5FpMLKzQ=s800-c-k-c0x00ffffff-no-rj,"programação|c++|cpp|tecnologia|matemática|matematica|math|maths|programming|codificação|coding|cognição|pensamento|inteligência|aprender|tutoriais|aprender|grátis|tutoriais práticos|aprender programação|tutoriais de programação","Technology|Knowledge|Lifestyle (parent topic)"
19,UCX3-Bq7ZkroGhMMc3L_iqlA,"Ajuda a Iniciantes de Programação",,2023-01-17T23:26:29.777987Z,,,259,26,11,https://yt3.ggpht.com/uMfg_uWwQrCIs4a68_kmOrFsH2J4tl6Q5Cl5PCPbdfc2FRjFHs-hzb5Y9xezaFJH9-m-jm12_Q=s800-c-k-c0x00ffffff-no-rj,,"Lifestyle (parent topic)|Knowledge|Technology"
20,UCl5-BV9aRaeDVohpE4sqJiQ,CodeBeauty,"Hey! My name is Saldina Nurak. I am a software engineer with 13 years of experience. I create free YouTube videos for anyone looking to learn programming. I also run Code Beauty Academy, where you can learn practical, career-ready skills. In Code Beauty Academy you will get my mentorship to land your first job and start a successful career as a software developer. If you need help or more info email me: codebeautyacademy.info@gmail.com ✉️ If you'd like to sponsor a video and for other business inquiries contact me at: truecodebeauty@gmail.com",2020-02-25T23:00:54.33829Z,,BA,16765540,316000,167,https://yt3.ggpht.com/ytc/AIdro_mX6jWb6sBvDgwOJhHBK4Y88488XKYkY0gwHA2CwcT93b0=s800-c-k-c0x00ffffff-no-rj,"codebeauty|programming|c++|c++ tutorials|tutorials for beginners|c++ for beginners|c++ programming|html and css|html for beginners|code beauty|programming tutorial|css for beginners|visual studio|visual studio 2019|c++ full course|code beauty","Lifestyle (parent topic)|Knowledge|Technology"
21,UCcXB3Kmi_CxtcBTbs2s7_oQ,"C,C++ programming",,2016-01-18T05:47:47Z,,,14,0,9,https://yt3.ggpht.com/ytc/AIdro_l00cEFwdp1iufblxEUhez-bFN5dDN6tPTM86pbbYw=s800-c-k-c0x00ffffff-no-rj,,
22,UCKvg6HrGPxJjtBvUtUSHUSg,cppjournal,"C / C++ Programming Tutorials",2010-07-29T19:41:06Z,,,88192,274,30,https://yt3.ggpht.com/5F9yuBefqgTdYyvddE6eFYvQSIV_-thVVXQgBMY2abwiFKCZBc3MbChFfGY-jYIFXypto8kpeQ=s800-c-k-c0x00ffffff-no-rj,,"Lifestyle (parent topic)|Knowledge|Technology"
23,UCqFuTkP1mFEdd4Gy5BhdtPA,"C/C++ Guide and projects","C/C++ related codes,Projects and SoftWare Hardware Simulation ",2022-04-22T18:14:45.106482Z,,PK,51,6,4,https://yt3.ggpht.com/VkGlRjbfyRqBnQXBlgMcvsGxiF6q8fPTj75rygNemLVPc7ParrkiA50nfP4zY5SOF3RqA2td6g=s800-c-k-c0x00ffffff-no-rj,,"Technology|Knowledge|Lifestyle (parent topic)"
24,UCUwmIR3z1avzlwyaRS2GqaQ,"C/C++ Programming","Welcome to C/C++ Programming! 🚀 Dive into the world of programming, web development, and software projects with clear, step-by-step tutorials designed for learners of all levels. Whether you're just starting with coding or looking to master advanced concepts, this channel has something for you. From C programming to C++ programming and creative coding ideas, C/C++ Programming is here to make coding in C accessible and enjoyable. Subscribe and turn on notifications to stay updated with new content that will help you build, learn, and grow as a C developer. Let’s code together! ",2018-11-11T19:40:08Z,,US,13,2,1,https://yt3.ggpht.com/e-FhCnMFB-92Fvcy9p4AZCL1mGtqBJAwmmD-6salgBqHG5M5AVpteqNE_OE2dSRHJyWJkqIGgQ=s800-c-k-c0x00ffffff-no-rj,"tutorial|beginners|programming|examples|literals|functions|loops|arrays|pointers|structures|If|Switch|c tutorial|c course|c programming language|c programming language tutorial|c programming language tutorial for beginners|c programming course|C (Programming Language)|Programming Language (Software Genre)|language basics|data types|For Loop|While Loop|Do While Loop|User Input",
25,UCD-scAE4ju78dld1kpcsQfQ,"C++ by Saurabh Shukla Sir","The Objective of this channel is to provide tutorials related to various computer technologies and programming languages. Lectures are small, organized, easy and are in hindi. Students, professional can learn technology and languages very easily. Just watch any one video and if you like it, please subscribe it and share it on different platforms. You can also visit my website www.mysirg.com to easily navigate video links and follow complete course in right sequence. I am Saurabh Shukla, providing training for computer languages in Bhopal, Madhya Pradesh, India. I appreciate your comments on videos.",2014-08-14T04:45:46Z,,IN,24972667,215000,106,https://yt3.ggpht.com/ytc/AIdro_knG9QCMgzN1Fi8ju8OIxByGmk9aDFy5IShXwtlOlKF7g=s800-c-k-c0x00ffffff-no-rj,"C++|C++ by Saurabh Shukla Sir|C++ in Hindi|C++ language videos in Hindi|C++ tutorial in Hindi","Lifestyle (parent topic)|Knowledge|Technology"
26,UCGWAlXciy785Iog-X7247Hw,CppNorth,"CppNorth is a production of Cpp Toronto which provides an open and collaborative place where software developers can meet and discuss C++. We aim to serve the C++ community of Toronto by promoting inclusion, creating engagement and activity among members.",2022-07-02T21:59:26.456542Z,,CA,502124,5900,182,https://yt3.ggpht.com/HMyODqc5wbKBMPr0_MVzcuabJeF7yuS3Jl4Tzd1L48NPvSNtGV6oXvVbv__QAgb8zwb-BTpaZA=s800-c-k-c0x00ffffff-no-rj,C++|Cplusplus|conference|toronto,"Lifestyle (parent topic)|Knowledge|Technology"
27,UCNge3iECU0XKjshac_hdejw,"Italian Cpp Community","Canale ufficiale dell'Italian C++ Community - http://www.italiancpp.org",2014-05-24T14:59:34Z,,IT,134010,1850,178,https://yt3.ggpht.com/ytc/AIdro_mZASn19K12I5EUQF6qo9XB3ssyC29yPHltLZGEPVgTdQ=s800-c-k-c0x00ffffff-no-rj,,"Knowledge|Technology|Lifestyle (parent topic)"
28,UCItSCHOFF_4nACo6SdQrUKw,"C/C++ CODES","Please subscribe my you tube channel. C and c++ coding with any question ",2020-04-07T08:52:43.513844Z,,IN,683,10,2,https://yt3.ggpht.com/MxVKcz4DhlFh_O2GTj8-9NmO1_fk3yLqceC_Gjz-fQ2g1zz9X4setTY1vZF9nCuS98OcvohZ=s800-c-k-c0x00ffffff-no-rj,,Knowledge
29,UCC6ERtQCQ4FBfZ9WkQ28AkA,"C/C++ Unlocked","Welcome to the ultimate destination for programmers, engineers, and tech enthusiasts! This channel is dedicated to tutorials and deep dives into C, C++, and other popular programming languages. Whether you're a beginner or an experienced developer, you'll find valuable tips, hands-on examples, and real-world coding practices to boost your skills. Subscribe and start coding smarter today!",2011-07-19T07:52:37Z,,FR,83447,18,28,https://yt3.ggpht.com/fRSDHhhQXa0wHqh7rOCUnjr_Fwl6h3TlSW-LRAJdN2JzGoVADkH2iUY2aG0R7lHvZzlkb40W=s800-c-k-c0x00ffffff-no-rj,"beginner|advanced|C++|C programming|C++ tutorials|coding tutorials|embedded systems|C++ for beginners|C advanced|programming in C|C++ concepts|software development|real-time systems|programming tips|code optimization|pointers in C|object-oriented programming|C++ STL|memory management|algorithms in C++|C tutorials|C++ coding|tech tutorials|programming basics|code examples|C/C++ projects|learn to code|programming tutorials.|coding best practices","Lifestyle (parent topic)|Entertainment (parent topic)|Humor|Knowledge|Technology"
30,UCuq5s0FlgJ4TPbdGAnT0j5g,CodeWar,"Welcome to CodeWar! This Channel is all about Programming, Projects, Tutorials, Exceptions of Coding Languages (Special focus on C, C++), Common OS Issues and their Fixes, and Facts about Programmers' Life Style. This channel is maintened by Ramesh Prasad. Email : rp181135198@gmail.com",2018-12-27T13:21:09Z,,IN,812516,3460,16,https://yt3.ggpht.com/ytc/AIdro_m9glBT4io0p7--TUJbUcNrlH_KJCErxSw--TXNgJ7gOw=s800-c-k-c0x00ffffff-no-rj,"CodeWar|rp181135198|Code War|Code War India","Lifestyle (parent topic)|Knowledge|Technology"
31,UCZEJA9SdKx8uepOnivFG0dg,"Adeniyi Adenola",,2021-08-09T10:15:02.636282Z,,NG,6311,230,16,https://yt3.ggpht.com/JCeO4QIrVnnLRpt1GUFeZwTi1JHSMfXLRKNcG0TtSB_nFB422ME9_f8pIxFO5Q2Gv239rMs93w=s800-c-k-c0x00ffffff-no-rj,,"Technology|Knowledge|Lifestyle (parent topic)"
32,UCIftxeVu4j7hwJoMO6YeIMw,"C++Next by Alex Dathskovsky","My name is Alex and I am a C++ enthusiast :)   I am a C++ expert with a strong experience in template meta-programming. I like to share my enthusiasm with others by teaching courses and giving lectures worldwide, about all the new features of modern C++. In this channel we will explore C++ Python and other languages and learn the darker parts in depth.",2007-08-31T12:42:42Z,,,6448,717,16,https://yt3.ggpht.com/cf-dGNPRB4sn7yfI-_H4DLkuTnpzGB5Df_i8AdGoDMK4UAWTvfv55DwohPG82fsQvVZNISui7r4=s800-c-k-c0x00ffffff-no-rj,,"Lifestyle (parent topic)|Technology|Knowledge"
33,UCvrv64yqu0aaf99pbOaAd1A,cppdev,"I am a simple C++ developer passionate about the craft. The catch here is that I’m passionate about all programming related topics so you probably will find articles about all sorts of topics related to programming, not just C++. You can also check out my blog at www.thecppdev.com . There are plenty of tutorials and programming related posts there that you might find useful. ",2020-08-15T16:35:35.214115Z,,RO,56052,552,20,https://yt3.ggpht.com/ytc/AIdro_mIvg1kd2j9wWl42RzfopTp1WVRvuMci4qcmNzDt2ueQg=s800-c-k-c0x00ffffff-no-rj,C++|programming|tutorials,"Technology|Knowledge|Lifestyle (parent topic)"
34,UC1I_DbrWCKU-m4K46Jbc0rg,"Programação Competitiva","O foco deste canal é ensinar algoritmos, estruturas de dados e técnicas de programação em C e C++, além de outros tópicos sobre ciência da computação. Também serão resolvidos exercícios de competições de programação como a OBI, Google Code Jam e Facebook Hacker Cup. O canal é direcionado tanto para pessoas que desejam começar a programar como pessoas que estão aprendendo e estão com dúvidas, mas principalmente para quem deseja participar de competições de programação, pois neste canal serão abordados vários conteúdos comuns nestas competições.",2017-02-24T23:55:23Z,,,28843,877,9,https://yt3.ggpht.com/ytc/AIdro_nxYn4fGJeAmn16SZDGOssF10VyiwgEEirw_zYBq4XK_A=s800-c-k-c0x00ffffff-no-rj,programação|c++|algoritmos,"Technology|Knowledge|Lifestyle (parent topic)"
35,UC56D6OIs_IAy24ubjC2_hmQ,"Utah Cpp Programmers","Utah C++ Programmers meets monthly to discuss topics related to C++ programming. Meetup: https://www.meetup.com/utah-cpp-programmers/ Blog: https://utahcpp.wordpress.com/ ",2020-04-09T03:10:33.236102Z,,US,205971,3320,57,https://yt3.ggpht.com/ytc/AIdro_mAd2yXqI6clBzasoDu0MW21iJzBmgkhswVdvOayIVdFQ=s800-c-k-c0x00ffffff-no-rj,"C++|Programming|Refactoring|Utah C++ Programmers|Software Engineering","Lifestyle (parent topic)|Knowledge|Technology"
36,UCf3tX0nf8EFIwmgQBH6PIGw,MUCplusplus,"Channel of the Munich C++ User Group (https://www.meetup.com/MUCplusplus/). ",2016-10-28T18:52:57Z,,,118259,2360,150,https://yt3.ggpht.com/ytc/AIdro_nlbBEABVXhVs4uCOIYzDHXtU5naKbhkqNTRiJus6f_SFw=s800-c-k-c0x00ffffff-no-rj,,"Technology|Knowledge|Lifestyle (parent topic)"
37,UClXCm72RgZ4JFnyJRq3BycQ,"Coder's Junction: C/C++ Lessons"," This YouTube channel is dedicated to teaching the basics of the C programming language, from the perspective Through clear and concise explanations,it provides an in-depth understanding of the fundamental concepts of C and helps students develop a solid foundation in the language. The channel aims to provide students with a fresh and personal perspective on C, offering valuable insights and tips along the way. Whether you're just starting out or looking to enhance your existing knowledge, this channel is a must-watch for anyone interested in learning C and C++ https://www.youtube.com/@C-Cpp ",2023-01-14T18:59:18.239692Z,,,864,9,8,https://yt3.ggpht.com/a7wvCq9OE7bIUtnyMvF4w8RPXaWMHQ8yhWNiFk8JB_fJutccjaggVQVvto_5n_twdMQBquWsVpk=s800-c-k-c0x00ffffff-no-rj,,"Lifestyle (parent topic)|Knowledge|Technology"
38,UCDg9QpNYcmh1j9AdleekD7Q,-zin_dev,"🚀 Aprende C++ desde CERO y conviertete en programador 💻 Soy zin_dev, desarrollador con experiencia en C/C++ 🎯 Te enseño programacion de forma FACIL y PRACTICA 📚 En este canal encontraras: ✅ Tutoriales paso a paso sin complicaciones ✅ Ejercicios reales con codigo ✅ Tips para mejorar tu logica de programacion ✅ Desde variables hasta proyectos completos 🔥 NUEVO VIDEO CADA DIA 💬 Contacto: zinBusiness@proton.me #ProgramacionCPlusPlus #TutorialProgramacion #AprendeACodificar ",2025-05-02T19:53:21.053394Z,,PR,0,67,0,https://yt3.ggpht.com/7tcnqDQ3dv0uSM_9fnM2SRq_LRK-S8F5R89_GYDsCvELIsS08nCNYimNtoOriDNq7pOaceMLkVw=s800-c-k-c0x00ffffff-no-rj,,"Technology|Knowledge|Lifestyle (parent topic)"
39,UC1slH4esLhhIgDBjLYiCCzg,"C++ Paglu","Hi, I m documenting my learning process on this youtube channel. ",2021-02-11T16:10:52.750148Z,,,143,6,14,https://yt3.ggpht.com/a4oEpzwicgb3qR1-Wzpk2ibiqKwayy9RonY4jwEzUcKbYqLGQcjfzBG7fcUvRAIkfQW8jVoy=s800-c-k-c0x00ffffff-no-rj,,"Technology|Knowledge|Lifestyle (parent topic)"
40,UChTwmOLHb0tJfYSpuvD5e2w,"Sciptica | Computer Programming & Machine Learning","This channel is created just to help those who want to learn Computer Programming (C/C++, Java, Python, etc.), Machine Learning and other related concepts with short videos by easy and efficient methods. ",2022-09-04T17:14:13.840277Z,,,5852,244,15,https://yt3.ggpht.com/ytc/AIdro_naVtQgGqLR2mEJBYsUptJWeahbG_5vnBCPaDOqBcwUdRBL6bJjSCLq-kGRbS6uIBwmZQ=s800-c-k-c0x00ffffff-no-rj,,"Lifestyle (parent topic)|Knowledge|Technology"
41,UCbb6vc5gjkYtj9jgnW8YQlw,"C++ Serbia",,2022-07-21T09:28:50.618833Z,,RS,14148,400,36,https://yt3.ggpht.com/lEDiZv0YjWHHqG3fWiXw2QdYbuSDCh_mtd2SUzPs2KJIW7a5TP6vVwSquxFiojEwulsqs4eqsA=s800-c-k-c0x00ffffff-no-rj,,"Lifestyle (parent topic)|Knowledge|Technology"
42,UC9mqhibhV7HZYrIxpTIplhw,"C & C++ GURU...",,2018-05-08T01:35:56Z,,,1037,20,8,https://yt3.ggpht.com/ytc/AIdro_lRevAjzke39YHDf0PcCV4u6mNa6QzfncdgUAzp2hmBiw=s800-c-k-c0x00ffffff-no-rj,,"Technology|Knowledge|Lifestyle (parent topic)"
43,UClyQOyZtcRbWNP75hk_AqIw,"Programming With HAIRIBI","اللهم علمنا ما ينفعنا، وانفعنا بما علمتنا، انك انت السميع العليم.",2019-04-22T22:03:40Z,,MA,2779502,27000,123,https://yt3.ggpht.com/s_vEueweCKSR0tNBx3Jko06y-4Cs7vmFemHHV-mY_8IcM3xMrbDo7eRFD9hsC-XZz-jlpqySMQ=s800-c-k-c0x00ffffff-no-rj,"Programmation|C++|Java|PHP|langage C|listes chainées|data structures|les arbres binaires|les  fichiers","Technology|Knowledge|Lifestyle (parent topic)"
44,UC9xjqe-9_yKeIGx-mpMWR3A,"C++ London","The video archive for C++ London talks",2018-04-25T16:18:04Z,,GB,44160,1000,46,https://yt3.ggpht.com/ytc/AIdro_ksOeoVqA-d7ulxMT9kYfFNzFl8upgb5WEHPdu6Zo9rUg=s800-c-k-c0x00ffffff-no-rj,C++|London,"Technology|Knowledge|Lifestyle (parent topic)"
45,UCRm39hwBxsX-8yj2xs3OJjQ,"Code for yourself","This channel is all about code. After more than a decade-long career in programming and designing software and a PhD in robotics and computer vision, I decided to have my own place on the Internet where I can chat about things I encountered throughout the years. The content will have more or less rigid courses on that or another programming language or technique, but might eventually morph into something less structured. Only time will tell. For now - welcome to this new journey and hope you will enjoy it with me!",2022-01-15T10:25:04.65589Z,en,CH,209632,6040,50,https://yt3.ggpht.com/sXisj_fsNRnv40jr0-WAq3aUBqdJDSgLI6_NrdTZv3uCay5uYFMxL8ojqy7jN61w0arSlQe0yQ=s800-c-k-c0x00ffffff-no-rj,c++|programming|cpp|c-plus-plus|computer-programming|software|software-design|code|coding|programming-language|gcc|clang|g++|clang++|compiler|make|cmake|bazel|bash|terminal|ubuntu|windows|macOS|unit-testing|unit-test|gtest,"Lifestyle (parent topic)|Knowledge|Technology"
46,UCYgsosB4CgxLBdwU-lYFQng,constref,"This channel is about general programming, but focusing a lot on C++, game development and web programming.",2018-12-30T15:36:09Z,,BG,191665,2270,33,https://yt3.ggpht.com/wfNhQQdBU1rkwiixR7gw-GUxFeMm7PE_AYUSEPMFtim0sbKClcD2Ii6qM5eVoE82hcFKhsTaK9Y=s800-c-k-c0x00ffffff-no-rj,,"Lifestyle (parent topic)|Gaming (parent topic)|Technology|Knowledge"
47,UCQNlPF8g9atMvivTjzkINFA,"Technical Ammar","Welcome to Technical Ammar – your go-to YouTube channel for high-quality web development and programming tutorials. We cover the latest technologies, including JavaScript, React, PHP, Laravel, Livewire, Filament, C++, and many more. Whether you're a beginner, intermediate, or advanced developer, our tutorials are designed to help you level up your skills and build real-world applications. 🎯 Our mission is to help new and growing developers by sharing simple, clear, and practical coding tutorials that make learning faster and easier. 📩 Have a question or suggestion? Drop a comment on any video or email me at amar.hussain899@gmail.com — I'm always happy to help! Subscribe now and join the growing community of developers learning and building together. ",2021-04-20T18:42:31.3573Z,,PK,556364,6080,433,https://yt3.ggpht.com/ytc/AIdro_mrcZVKN7ePqWKoFHXFBiQnODh_hH0JknVLWJ_7jwbyEw=s800-c-k-c0x00ffffff-no-rj,"Ammar|C++|technicalammar|mysirg|codeitup|Technical Ammar|Ammar Technical|C++ for beginners|code with harry|c++ full course|C++ from basic to advance|technical ammar|c++ programming|technical ammar channel|apna college|c++ example programs|c++ tutorial for beginners in hindi|ammar technical|c++ tutorial for beginners|technical amar|technical amar c++","Technology|Knowledge|Lifestyle (parent topic)"
48,UCDBAg8BOLwj2HoGyciTbBDw,"Dr. Ehab El-shimy",,2020-06-11T00:13:59.062382Z,,EG,62460,1360,13,https://yt3.ggpht.com/ytc/AIdro_ntgumVrJgXmFBhHxjpzL9VomyhvCh-sxAktFR7XH_Ysw=s800-c-k-c0x00ffffff-no-rj,,"Lifestyle (parent topic)|Knowledge|Technology"
49,UCZS60J7KcQOLf87H3P_PTlg,CppEurope,"Join the C++ community on this channel by taking part in CPP Europe, a conference about C++ http://cppeurope.com",2018-02-28T12:14:32Z,,RO,13142,438,30,https://yt3.ggpht.com/ytc/AIdro_l-b6u0r0Pl4zyCKn50H-TGdrkFsnDMVZfxruBRq97EmQ=s800-c-k-c0x00ffffff-no-rj,c++|programming,"Lifestyle (parent topic)|Technology|Knowledge"
50,UCSZ98lZu_EiJtVmR6DLW9kA,"AMS DevZone","Welcome to AMS DevZone! Here, we simplify C and C++ programming in Hindi, from beginner to advanced level. 🎯 What you’ll get here: ✅ Programming Concepts in Easy Language ✅ C/C++ Explained with Real Examples ✅ VS Code Setup and Tips ✅ Interview Questions & Practice ✅ Weekly New Videos 💡 Whether you're a student, fresher, or self-learner — this channel will guide you step by step. AMS DevZone – Learn. Code. Grow. Subscribe now and start your coding journey! 💻🚀",2025-07-27T08:23:12.110778Z,,,1221,5,10,https://yt3.ggpht.com/6V2rxX3vyqeg5YEB61BSrMQDEHYAdBuHJPQvl8t8IxHEgYUmQY2Dko5arY29g76I3p2w2CPXnxo=s800-c-k-c0x00ffffff-no-rj,,"Technology|Knowledge|Lifestyle (parent topic)"
51,UCqd9oVuR4tuKD5Y9AFwxz7Q,"Terminal Root","Canal sobre C++, Programação, Desenvolvimento de Games e Web",2015-10-18T23:09:25Z,,BR,1164900,37400,175,https://yt3.ggpht.com/kwi_IiCjQfORd6yPRs_QdHGY3DkO5vfH7gATROxBS1lXeWBSouhorqbAXCwEqXQ0xA0WmW5e=s800-c-k-c0x00ffffff-no-rj,"c++|Programação|Desenvolvimento de Games|Desenvolvimento Web|linguagem c","Technology|Knowledge|Lifestyle (parent topic)"
52,UCsi5-meDM5Q5NE93n_Ya7GA,Nick,"Hey there! I'm an ML performance engineer that also enjoys teaching. On my channel, I make videos covering beginner, intermediate, and advanced programming concepts, as well as things related to computer engineering and research. All the code I write is publicly available on my GitHub page ( https://github.com/CoffeeBeforeArch ), and I'm always looking for ideas on how to better help people learn!",2019-02-14T06:49:53Z,,US,1957043,26600,442,https://yt3.ggpht.com/2UQVJhlMlb8kdfJoaEBiobSkwrzYl9dZSRSYsygeqcSG2VyltCC04wKEI5_9Kcj9fySRjQmhFvY=s800-c-k-c0x00ffffff-no-rj,"coding|programming|GPUs|research|architecture|algorithms|engineering|c++|python|ml|assembly|parallelism|CPUs|computer science","Lifestyle (parent topic)|Knowledge|Technology"
53,UCxJfIsPGHFS3_nRDv1u-Q8g,"Andreas Fertig","Hello! My name is Andreas. I'm a Germany-based trainer, speaker, and creator of C++ Insights. I'm using C++ for over ten years now with a strong focus on embedded systems development. On this channel, you will find recordings of my conference talks and, of course, the C++ Insights video series with a new episode every month.",2016-12-27T16:45:58Z,,DE,96483,4320,77,https://yt3.ggpht.com/ytc/AIdro_keZ1lS-T5h2FZkIi6hkuH_xljCYtXqUCI2-8P3u8DhKg=s800-c-k-c0x00ffffff-no-rj,C++|Insights,"Technology|Knowledge|Lifestyle (parent topic)"
54,UCW-fjpawtlN3tMBZRoi6q5g,"Supra Codigo","Este canal esta dedicado a realizar tutoriales de programacion en C, C++ y Visual Studio con .NET y C#.",2012-08-08T01:35:18Z,,,416298,2300,60,https://yt3.ggpht.com/ytc/AIdro_mrYQ47IaBeKIy93qHEDfYRWzCcg9AHFYqZO0jpoLdORQ=s800-c-k-c0x00ffffff-no-rj,"tutoriales|español|codigo|compilador|c++|codigo c|programacion en c|lenguaje c|tutoriales en c|tutoriales en c++|supra codigo","Lifestyle (parent topic)|Knowledge|Technology"
55,UCNWU9hl3Ki3aigpitKVyqKw,"Education Point Coding ","Welcome to Education Point Coding! Unlock the world of programming and web development with our comprehensive tutorials. Our channel is dedicated to helping you master a variety of coding languages and technologies, including Python, C/C++, Java, HTML, CSS, JavaScript, AI, and more. Whether you're a beginner or looking to enhance your skills, our step-by-step videos make learning easy and accessible. What You’ll Learn: ~ Python programming basics to advanced concepts ~ C/C++ programming for competitive coding ~ Java programming for beginners and advanced learners ~ Web development: HTML, CSS, JavaScript ~ Introduction to Artificial Intelligence and Machine Learning Why Subscribe?. ~ Regular Updates: New videos every day ~ Community Support: Join a growing community of learners. 👉 Don’t forget to like, share, and subscribe for the latest updates! #Coding #Programming #Python #Java #WebDevelopment #AI #LearnToCode",2024-05-16T13:48:56.987921Z,,IN,226136,12700,78,https://yt3.ggpht.com/9jKXuEmr2X-zx85KfpTDQz3VWFLAxx3ho19jTm9dJe_yS4YDu13VaFu8A_E-T5nCf0CV_aq_Pg=s800-c-k-c0x00ffffff-no-rj,"python full course|java programming|c++ full tutorial|web development complete course|learn python for beginners|c++ for dsa|html css javascript|frontend development|backend development|full stack development|coding for beginners|python projects|java projects|c++ programming|web3 course 2025|best coding channel|education point coding|python course 2025|aditya patil|sachin dwivedi|aditya sir|sachin sir|aditya sir python|sachin sir cpp","Lifestyle (parent topic)|Knowledge|Technology"
56,UCmGcqqKdIKnH_-oHnkoyshg,두들낙서,"C/C++ 강좌를 올리고 있고 다른 컨텐츠는 할 수도 있고 안 할 수도 있는 채널. ▶ 두들낙서 지식공유 서버 참가하기: https://discord.gg/y4SXcjU",2014-11-25T08:32:43Z,,KR,2558404,15800,107,https://yt3.ggpht.com/ytc/AIdro_m_rHPtzqTVVw_pt8Kh1IK7PUiqSPJ1h1tQXT8ipxZE5w=s800-c-k-c0x00ffffff-no-rj,,"Lifestyle (parent topic)|Knowledge|Technology"
57,UC3F_YEaecJRjpb8qoBcQ_6Q,"C/C++ Interview Topics",,2017-12-24T19:09:15Z,,,4833,45,4,https://yt3.ggpht.com/ytc/AIdro_lZbMHwwf9ZgIeJDWUsRNqFjURp9Xaqrfdu-0Sym1kd9w=s800-c-k-c0x00ffffff-no-rj,,"Technology|Knowledge|Lifestyle (parent topic)"
58,UCJpMLydEYA08vusDkq3FmjQ,"Meeting Cpp","Meeting C++ is an independent platform for C++, supporting the C++ community by sharing news, blogs and events for C++. Details on the yearly Meeting C++ Conference can be found on the website https://meetingcpp.com ",2012-08-08T08:30:55Z,,,3574393,36300,851,https://yt3.ggpht.com/ytc/AIdro_nZ1iqBs7CJeE4cz9D_sv7BQMR6e6x6Zyh2IBVZp7h8YQ=s800-c-k-c0x00ffffff-no-rj,"C++|cplusplus|C++11|C++17|C++14|C++20|meetingcpp|C++23|C++26|Meeting C++|Qt BB10 QML","Technology|Knowledge|Lifestyle (parent topic)"
59,UCJwyXCf_TbyjbTNYG4q2XaQ,"Paulo Portela",Development.,2007-07-05T19:43:16Z,,,850278,4250,134,https://yt3.ggpht.com/ytc/AIdro_n1B_QvWEEe5hKvydt18PqyV8_kqrj8I42U9OenxwdKv9o=s800-c-k-c0x00ffffff-no-rj,,"Technology|Knowledge|Lifestyle (parent topic)"
60,UCGI7BqCR7nPZNkstNyUlqng,Software001,"Hello World",2021-04-15T04:17:27.800059Z,,,289,39,18,https://yt3.ggpht.com/jqF8YDhZQsEaj29j0YFSDOrbCn2Nctm9acqyZhtkdUKCOHdmStPs7apGgLV-nHzHE7QluRyt=s800-c-k-c0x00ffffff-no-rj,,"Technology|Knowledge|Lifestyle (parent topic)"
61,UCkb7UJ3HP6HWRcZ-DwKqsdw,"c c++ language ",,2025-02-09T05:01:13.314632Z,,IN,150,0,1,https://yt3.ggpht.com/V87sFCG72y6jc-ONzBlctY-bX-w809JsbCYek_o2vMeI5B9KDVAhXwRzVo-DpL9rogH1maIf5A=s800-c-k-c0x00ffffff-no-rj,"animations cartoon video",
62,UCqMRwTTPniz1_-3GJRvXJLA,"Uday Shankar","This channel is about Competitive Programming & Android App development. ",2022-03-05T18:05:54.179006Z,hi,IN,954,23,18,https://yt3.ggpht.com/ytc/AIdro_lpzwmVzHfAhl3FD2wN5FtU2ZLlCYRbP4zQ6nkTNQRUc40ri2QkWWHUnOWmlaF_eaweyQ=s800-c-k-c0x00ffffff-no-rj,"coding|codechef|CodeChef|Codeforces|icpc|programming|competitive programming|android development|Uday Shankar|c++ programming|google kick start|google competitive|Hacker Rank|code jam|Hash Code|UDAY SHANKAR|uday shankar|c programming|uday shankar youtube channel|Uday Shankar youtube channel","Lifestyle (parent topic)|Knowledge|Technology"
63,UCOp1Bm-vvLwjfCU-E0BdtFQ,"Debug The Dreams","Unlock the world of computer science with DebugTheDreams! Dive into engaging tutorials, real-world projects, and expert tips on coding, hardware, and all things computer engineering. Whether you’re a student, enthusiast, or aspiring engineer, join us to debug challenges, build your skills, and turn your tech dreams into reality! ",2025-06-18T15:40:05.249942Z,,IN,4852,111,38,https://yt3.ggpht.com/9YtG6jDd03a5KxwYHsb-O-25yxCzG8QawNB_xGhnqD524veJadSMpz9aBccgebD3puWZA1InFQY=s800-c-k-c0x00ffffff-no-rj,,"Technology|Knowledge|Lifestyle (parent topic)"
64,UCKSEIyhxFsSuKhBIyFHBcPg,"Programming language by AK","I am Akshay Paul from Sasaram . This Channel is all about learning programing languages , English book and Motivation. We often conduct interviews of our successful people . We provide our content in Hindi Content on this channel includes Video series on- 1. Core programing - C language, C++, Python, Java, PHP-MySQL, Data Structure, programing practice 2. English and Motivational content 3. Front end Web Development in Hindi - Java script, CSS, HTML 4. You are easily access our content from 5. Short video https://mycomputerstudy.com ",2021-01-11T05:15:06.992809Z,en-IN,,6299,61,14,https://yt3.ggpht.com/ntyXmeJErNaTZORgtbtCF0QJ832On_JigYYv13pSQ12ICMKHQmSpPccnFaWHTceXZJdpIAHC=s800-c-k-c0x00ffffff-no-rj,,"Technology|Knowledge|Lifestyle (parent topic)"
65,UCq8n7MmynEfQxX-xa6F3QEw,"Embedded C , C++ - Course Training",,2022-04-13T14:01:02.308163Z,,IN,81,2,4,https://yt3.ggpht.com/ytc/AIdro_nLaihxDFVmnJ3BNrRAmxQrbA_mCKWJCT4LKngxCiB_0GgMeT12zvtvULsylDTrrmZaZg=s800-c-k-c0x00ffffff-no-rj,"Autosar|Diag|com|programme|Embedded C|Embedded C++|come stack|communication stack|layer of autosar|data type","Technology|Knowledge|Lifestyle (parent topic)"
66,UCYFmYAB-UNZ2UbXaQjpNGog,"Mastering C++","Aim of this channel is to impart professional knowledge of C++ programming. Viewers would not only watch basic concepts but gradually would get to know the nuances of C++ . We all will take deep dive into C++ concepts that would enable to solve industry level problems.",2022-11-22T23:46:50.331286Z,,,292,10,8,https://yt3.ggpht.com/YxuJYkEEVq87Ea260iHmkkjTOvw3jgbSL5R8FQc52OChbtsUqZtCdNBclp7REHU9m5-UkogP=s800-c-k-c0x00ffffff-no-rj,,"Technology|Knowledge|Lifestyle (parent topic)"
67,UC_LAXFBuK7J2J6NLiYzdPEA,SwedenCpp,"Videos by the C++ developer community of Sweden ",2016-10-06T19:29:54Z,,SE,341873,4700,191,https://yt3.ggpht.com/ytc/AIdro_n7OPgiasCnW0naoCx3ACkhRkp5_E-lka4VDVaaufP8xg=s800-c-k-c0x00ffffff-no-rj,C++|swedencpp|Development|Software,"Lifestyle (parent topic)|Knowledge|Technology"
68,UCi1H22QVs9kKVxiSFdrPSrA,"C++ Institute","C++ Institute (CPI) was established with a purpose to promote the C/C++ programming languages, provide a global framework for C/C++ examinations as well as enhance, develop and support professional careers in C/C++ programming and related technologies. C++ Institute has defined global certification paths for the C and C++ programming languages and has developed an international C/C++ examination standard. Candidates can take a number of certification exams of various competency levels (Associate, Professional and Senior) at over 5,000 Pearson VUE® Authorised Test Centres and Pearson VUE® Authorised Test Centre Selects at a time and location convenient to them.",2014-06-24T10:10:03Z,,,52369,340,3,https://yt3.ggpht.com/ytc/AIdro_kY_fvOUsk3r3kqk_lTmRdld_VVy3XPTJKAFmqLfeT7_w=s800-c-k-c0x00ffffff-no-rj,c++|cpp|institute|certification|programming,"Lifestyle (parent topic)|Knowledge|Technology"
69,UC7OuzcKbPKDVRFk4ysR8IJA,"Intelle Learn","Learning never ends!!! Learn programming languages on this channel!!! Welcome to Intelle Learn, your ultimate destination for educational enlightenment! Here, we embark on a journey through the vast realm of knowledge, offering engaging and insightful content designed to spark curiosity and foster learning. Our channel is your go-to resource for a wide range of topics, including AutoCAD 2D, AutoCAD 3D, C Programming, C++ Programming, Java Programming, Python Programming, HTML, CSS, Javascript, MS Office and much more. Whether you're a student seeking clarity on complex concepts or a lifelong learner hungry for new discoveries, our videos are crafted to inform, inspire, and empower. Note:- 1) Subscribe the Channel 2) Like and Comment 3) Share with everyone ",2023-11-04T15:06:33.237525Z,,IN,9786,152,34,https://yt3.ggpht.com/oAMS47HryOCMZ13dTR4VTy_4nrWfji74zFgMyxhFdrlr04v6DgHC2IR7qdsBxGRdlkASCMRM=s800-c-k-c0x00ffffff-no-rj,"coding|tutorial|beginners|graduates|freshers|learning|knowledge|Intelle learn|programming languages|college students|university students|programming trainer|drafting and designing|AutoCAD 2D & 3D|intelle learn|information technology|computer science|software engineering|computer engineering|Bachelors in computer application","Lifestyle (parent topic)|Knowledge|Technology"
70,UCsG7lME_w3rb-QTKoXF54Cg,"c/c++ codes for beginners ",,2022-08-03T16:51:31.458401Z,,PK,6516,1,2,https://yt3.ggpht.com/qhzx_PUx3fQkdN25ktHbW7vq6epP-Lm5FYezYOjQMMtDP7L-IMrG1O0mjpBRuLD7TIjwgLP1=s800-c-k-c0x00ffffff-no-rj,tech|c|c++|oop,
71,UCPpOtVWMQ3EGbxjQZ4Iw4Gg,CodeWithArish,"Welcome to CodeWithArish, your go-to hub for mastering programming languages! Dive into the fundamentals and advanced concepts of C++, and stay tuned as we explore a variety of other languages in our comprehensive series. Whether you're a beginner or seasoned coder, join us for tutorials, tips, and practical examples designed to enhance your skills and expand your coding repertoire. Get ready to unlock the full potential of programming with us!",2021-08-12T20:17:47.863147Z,,IN,156684,400,37,https://yt3.ggpht.com/GOCrSqeI-UUtCTYFpL7LpwLdkOYSZRNbST28DEF12h79WybpnuIzYyDsqFYVzG5UtywfptT2bUo=s800-c-k-c0x00ffffff-no-rj,"Learn how to code C++|complete C++ programming|beginner C++ programming|understanding C++|C++ full course in VSCode|C++ learning course|how to write a C++ program|how to read C++ code|how to use C++ in computer|how to learn basic coding for beginners|C++ program run in VSCode|C++ video lectures|C++ programming in VSCode|C++ debugging tips|C++ for software development|introduction to C++ programming|C++ hands-on learning|learn C++ fast","Lifestyle (parent topic)|Knowledge|Technology"
72,UCKcmZMc-wBeIEdGr8APE8ww,"C++ Data Structures","Learn about data structures and the C++ standard template library. These videos are supported by the textbook C++ Data Structures by James Helfrich: https://he.kendallhunt.com/product/c-data-structures",2020-08-14T16:25:52.340775Z,,US,32624,621,110,https://yt3.ggpht.com/fHgDlGiAfw2XIX2M3K7mt95l4xKp6SVH2A0waN_quQnxCocFYZP_9by9VBPGNerFBItZL0FLaA=s800-c-k-c0x00ffffff-no-rj,"C++|Programming|Code|Learn|Software Engineering|Software Development","Technology|Knowledge|Lifestyle (parent topic)"
73,UCVXfHA36mNFzfKGMdMWI8cg,"C/C++ Programing Language",,2017-04-07T11:07:25Z,,,323,12,5,https://yt3.ggpht.com/ytc/AIdro_nu9c39tX9wMBdzB_hVMpstdxdjPAS823XlROCwqCv3QQ=s800-c-k-c0x00ffffff-no-rj,C/C++|Programing|Languuage,"Technology|Knowledge|Lifestyle (parent topic)"
74,UCcaLjd6JOPbHNXjCrfW_sZw,"LEG Educacao","A LEG Educação é uma empresa voltada a educação tecnológica com forte foco no ensino prático. Nossas formações vão muito além do diploma. Com professores referências de mercado e que atuam diretamente na indústria, a educação passa a ir muito além do ""ensino para cumprir tabela"". Não só acreditamos fortemente na educação como meio transformador como vivemos essas transformações. A LEG Educação veio para ficar, para ensinar, para evoluir, para transformar. Nossa meta é levar você até a sua.",2022-07-17T19:52:16.366732Z,,,8634,109,37,https://yt3.ggpht.com/BjVBR5qEOyNo5BxMjUGkofqgVO_8B1M_Q0MUhrnaG_2VbBEO8JXKO8g5d9cDIyrUckKLoUM31w=s800-c-k-c0x00ffffff-no-rj,,"Technology|Knowledge|Lifestyle (parent topic)"
75,UCZDyeUEfcYkGS-dpB2C4Ovw,"Coding Sarthi","Welcome to our channel dedicated to programming education! Join us on a transformative journey as we take you from the fundamentals of programming to advanced topics such as Data Structures and Algorithms (DSA) and System Design. Our goal is to provide clear and concise explanations, making complex concepts easy to understand. Whether you're a beginner or aspiring to enhance your programming skills, our videos will guide you through the process step by step. Get ready to unlock the power of coding and embark on a path towards becoming a proficient programmer. Subscribe now and let's begin this exciting adventure together!",2023-05-24T15:20:01.28975Z,,,929,30,9,https://yt3.ggpht.com/lDxaVZkCDPfmRF6C9L8ZyDNjIEm2eRxqNNT-ffmv-cjTIzmWm1vKXCV6Odyzcxf8bilL4pm-DCg=s800-c-k-c0x00ffffff-no-rj,,"Technology|Knowledge|Lifestyle (parent topic)"
76,UC2L1c8w6bZk0DugcKw4PDgg,cplusplusprogramtutorials,"Learn To Program in C++ with our Easy C++ Programming Tutorials. VIdeos Designed and Crafted from C++ Experts and Students gives a Briefer knowledge of C++ Programming.",2017-03-16T08:04:02Z,,IN,7859,148,13,https://yt3.ggpht.com/ytc/AIdro_mhmXGwtSs-AL-pegm0wCZiDpJcDwudEJW1VDOQW_O9Cw=s800-c-k-c0x00ffffff-no-rj,"c++|c programming|c++ programming|c++ for beginners|c language|the c programming language|c programming tutorial","Lifestyle (parent topic)|Knowledge|Technology"
77,UCjqzjJtvFRtUL8nmoDb2wYg,"Eduardo Casavella",,2012-03-15T19:35:55Z,,BR,1738502,16800,77,https://yt3.ggpht.com/ytc/AIdro_motfhO1HfqJ_LcyPItfWfvt-s-g9RFtSZHeRei8-OSI7o=s800-c-k-c0x00ffffff-no-rj,"linguagem c|curso de linguagem C|cursos de programação|tutorial de linguagem c|programação para iniciantes","Technology|Knowledge|Lifestyle (parent topic)"
78,UCy23cJZcSnfrmrlBoO-gcjQ,"C++ live","C++ Live coding for fun",2019-02-11T21:24:42Z,,UA,2287,19,16,https://yt3.ggpht.com/-US9TmXyAlU_-9OezCSoVR2ITYnOgP_DI1u5dbcSGR_DeoIFDBonK4vF9K0zdCklqEHY7x6g=s800-c-k-c0x00ffffff-no-rj,,"Technology|Knowledge|Lifestyle (parent topic)"
79,UCxwGBrWeIIWO9V_uLwRWCdA,"Everything Cpp","A variety of video types tailored to help teach C++, its history, recommended practice, and new features as they are introduced. Special thanks to Rolf Geissinger (www.stern.fan.de) for the beautiful banner art. (https://apod.nasa.gov/apod/ap120410.html)",2017-01-22T03:34:44Z,,US,46380,1310,11,https://yt3.ggpht.com/ytc/AIdro_lxnQ-pCapGUFJsQTeYm65bhlRsBYYxK-NZZHc6MVffkg=s800-c-k-c0x00ffffff-no-rj,C++|Cpp|WG21|Programming|CS|Computers|Boost|Qt,"Lifestyle (parent topic)|Knowledge|Technology"
80,UCMXxl4A3o7FBAbVySvUdyIg,"Learning C++","Video tutorials that follow up on the Learning C++ application on Apple's App Store. iPhone/iPod Touch: https://itunes.apple.com/us/app/learning-c++/id446910609?mt=8 iPad: https://itunes.apple.com/us/app/learning-c++-hd/id644875793?mt=8 Email: Me@JKalash.com For more: http://JKalash.com",2014-01-19T13:57:18Z,,,2666,24,11,https://yt3.ggpht.com/ytc/AIdro_npqCTQCvagjiXtaOdo5ZE3I-Jy0rjajom1GFxh7WdwRA=s800-c-k-c0x00ffffff-no-rj,,"Lifestyle (parent topic)|Knowledge|Technology"
81,UCuCjADS4u3uJDTqUaG0H9dA,CppCast,"The first podcast by C++ developers for C++ developers! Hosted by Rob Irving and Jason Turner.",2018-01-10T23:46:41Z,,US,169013,7770,281,https://yt3.ggpht.com/ytc/AIdro_koC8CKdOQ6TTKTIwpqkUnolWy6ViIHQsw4h6R08x9GyA=s800-c-k-c0x00ffffff-no-rj,C++|Cpp|Programming|Software|Engineering|Computers,"Technology|Knowledge|Lifestyle (parent topic)"
82,UC0qAWqDMvnW5D4klzy5kjAg,"C++ programming (احترف البرمجة بلغة سي بلس بلس)",,2021-01-24T18:22:32.25721Z,,IQ,12273,367,20,https://yt3.ggpht.com/3gLkVp-q7U5Rstxia52XiFyqRfZ0JbvYJQ2Far3PQBqDWrpkM62Y3NfovhVMnkKcPs9n4qsdYQ=s800-c-k-c0x00ffffff-no-rj,,"Technology|Knowledge|Lifestyle (parent topic)"
83,UCQqlC6HU-9KNvgRMMtF08Yw,Sciber,"Welcome to Sciber! We teach GUI app development to beginners. Our videos are easy to understand, even if you don't have any prior experience. We cover a variety of programming languages, including C++, Flutter, and C#. We'll show you how to create stunning desktop apps step-by-step. Subscribe now and start learning GUI app development today! We'll make the learning process enjoyable and accessible for everyone. Join us on Telegram : t.me/wearesciber ",2018-03-02T16:05:07Z,,LK,2226033,16400,99,https://yt3.ggpht.com/4sYYFaj3KA389lI8Asl8HCkmoC7RKz4wZCTjquzux-NmnaL_SUribHXmqjWYOU-zjDigmwP7Q_o=s800-c-k-c0x00ffffff-no-rj,"c++|winforms|wxwidgets|qt|winrt|winui3|winui2|winui|uwp|win32|win32|c|c++ gui|c++ modern ui|c++ cli|c++ winrt|c++ gui frameworks|c++ ui frameworks|c++ frameworks|c++ ui libraries|c++ uwp|c++ cx|c++ win32|c++ desktop|c++ app developer|c++ desktop apps|c++ win32 apps|c++ windows|win32 app development|c++ desktop app development|modern app|native development|learn c++|learn desktop app development|learn c++ for desktop|console vs desktop|uwp console","Lifestyle (parent topic)|Knowledge|Technology"
84,UCnNZgmQPzCmdfnJ5tAga2sQ,"Zero 2 Code","Learn coding from zero c/c++ Web Development JavaScript Python Java HTML CSS ",2025-08-26T03:51:29.390114Z,,IN,522,6,16,https://yt3.ggpht.com/87TCAHJjZ-cxmDhHXho-zHYX8o6GZkpCh91r8SMtB5XJTzFXND4yNamRE2BekIWJoPTvc_bIFA=s800-c-k-c0x00ffffff-no-rj,"html|Css|JavaScript|Python|Java|learn coding|C programming|web development|Web development|Cpp programming|learn programming|Coding tutorial|Zero to code|c programming tutorial","Lifestyle (parent topic)|Knowledge|Technology"
85,UCeRleletObydkUDGsORU9BA,LogicToCode,"This channel is all about learning programming in the right way, not just by memorizing syntax, but by ""thinking like a problem solver"". Whether you’re a complete beginner or a university student struggling with Programming Fundamentals, here you’ll find: 🚀 Step-by-step explanations of C++ basics 🧩 Logic-building exercises that sharpen your problem-solving mindset ✍️ Dry runs & flowcharts to help you understand what your code is really doing 🎯 Practice questions & exam prep tips to build confidence Programming is about breaking problems into smaller steps and finding solutions. Once you learn that skill, coding in any language becomes easy. So if you’ve ever thought, “I understand the theory but get stuck when solving problems” — this channel is for you. Together, we’ll turn logic into code… and code back into logic. 👉 Hit subscribe, start practicing, and let’s grow as problem solvers! ",2025-09-17T18:32:22.236734Z,,,8967,736,69,https://yt3.ggpht.com/zAbdyxTb6NshtVO9JdiZII5sjKTUEVwFGpi1mmKeDpv0YnLk1eOdWEsiW0ehhYFDYkr9GZO3=s800-c-k-c0x00ffffff-no-rj,,"Technology|Knowledge|Lifestyle (parent topic)"
86,UCPuH1Rxlw8oLtw9K8GdWNJg,"C Coding Guru","This channel is all about explain C programming. To start with simple program and continue with simple games as well. Usually to write a program we need understand the programming functions and combined with our own creative which will result in a Successful programmer. In addition to cover most commonly used program and lab exercise programs which had collected from multiple college and institution lab records. Subscribe our Channels and support this Channel. #CCodingGuru !! ",2020-11-08T16:40:16.908804Z,,,766,22,10,https://yt3.ggpht.com/ytc/AIdro_kMiWAoqVtzElgsoxDykhzz20nM5lm7OqUkKZv4Ct49Ag=s800-c-k-c0x00ffffff-no-rj,,"Technology|Knowledge|Lifestyle (parent topic)"
87,UCzIXOCBkW2AnmB6L2_9A7NA,vangodp,,2013-11-07T16:02:29Z,,ES,14749,66,9,https://yt3.ggpht.com/ytc/AIdro_krvU2SK3J2xjK68BoeG95nHFBzoZgd-o1xisSmZc1U=s800-c-k-c0x00ffffff-no-rj,,"Lifestyle (parent topic)|Knowledge|Technology"
88,UCdZXRglZA1S5MUjeTAfK7DA,"Multi Code","really want to program in a better way then this is the place u can learn",2018-02-17T10:54:14Z,,,128,6,9,https://yt3.ggpht.com/ytc/AIdro_ljQYyYA9EhuxvechfrXsnRQSOLxuwO9tzlo7g7NGhKKA=s800-c-k-c0x00ffffff-no-rj,,"Lifestyle (parent topic)|Knowledge|Technology"
89,UCPHNDN9Ih9sXgDxiX3t5kqw,"C++ Alliance","Our mission is to make the C++ programming language accessible and useful to anyone who wishes to learn and apply the language. C++ is not only popular and foundational, but also an efficient and general purpose programming language that anyone can learn. Teaching C++ gives students knowledge of computer architecture, and helps them compete in the global marketplace. These languages have formed the technological foundations of our modern world, from the in-flight software enabling the Apollo moon landing to the software aspect of all computing devices.",2019-11-30T23:18:00.723066Z,,,31149,142,17,https://yt3.ggpht.com/1WiHGNz96qyILyhc-xdo93NdB4LTUBvz6XflpTl-xig8PLWbumXG3WvrTD2BqVJ8OVPizjgJ4e0=s800-c-k-c0x00ffffff-no-rj,,"Lifestyle (parent topic)|Technology|Knowledge"
90,UCDFtE00WQBnEDlwm52EsMQw,"CODING WITH KAUSTUBH","Helping you learn programming from scratch — with C, C++ & Data Structures. Perfect for beginners, students & interview prep. Subscribe for free content! • Copyright © 2021 CODINGWITHKAUSTUBH- All Rights Reserved. ",2020-12-22T17:07:27.001637Z,,IN,39976,165,33,https://yt3.ggpht.com/6sjLqVQ2VWqQrsKCADXksWci7LhvG7LXhRpBuqSWZsbkIKpzA7i1kIEWjxxkPrZ9GkHxuGmm=s800-c-k-c0x00ffffff-no-rj,,"Lifestyle (parent topic)|Knowledge|Technology"
91,UCUYUFiuJ5XZ3JYtbq5dXRKQ,LearnQtGuide,"Tutorials and Video Courses about Qt , C++, Qt Quick and related technologies ----------------------Online Courses----------------------------------- Qt,C++,QML: https://www.learnqt.guide/udemy-discounted-9/ ----------------------Follow Us------------------------------------------ Website: https://www.learnqt.guide/ Twitter: https://twitter.com/learnqtguide Facebook : https://www.facebook.com/learnqtguide ------------------------------------------",2012-09-14T04:43:21Z,,,1095277,11500,167,https://yt3.ggpht.com/ytc/AIdro_n3VP6dOky6f2cd9rOhmJMnQDuz7AhiLIzVolRYHXHodeY=s800-c-k-c0x00ffffff-no-rj,Computer|Programming|Knowledge,"Knowledge|Technology|Lifestyle (parent topic)"
92,UCe0ZBziGk_gMxY6UrgR3mCQ,"C++ tips and tricks","I'm developing a high-quality and well-tested event-based C++ framework used by dozens of engineers at BMW. Over the last 8 years, I've not only mastered best practices and modern C++ features but also delved into advanced topics like software architecture, proper testing strategies, and asynchronous development. On this channel, I share valuable and concise videos about modern C++, covering topics like memory management, error handling, r-values, and compile-time computations.",2025-01-24T14:13:15.299038Z,,DE,8784,679,8,https://yt3.ggpht.com/n2FU4pNCIgfwcwjQfvojUJTpTUrB-38gb6cl4U_GAgDm-y5VCVz8MkYRLwX7jRW9HqHTsNmowxo=s800-c-k-c0x00ffffff-no-rj,"C++|STL|programming on C++|technical tips and tricks|c++ tricks|development C++|learning C++|how to write code on C++|STL tips","Technology|Knowledge|Lifestyle (parent topic)"
93,UC61uAdXOaLGXdIguAmH5R8g,"Chicago C++ User Group","The Chicago C/C++ Users Group is dedicated to enriching and expanding the usage of C and C++ within the Chicago development community. We meet approximately monthly in Chicago for technical presentations relating to C++. ",2022-08-25T03:44:52.866359Z,,,2531,128,7,https://yt3.ggpht.com/TZeuUj_Wty3W7Eh6f4bbVi53FJVeA4m7GB0jCTN8JT4s2qZk0bDY8utRlK0lfo5yR72GtjlS=s800-c-k-c0x00ffffff-no-rj,,"Technology|Knowledge|Lifestyle (parent topic)"
94,UCn5tczOpgOPllnOMfpimntg,"Coding Academy","Standardized education: --------------------------------------- • We are on a mission to provide free education for all education warriors in a competitive and costly education system. • We are here to help you in all the possible ways. • I am initiating a small step to educate the world. • Join us and be a part of our coding academy. “ The roots of education are bitter, but the fruit is sweet” Our main agenda:  C programming  C++ programming  Python  Software testing  Protocols  Operating system For enquiries: academyw3@gmail.com",2020-09-15T07:21:29.927598Z,,IN,302816,3260,17,https://yt3.ggpht.com/PcuVD9FEhHkVwCpB37nszByIUuYOstH7rchgOcbMQL279VWN1TMvt3m9fEOOnuTtHSK6JFzKUA=s800-c-k-c0x00ffffff-no-rj,"jahfar|Coding Academy|Coding academy|coding Academy|coding academy|#Coding Academy|#coding academy|Programming concept|programming concept|introduction to coding academy","Technology|Knowledge|Lifestyle (parent topic)"
95,UCIsjjoOXUc1RX_G5txEfsLQ,"language c & c++","every one can take the C and C++ language to be a perfect programming",2021-08-19T14:53:40.045184Z,,MA,0,111,0,https://yt3.ggpht.com/wgaAujdoenwyE9BsfatkunTVKJwQ5QkNYMijvuM951bgVYjfyL_RFg1SC2zXN5nhCLruNSrCDcw=s800-c-k-c0x00ffffff-no-rj,,"Technology|Knowledge|Lifestyle (parent topic)"
96,UC-C5m-nJgaU3HctApMm90_g,"Happy Coding With PRISHU","Welcome to HAPPY CODING WITH PRISHU!🌟 Dive into the exciting world of technology and coding with us! Our channel is dedicated to exploring the latest tech trends, programming tutorials, and innovative projects that empower you to enhance your skills and unleash your creativity. Whether you're a beginner looking to learn the basics or an experienced coder seeking advanced techniques, we’ve got something for everyone. Join our community as we share insightful tips, hands-on coding sessions, and expert advice to help you navigate the tech landscape. Don’t forget to subscribe and hit the notification bell to stay updated on our latest content! Let’s code the future together! 💻🚀 ",2024-09-16T05:56:08.963431Z,,,324910,21300,344,https://yt3.ggpht.com/Q3bdvpsKR7UEfaHzl1IZ_yYtVhkyGyRSblu4ECUOq_FLip3ndPXGuHx3uFTzvZ3Lsw93OSXFkh4=s800-c-k-c0x00ffffff-no-rj,,"Lifestyle (parent topic)|Knowledge|Technology"
97,UCEUgE9taJdKK4PFS_Gxo2Vw,"C++ Daily","C++ Daily for Everyone. ",2024-12-30T08:11:37.875124Z,,US,13901,99,12,https://yt3.ggpht.com/as1tD7H4N1zH7YzEPqBPwVN08l74yTGU4B8N1Yem-siUGsQ0SCOPfOFtYbMJhDUx6tGlMgUiiCg=s800-c-k-c0x00ffffff-no-rj,C++|Programming|Learning|C++11|C++17|C++20|C++14,"Lifestyle (parent topic)|Knowledge|Technology"
98,UCeiZXpO4-4UL8xpvYXkWXxw,CodeNCrack,,2025-08-15T08:16:12.916718Z,,,2429,14,9,https://yt3.ggpht.com/whohcPAk0nzDgyPkUZPXnVWHA4x7Z8DI1COb-3xSXcR6uS7hGNZ6XrgsMeOKM6n3wxRn_2ikMA=s800-c-k-c0x00ffffff-no-rj,,"Lifestyle (parent topic)|Knowledge|Technology"
99,UCeWUGkSD6foSqF8VcSyAVbA,"Fluent C++",,2017-08-29T21:52:18Z,,,80847,2130,21,https://yt3.ggpht.com/ytc/AIdro_mPqT5Lpqy-RtP-yqORjPFvVrPIdIPI1AaHUR0YXOX53A=s800-c-k-c0x00ffffff-no-rj,C++|cleancode,"Lifestyle (parent topic)|Knowledge|Technology"
100,UCnuBNSMoqL8k-00aLkOGlEA,Technophile,"Hi! I’m here to make programming simple and fun. Whether you're just starting out or looking to sharpen your coding skills, you’ll find tutorials, tips, and real-world projects to help you learn faster. Subscribe and let’s build cool stuff together! ",2021-05-26T12:33:49.046658Z,,IN,548,10,8,https://yt3.ggpht.com/AAWa7wwvU7-ZjqOFkYsMhzfWimfRdDSAF332xC-NDYZueJ4HgGvabWgbG0ZquD3HF-rkeBon=s800-c-k-c0x00ffffff-no-rj,"technophile|iamtechnophile|iamtechnophile1|programming|c++|cpp|coding tips","Lifestyle (parent topic)|Knowledge|Technology"
101,UCk226gt4hKciqWKYx13fZWg,CodeFromZero,"🔵 CodeFromZero – Every Pro Was Once a Beginner Welcome to CodeFromZero, the ultimate launchpad for anyone who dreams of becoming a developer but doesn't know where to begin. Whether you're a complete newbie, a curious learner, or a student seeking clarity — you're in the right place. At CodeFromZero, we believe that every expert once started from scratch. And so can you. 🧬 We're not just a channel — we're a mindset. We mix tech, design, education, and motivation — all into one. 💻 What You’ll Learn Here: ✅ C Programming ✅ C++ ✅ HTML/CSS ✅ And soon: Python, JavaScript, Git, and Full Stack Development! 🗣️ Our Mantra: “Every Pro Was Once a Beginner.” Start from zero. Build from scratch. Rise like a coder. So if you’re ready to unlock your potential, build your skills, and code your future — hit that Subscribe button and join the CodeFromZero revolution today. ",2025-08-05T17:50:17.918604Z,,IN,313,33,11,https://yt3.ggpht.com/4na2mwASL3UX4F238jbS7kM-QRAIbTfPtLQfr8W7N8s10MuMC_8xYHlp-jGFKMna6zzS3zs-Ow=s800-c-k-c0x00ffffff-no-rj,"LogicLoop|BoldBrackets|TechNerve|CtrlCode|Beginner to Pro|Programming Mindset|Future Coder|Digital Brainstorm","Technology|Knowledge|Lifestyle (parent topic)"
102,UCe-FYs6DatlwqpsXJUP2fhQ,Codeverse,"Welcome to Codeverse! This channel is dedicated to anyone who wants to learn programming in a practical and structured way. You’ll find full courses in C++, Python, app development, real-world coding projects, and helpful tips for aspiring developers. Join our community and begin your journey toward becoming a professional programmer! ",2012-06-26T21:35:22Z,,,13117,19300,43,https://yt3.ggpht.com/u94nu4bqVUmLDa_ROWmypJHWaz6pl7ssteRo_hgaOzCqa5NHtQ_dyTvqWoJgHPn4kHaksukNgg=s800-c-k-c0x00ffffff-no-rj,,"Lifestyle (parent topic)|Knowledge|Technology"
103,UCAsaiiAwzqKF4mWaiw2aTLQ,CodeCademy,,2024-11-22T10:23:08.420385Z,,IN,14,0,114,https://yt3.ggpht.com/Ie2tJ9W8OO7tjSiRn87xpkze7pG0uLm02ALIKH-QjX3kwiIP6ib7VtoZ3jFd-pUk4q0gnYd2=s800-c-k-c0x00ffffff-no-rj,,"Technology|Knowledge|Lifestyle (parent topic)"
104,UCETJcz1rZXxfjYdWAdwNX2Q,"Dr. Michael Miljanovic",,2014-11-03T01:26:40Z,,,29884,564,98,https://yt3.ggpht.com/LQ0vgjM8M4LgSwvp2KAv1CTIX6EM9rq7lZXH23KCuXpYWBBO1zr7FUdWOeOd59vbWfOGNkWMABM=s800-c-k-c0x00ffffff-no-rj,,"Lifestyle (parent topic)|Knowledge|Technology"
105,UCtn9jbpQOytWoZitC4bBL4Q,"Embedded C++ with MSVC IDE","After over 10 years of writing embedded C++ code for our SUB2r streaming camera it felt that there's something worth sharing with the community, so this is the story of moving towards C++ ecosystem in an embedded world of small devices. It follows the road from Eclipse IDE and outdated build toolchain to the modern MSVC IDE and up-to-date GNU and Clang compilers with support for state of the art tools like clang-format and clang-tidy, fantastic IntelliSense, transparent build integration, self-contained code in GitHub repo, and many reasons for using C++ over C for embedded development",2024-12-17T23:02:33.282145Z,,US,4173,158,16,https://yt3.ggpht.com/y9j58ZGnPrQ763UbQBeTN6KPXikiI9_gzArJ32bDeM7shZ7bJkW_K1U3YTFDXTmQxjNT06Cih9c=s800-c-k-c0x00ffffff-no-rj,"YePhIcK|embedded|C++|Cypress|FX3|ARM|MSVC|Clang|gcc|practical|tutorial|series|Open Folder","Knowledge|Technology|Lifestyle (parent topic)"
106,UCzJ2n5jxRXq5ug8VOm4YkTQ,"The Code Mind","Here, programming comes to life through practical C++ projects, real-world coding examples, and creative challenges. Whether you're a beginner learning the basics or an aspiring developer building your skills, this channel will guide you step-by-step through the world of C++.",2025-11-12T08:56:47.040078Z,en,,1533,47,50,https://yt3.ggpht.com/v21YmmmwKEjTbWWQUqiwHAH4HOUiXqo4-U1_N-Q82gLvAx1L_yOM2iOTVvvVYZiUpvJ8Z-_a=s800-c-k-c0x00ffffff-no-rj,,"Technology|Knowledge|Lifestyle (parent topic)"
107,UCIW41WLtY6z5Tn8Z5twUpcA,"TJ programming","🎯 Welcome to [ TJ programming ] , where you find your programming base question and answer💻 Are you passionate about coding, programming, and tech? You're in the right place! On this channel, you'll find: ✅ Easy-to-understand programming tutorials ✅ C, C++, Java, Python, and more ✅ Data Structures & Algorithms explained simply ✅ Coding projects and mini-apps ✅ Interview preparation and tips ✅ Live coding, challenges, and problem-solving Whether you're a beginner or intermediate programmer, our goal is to make coding fun, practical, and powerful for everyone. 👉 Subscribe and join our coding community! 📌 New videos every week! 💬 Drop your questions or ideas in the comments — we’re here to help. ",2025-04-10T13:08:52.235746Z,,IN,31705,28,40,https://yt3.ggpht.com/0Z3wN5K-2tmWEss4co7atG9WktR95R03fQa9VccS2X6lmjsiEl0KEit6hP7Pg6jG8EciQD0w8lo=s800-c-k-c0x00ffffff-no-rj,"TJ|programming|coding|c|c++|java|cprogramming|maths|languages|codedite|technical|TJ programming","Technology|Knowledge|Lifestyle (parent topic)"
108,UCx0lrfCKomdN5H7ZcuAjMDA,"Programming Atmosphere","Welcome to Programming Atmosphere! 🌐💻 Your go-to space for learning programming in a simple, clear, and creative way. At Programming Atmosphere, we believe coding doesn't have to be complicated. Whether you're a complete beginner or looking to sharpen your skills, this channel offers a calm and focused environment to explore: Programming tutorials (Python, C++, Java, etc.) Coding projects and real-life applications Concepts of Data Structures, Algorithms, and more Helpful tips for students and self-learners Problem-solving and logical thinking techniques 👨‍💻 Start your coding journey with us and build the future one line at a time. 🔔 Subscribe and join the Programming Atmosphere — where learning code feels natural. ",2025-08-07T07:23:43.63421Z,,PK,324,15,12,https://yt3.ggpht.com/6ENo360g59khfogegXre9X6Ic0iNgIVHHxOEqiT4lhjaLplfOSzVs8Y7w9HQpJgjSN25UlKdmA=s800-c-k-c0x00ffffff-no-rj,"programming|python|Android|Java|C++|PHP|Dev|Teaching|Coding|HTML|Flutter|SDK|Path|computer|Plugin|Visual|code with mosh|introduction to python|learn python|learn python programming|mosh hamedani|programming with mosh|python 2020|python 3|python basics|python course|python crash course|python for beginners|python from scratch|python programming|python tutorial|python tutorial for beginners|web development|Android studio|Build App|Visual studio|Visual Code","Lifestyle (parent topic)|Knowledge|Technology"
109,UCnTpHo9V2UObCy-vXTmlrxg,"Programing in minutes","C++ is a high-performance programming language that is widely used in the development of applications, operating systems, and computer games. This channel is a place where individuals can learn about and discuss the use of C++ for various projects. It may feature tutorials, code examples, and discussions about best practices for using C++. It may also include news and updates about the latest developments in the C++ programming language. Whether you are a beginner or an experienced programmer, a C++ programming channel can provide valuable insights and resources for improving your skills and knowledge of this versatile and powerful language. Subscribe us to get updated ",2021-01-31T06:26:26.630454Z,,PK,4704,96,17,https://yt3.ggpht.com/mpqCMwHlFSluO1Yx2hUgCC-Xd3Ih-RvUSw-bG6hCgfD6iRz-tGpLwfG-DUhekP2Z4JoS3A8OPg=s800-c-k-c0x00ffffff-no-rj,,"Technology|Knowledge|Lifestyle (parent topic)"
110,UCSxZnVqnm1AjYFzroczeCqQ,"C++ Better Explained","The official channel of C++ Better Explained, created by Sahil Bora. This channel is officially retired from new uploads. Thank you for being part of the journey. ",2015-02-27T01:29:34Z,,AU,93096,1290,70,https://yt3.ggpht.com/a6ymQAszpuxnk1k_UBCvwY91qOyrPh87epzEWn5VuRKFp8h6r38sDYNyz1CcOLlh5nSDqAGQldM=s800-c-k-c0x00ffffff-no-rj,"Programming|Python|coding|C++|scope|Alignment|Trivial|Namespace|Machine Learning|C++ better explained|data type|storage classes|function overload|C++ lecture|c++ tutorial|C++ type system|Translation units and linkage|Program termination|Lvalues and rvalues|Temporary objects|standard layout|POD types|learn C++|C++ objective|C++ language|c++ tutorial|c++ programming|learn c++|c++ tutorial for beginners|c++ programming tutorial|Function Overloading","Lifestyle (parent topic)|Knowledge|Technology"
111,UCHljizz9F5vLrUriosQ1FEQ,quantumstack,"🚀 Welcome to the channel where code meets chaos. If you want to learn programming without falling asleep, understand cybersecurity without corporate fluff, and stay updated on tech news that actually matters, you’re in the right place. 💻 What you’ll find here: Programming tutorials (C++, Python, systems & low-level concepts explained simply) Tech news broken down so it actually makes sense Mistakes, myths, and “why nobody told you this sooner” moments Occasionally unhinged explanations to make things stick 🧠⚡ 🔐 Whether you’re: A beginner trying to understand how computers really work A student aiming for IT, software, or cybersecurity Someone who likes tech but hates boring explanations …this channel is built for curious minds and future engineers. 📌 No fake guru energy. 📌 No overcomplicated nonsense. 📌 Just real skills, real knowledge, and real explanations. Subscribe if you want to outthink systems, not just use them 🔥 ",2025-11-13T22:30:22.687603Z,,,383,13,13,https://yt3.ggpht.com/dpnX7CvvhLBhkGwoBIHwDMrUMl1gcJjSBwEVvj_JY_iuepNBrQbGhDeIAoImpLfrJEw13ko0Ew=s800-c-k-c0x00ffffff-no-rj,,"Gaming (parent topic)|Knowledge|Technology|Lifestyle (parent topic)"
112,UCX5htCyrqvYy_1D7Axak4Ow,SJ,"Main objectives of the Channel are; 1. To share those videos which are created for demonstrating basic concepts of C/C++ language, Object Oriented Programming and other programming languages. 2. in these videos, we use simple and short programs to demonstrate and explain the concepts. 3. Every topic is covered using a step by step approach.",2008-11-22T04:43:39Z,,PK,2912,123,8,https://yt3.ggpht.com/ytc/AIdro_k2tp3v4pfFv_mebyYHHQ1q1LVIeIuOhdwD0IbMDKfj6w=s800-c-k-c0x00ffffff-no-rj,"Templates|Polymorphism|C++|Example|Programming|IT|Computers|Coding|Object Oriented Programming|Class templates|Vitual Functions|C language|Computer Programing|Computer Science","Technology|Knowledge|Lifestyle (parent topic)"
113,UCIxk4J6nZYkq_DADNBmKAtw,ZeroToPi,"🔥 Zerotopi | Decode. Disrupt. Dominate. Welcome to Zerotopi — the digital realm where code, chaos, and creativity collide. 🎮 What We Do: We create mind-bending coding challenges, dive deep into ethical hacking tutorials, explore tech facts, and build futuristic games and software. If you're a developer, a cyber enthusiast, or just someone who loves tech with a dark twist — you're in the right place. 🧠 Expect Content Like: Tricky coding quizzes & puzzles Ethical hacking guides (100% legal & educational) Tech breakdowns & programming concepts Original game/app creation ⚡ Why Subscribe? We don’t just teach tech — we make it thrilling. With dark aesthetics, powerful visuals, and challenges that spark your brain, Zerotopi turns learning into a digital adventure. 📅 New videos every day/week. 🚀 Join the movement. Become a digital warrior. ",2025-07-14T08:19:16.279917Z,,,4901,9,9,https://yt3.ggpht.com/fL13EQV4bWv80_L_e-vsLK8N7oGfOT5W_vATB-jp-TbkOznWJmFQ3YpUBwcwH6R4Gcr9xgvvNA=s800-c-k-c0x00ffffff-no-rj,"ZeroToPi|ZeroToPie|ZeroToP|ZeroToPy|0ToPi|ZeroToπ|ZeroToPii|ZeroToPiio|ZeroTopi|Zero2Pi|Zero2Pie|ZeroPi|Zero2Pii|ZerroToPi|ZeroToP1|ZeroToPii|Zero To Pi|Zero 2 Pi|ZeroToPie channel|ZeroToPi tutorials|Zero To Pi math|Zero To Pi programming|ZeroToPii channel|Learn math from zero to pi|Pi number explained|Math channel|Math tutorials|Programming tutorials|Coding from zero|Programming math|Pi in programming|Trigonometry basics|Math for beginners","Lifestyle (parent topic)|Knowledge|Technology"
114,UCHotSmWh4QMw_Z9rLzQ-w7A,"Prof. Éverton Santi","Bem-vindos! Neste canal postarei vídeos relacionados às disciplinas que ministro, especialmente da Escola de Ciências e Tecnologia da Universidade Federal do Rio Grande do Norte. Para qualquer demanda entre em contato comigo no email esanti.prof@gmail.com",2020-08-19T11:05:34.536454Z,,BR,59434,429,53,https://yt3.ggpht.com/B1mU-jyv4sqyExjpBlz51ELpCLQkpTntzmNBr9U8kDoqL8U1sGPPy1DwNzHtQRrF5P99ridT=s800-c-k-c0x00ffffff-no-rj,,"Technology|Knowledge|Lifestyle (parent topic)"
115,UCGWFwz2yEvBc4t9FjXpcM7w,"t funcoding","Hi guys! I am making videos on programming and data science . If these videos are helpful for you then subscribe my channel. Thanks in advance. ",2022-01-01T11:21:56.26034Z,,IN,181996,320,63,https://yt3.ggpht.com/mtjglfAIpVdvFhRfPvEVh3DVaF2WsAK1EX3d4ovtDXDA19jnpffI64Xq48QjLYr_e1OiOdVaPA=s800-c-k-c0x00ffffff-no-rj,"oops|cpp tutorial hindi|c++ programming tutorial|vs code with c++|learn C++ with projects|programming for beginners|learn coding|how to learn to code|programming language|python programming|learn to code|programming languages|top programming languages|best programming language|how to learn programming for beginners|java programming|cplus programming|programming channel|coding for beginners|coding in cplus|object oriented programming|programming languages","Lifestyle (parent topic)|Knowledge|Technology"
116,UCzc023H3k4nN6ShXQaiyD2A,"Make Game in C",,2015-08-08T16:46:57Z,,,4852,28,10,https://yt3.ggpht.com/ytc/AIdro_kLwbZ0GtwaELLQ3VP4fkroYRTFwTKx8AtQ7H9UDnwVR1Q=s800-c-k-c0x00ffffff-no-rj,,"Lifestyle (parent topic)|Knowledge|Technology"
117,UCnU9l3D7cZ_r0mvloWRC_0w,NR_AceCoding,"Data Structure, Algorithms, and Competitive Programming is the most powerful tool to get into any top Techies. We are NR_AceCoding, a programming training company that aims to train students and provide them a commendable proficiency in Programming by introducing a well-designed course containing every possible basic data structure to advance data structures including important algorithms beginning from the Programming language C++. Different courses are designed in such a manner that no student feels aloof in the world of programming, courses are divided according to the level of students, it includes live classes, Interview preparation, doubt sessions. Our main goal is not just to teach you data structures and algorithms but also to build the problem-solving skill inside you so that you can Ace at Coding. If you have written anywhere between 0 to millions of lines of code but want to get better then you are most welcome in NR_AceCoding.",2021-08-31T18:09:27.488158Z,,IN,16233,547,16,https://yt3.ggpht.com/QoNFRvt03Hpsd8a_8JolDIDPJ-OAje8AL9k56TtnP_HqgtLJkGOzApjg-c2iVxjcnASAoH_DrQ=s800-c-k-c0x00ffffff-no-rj,"Education|Algorithms|arrays|Engineering|HashMap|Set|Data Structures|Data Structure and Algorithms|Linked list|Binary Trees|Binary Search Trees","Lifestyle (parent topic)|Knowledge|Technology"
118,UC1wJF849Jet-QoSyk-37hSw,"Learn C++ and C/C++ Compiler",,2025-04-03T07:23:34.29571Z,,,0,0,0,https://yt3.ggpht.com/ytc/AIdro_m0TWGDJ1pPXYKd1OWZSHyNjjQEhHTuPiVpVP_rKDXXx93mplIIvtbIMrbtzIhsrc4YVA=s800-c-k-c0x00ffffff-no-rj,,
119,UCmx1t5ZJn1OR4QfZK7d8OKA,"Ashish Kumar Pandey",,2011-07-25T12:07:22Z,,,9280,238,11,https://yt3.ggpht.com/ytc/AIdro_mcCNzXQbjYDsds_Rgtmv96KCAqcCAjfkrGnOC1P-VwtDvO=s800-c-k-c0x00ffffff-no-rj,,"Technology|Knowledge|Lifestyle (parent topic)"
120,UCLwxqv5JdMtGMFQlurpiunQ,"Bernard Dumenu",,2025-08-16T12:34:16.478385Z,,,1126,11,27,https://yt3.ggpht.com/wdpW1qLWzUNgJ_JCwnzpqEbd2F2rROegQJiZHVVJ39a-tMpHIm8gAPLGMJYnbEL486vkKR7aBQ=s800-c-k-c0x00ffffff-no-rj,,"Technology|Knowledge|Lifestyle (parent topic)"
121,UC1dkO571jGLzSJcsOE-ESZg,"Code Blacksmith","Programming is a craft. Be the artisan. Practical lessons, tutorials and how-to's for your programming needs.",2016-02-29T16:24:02Z,,PL,233472,3360,44,https://yt3.ggpht.com/ytc/AIdro_lIus6nHNSjOq7kgTX_xfdz6-khTyf-UJo56hEG5QMt3A=s800-c-k-c0x00ffffff-no-rj,"c++|programming|tutorial|lesson|java|template|class|ood|oop|tdd|object|rust|how to","Technology|Knowledge|Lifestyle (parent topic)"
122,UC2m1d3D_qUCFGOUTmpz11MQ,"MyLegacy in Programming (Eman)",,2023-08-28T15:04:30.03506Z,,EG,22651,396,67,https://yt3.ggpht.com/HRzaGZhRx3GZMNGoeuI257xqbePx8jai-rVrbRLhvdXHk1Sva-TxzvhqCf_1wckzIFrxVNSAqK8=s800-c-k-c0x00ffffff-no-rj,"c++|oop|classes|pointers|functions|composition|aggregation|association|inheritance|templates|object-oriented programming|dynamic allocation|operator overloading|exception handling","Lifestyle (parent topic)|Knowledge|Technology"
123,UC8eRye9Lo1lspq19HTb9cnQ,"Freshers Coding"," Freshers Coding is a tutorials channel of Computer Programing Language will help you to learn more about coding including C, C++, C#, PHP, JAVA, Python, MySQL and much more for freshers or beginners in Hindi & English . How to start coding and learn coding and become a computer programmer for beginners. Published By :- freshers coding team & management E mail : fresherscoding@gmail.com #fresherscoding #freshers #coding C programming tutorial C programming tutorial for beginners C programming tutorial for beginners in hindi C++ programming language C++ programming tutorial C++ programming tutorial for beginners java programming language java programming tutorial java programming tutorial for beginners python programming tutorial python programming tutorial for beginners php programming tutorial php programming tutorial for beginners MySQL Tutorials ",2021-08-08T04:24:40.059101Z,,IN,7064,55,25,https://yt3.ggpht.com/7vU3tHbmdezi3JTEERFRx8UHXfzg43HkL6mN4lT-PoMsnrU68rDyRqq_gBCrc31Dr1VgPfvk=s800-c-k-c0x00ffffff-no-rj,"Freshers|Coding|C|C++|C#|PHP|JAVA|Python|MySQL|while|do-while|array|string|pointer|structure|function|collection|fresherscoding|fresherscoding|anil|anilkumar|Freshers Coding|Expert coding|C programming language|C programming tutorial for beginners|python programming language|python programming tutorial|java programming language|java programming tutorial|java programming tutorial for beginners|php programming tutorial|C++ programming tutorial|freshers coding|anil kumar","Lifestyle (parent topic)|Knowledge|Technology"
124,UCrg3ot2uEjn3jLs4PmeqEAg,"NWCPP - Northwest C++ Users Group","The Northwest C++ Users' Group (NWCPP) is a group of professional developers and hobbyists living and working in the Pacific Northwest who meet monthly to discuss trends, techniques, and technology regarding the C++ language and industry. The group meetings and resources are free, and anyone and everyone is welcome to attend. We are interested in C++, C, the D language, concurrency, scalability, performance, Boost, software engineering, design patterns, debugging, compilers, tools, functional programming, software architecture, machine architecture, DSLs, embedded software, test-driven development, cross-platform development, distributed programming, and more. More information can be found on our web site at http://www.nwcpp.org",2013-02-22T02:35:50Z,,,180930,1820,118,https://yt3.ggpht.com/ytc/AIdro_nVB7JPTf5vcc4VBPYBBJgqUXAhwaQvBGeYuVKbQwY=s800-c-k-c0x00ffffff-no-rj,,"Technology|Knowledge|Lifestyle (parent topic)"
125,UCV_YCp6YEC74RbgLn3ninag,DrCode;,"Welcome to DrCode's IT Learning Corner, a dedicated hub for tech enthusiasts eager to explore the world of information technology. On this channel, I, DrCode, share my passion and expertise in the C programming language, alongside a diverse range of IT courses. Whether you're a newcomer looking to start your programming journey or an experienced professional seeking to enhance your IT skills, you'll find comprehensive tutorials and insights tailored to your needs. This channel is more than just one-way teaching; it's a collaborative space where you can engage, ask questions, and contribute to a growing community of like-minded learners. Join us on a continuous learning journey where we not only share knowledge but also thrive on mutual growth and exploration in the ever-evolving IT landscape. Subscribe today and become part of our vibrant IT community! Email: drcodech@gmail.com ",2021-09-06T10:21:34.688109Z,en-GB,EG,363752,2330,17,https://yt3.ggpht.com/7Ft8vnKJojhs86vxOpvtV04VhmtcRgunSZZqS4WZoJzBZA6vrV_RBDP7_v80xt2okgqlHx_30Q=s800-c-k-c0x00ffffff-no-rj,"DrCode;|DrCode|C programming tutorial|C++ programming tutorial|Visual Studio Code tutorial|Coding for beginners|C programming basics|C++ programming fundamentals|Visual Studio Code setup|Programming tips and tricks|C++ programming for beginners|Code editor tutorial|Programming projects|Debugging in Visual Studio Code|Visual Studio Code shortcuts|C programming exercises|Visual Studio Code IDE|Error handling in C and C++|dr code|Networking Tutorial|Dr Code","Lifestyle (parent topic)|Knowledge|Technology"
126,UC3CO7JCZVmdnBfs46vBmuMw,blackedout01,"Combining physics and graphics programming",2023-04-12T20:57:50.049074Z,,,373785,17400,10,https://yt3.ggpht.com/yjYFenQI1woxBXp3Na8WnH8BPpW7hl2pEilRiUNj4FP14gQnmS_1E5WauHkUVIoVSQrvmZ8aJg=s800-c-k-c0x00ffffff-no-rj,,"Lifestyle (parent topic)|Gaming (parent topic)|Knowledge|Technology"
127,UC5--DzboXr7xurkNo5AcVsg,"Chris C",,2006-05-18T02:17:40Z,,,116050,132,19,https://yt3.ggpht.com/ytc/AIdro_lFx_wOY7_agdGEr5mrRAUYzq6qq-iZGzIUrkaqHyt6lg=s800-c-k-c0x00ffffff-no-rj,,"Technology|Knowledge|Lifestyle (parent topic)"
128,UCmTwwrHZOvwzTw3GV7kh1dw,"Premium Videos",,2024-03-24T02:44:58.578145Z,,IN,1546,23,49,https://yt3.ggpht.com/bzGyX9qYwOvHqldjd04vCxiAoimLRNDoLZ3eav8KR-LHdnKI7FBaQkxcu3cT8ewIZ2tA2F0h0g=s800-c-k-c0x00ffffff-no-rj,,"Technology|Knowledge|Lifestyle (parent topic)"
129,UCCkoJ73n6ztlK4dzluvjQzQ,cppzurich,,2023-09-27T13:57:36.558044Z,,,25111,478,13,https://yt3.ggpht.com/UFH2rfNt4TElsy67f-at_rT-2JBGAx7IRIgORlBWfkVtKEYmL7yVwEppJjXgQP8RHZ6x2m6zSIM=s800-c-k-c0x00ffffff-no-rj,,"Lifestyle (parent topic)|Technology|Knowledge"
130,UCYDK9gYTemf0lhOF3nCF4dg,"coding Java c c++ python data etc..",,2022-01-23T05:11:54.373367Z,,,62,0,3,https://yt3.ggpht.com/U7qGqkAE1S8PjwRoQFP7skk43eAwJOMuN8bZ6v_8EsCWWUXnkydlSGO8VEQ4B07tknLJjFY8Lw=s800-c-k-c0x00ffffff-no-rj,,"Music (parent topic)"
131,UCKMkZNVm6NBFuuNB1xnHbHQ,CodeLight,"Welcome to CodeLight, your go-to destination for quick and concise programming lessons! 🚀 At CodeLight, we're on a mission to make programming accessible and enjoyable for everyone, from beginners to aspiring developers. Our videos break down complex concepts into easy-to-follow tutorials, ensuring you build a solid foundation in languages like C/C++, Python, JavaScript, and more. Join our vibrant community, connect with fellow learners, and get the support you need to succeed. Whether you're aiming for a career in tech or just want to expand your skillset, CodeLight has you covered. Stay updated with our latest content by subscribing and hitting the notification bell. Let's code together and unlock a world of opportunities in the digital age! CodeLightFor The Sake Of Coding, Code For Fun 🖥️🌟 ",2023-09-23T10:14:26.322428Z,,,582,4,8,https://yt3.ggpht.com/1d0DGG63vq4FKJHkSccp1FIrQ0eLBBJjW2lVs6ndyugJHw_uNHht4kWuopbgNlmwcfe5Cpqfcg=s800-c-k-c0x00ffffff-no-rj,,"Technology|Knowledge|Lifestyle (parent topic)"
132,UCiZ_dqWX_3bfvAiqOgfEDZg,"c++ tutorials","This channel contains c++ tutorials, from basic level to the pro level by Kandarp Patel.",2017-01-19T13:49:45Z,,,8551,43,8,https://yt3.ggpht.com/ytc/AIdro_mRsRlX6qqQ6D1x-OWPsZgqtaxuCwjd221klb9Dm1oYFA=s800-c-k-c0x00ffffff-no-rj,c++|tutorials|with|learning|and|best|tutorial|awesome|videos|explanation|east|to|learn|create|interest|of|ones|in|computer|science|amazing|graphics|electronic|music,"Technology|Knowledge|Lifestyle (parent topic)"
133,UC6acO39qQPoHJR6x-V2L4Wg,"Code with Gulshid ","🎓 Welcome to My Educational Channel! This channel is dedicated to helping learners from Matric to University build strong programming and development skills. 🚀 Whether you’re a beginner or looking to master advanced concepts, I make learning simple, clear, and practical. 💻 What You’ll Learn Here: 1.Programming Languages: C, C++, Python, HTML, CSS, JavaScript, Dart 2.Mobile & Web Development: Complete Flutter Development Course 3.Computer Science Concepts: Data structures, algorithms, OOP, databases & more 📚 My teaching style focuses on hands-on practice with examples, assignments, and projects to build real-world skills for academics, freelancing, and professional careers. 🔥 This channel is for students, beginners, developers, and anyone passionate about technology. 👉 Subscribe now and let’s grow your coding journey together! 🚀 ",2025-08-10T09:36:54.474626Z,,PK,5312,85,167,https://yt3.ggpht.com/iqwbvT2VUZ371Wykjr8Ftji6yg44-1PZk8nIFhgP97p0oSgI4tT7WMFUZwjMDGAApmmD7Q8CeA=s800-c-k-c0x00ffffff-no-rj,"C++|C|Python|Flutter tutorial|Flutter MVVM architecture|Flutter with Provider|Firebase for Flutter|Flutter state management|Flutter full app tutorial|Flutter Firebase authentication|Flutter Firebase storage|Flutter Firebase Cloud Functions|Flutter e-commerce app|Flutter app development for beginners|Flutter projects step by step|Flutter Firebase integration|Mobile app development tutorial|Dart programming tutorial|Learn Flutter from scratch|Flutter 2025 tutorial","Technology|Knowledge|Lifestyle (parent topic)"
134,UCvjOwciTAi9Vw6Km2PAF0gA,"C++ Fever","Hi programmers, I cover each and every program in C++ from the ground to the sky. You might have googled a program and found it difficult which passes through your brain. I try to cover everything easily for the young minds to understand. Thank You ",2021-07-23T20:02:38.179752Z,,,927,4,8,https://yt3.ggpht.com/3Bo8U5xfAzjp3gw8m_VNsP9EsI1OQ02VuaoWVcNqX4jvpdr2-G1cAo5I_C6kk-05RhawivkH=s800-c-k-c0x00ffffff-no-rj,,"Lifestyle (parent topic)|Knowledge|Technology"
135,UCaq0dFhPUDVfkoaWRmAHtNQ,C++WithOmkar,"🚀 Learn C++ the smart way! 💡 Problem-solving, dry runs, flowcharts & logic — made simple. 🎯 No face, just pure code! Subscribe to level up your coding. ",2025-07-23T12:15:53.016245Z,,,888,59,12,https://yt3.ggpht.com/p2KtYKSWfsJ9YUyyKMJMI0lFVi04V3BacLvt_Qn95KTe-5hC-oFJGROnyWhvuFPyO-vX__uG=s800-c-k-c0x00ffffff-no-rj,"cppWithOmkar|C++ programming|C++ tutorials|C++ for beginners|dry run C++|DSA in C++|C++ logic building|learn C++|problem solving|coding without face|flowchart coding|coding channel India|competitive programming|simple C++ explanation|C++ full course|C++ step by step tutorial|C++ crash course|C++ programming language|learn C++ from scratch|C++ explained simply|easy C++ tutorial|C++ programming for students|how to start C++|simple C++ programs","Lifestyle (parent topic)|Knowledge|Technology"
136,UCrbwlD9Tb99ueCcO4uEY5eQ,"Perfect Programmer","we try to provide you the new and amazing c/c++ projects with source code stay connected for more good stuffs.",2016-09-01T08:39:47Z,,,29356,141,13,https://yt3.ggpht.com/ytc/AIdro_mtcXEhRF9yN7LCrM_QVyJ6ZPwi6KiYbLSQFCTPkgLdOA=s800-c-k-c0x00ffffff-no-rj,,"Lifestyle (parent topic)|Knowledge|Technology"
137,UCspNjPXCpX1npZXFFvY_E0Q,Skjsjajnanmanajzi,"Welcome to CodeCraftCPlusPlus, your creative hub for exploring the world of C/C++ programming! Embark on a journey with us as we delve into the artistry of coding, unlocking the potential of these powerful languages. From crafting elegant algorithms to sculpting efficient solutions, our channel offers a wealth of tutorials, projects, and insights to inspire your coding endeavors. Whether you're a seasoned coder seeking new challenges or a beginner taking your first steps into the world of programming, CodeCraftCPlusPlus is here to guide and empower you. Join our community of passionate creators and let's embark on this coding adventure together!",2024-02-16T03:51:25.525674Z,,IN,131,1,8,https://yt3.ggpht.com/71EsFvyFTXOEsBQamxhYu4Uf89BchvLm7wdi1wXl_mBi_jhk2umoWhhAnBH2JBYwsFfDyKfVXA=s800-c-k-c0x00ffffff-no-rj,"Beginners|C programming|C++ coding|Learn C|C++ basics|Code tutorials|Programming tips|C examples|C++ examples|Software development|Coding basics|Algorithmic thinking|Opp in c++|Data structures|Code optimization|Debugging techniques|C pointers|C++ classes|File handling|GUI programming|Game development|Networking in c|Best coding practices|Code review tips|C compilers|C++ IDEs|Open-source coding|Code refactoring|Secure coding","Technology|Knowledge|Lifestyle (parent topic)"
138,UCgPyXh3ESa1wfbisenvMfUg,"Xplore Coding","Welcome to my channel Xplore Coding! On this channel, I teach C and C++ programming Step-by-Step. If you want to learn C and C++ programming, consider subscribing. ",2021-07-19T10:30:56.731688Z,,IN,2809,9,8,https://yt3.ggpht.com/mUQlkKEY_zmMvhvU5CdVjv3Ntsrk6E8_rT6w6iiLlcdlds7RvM_XH7RJsCCvgNseRrJBfS3rGg=s800-c-k-c0x00ffffff-no-rj,"c++|programming|coding|beginners|tutorial|visual studio code|shanthi nithy|xplore coding|c++ programming|learn online|how to code for beginners|step by step","Technology|Knowledge|Lifestyle (parent topic)"
139,UCsKe68uN3UBsEkw19h5tYlQ,"Computer Programming Teacher","C is a high-level and general purpose programming language that is ideal for developing firmware or portable applications. Originally intended for writing system software, C was developed at Bell Labs by Dennis Ritchie for the Unix Operating System (OS) in the early 1970s.",2016-09-05T19:54:30Z,,PK,40326,339,30,https://yt3.ggpht.com/ytc/AIdro_kDZSdrS94vjvS2KzojdTHaZuDF13l5eHF2eMcxKlXDyWM=s800-c-k-c0x00ffffff-no-rj,"C++|Programming Language|Top Programmers|Advance computer language|C++ Basic|In urdu|Largest hub of Tutorials|C Sharp|Computer Programming|Computer Programming Teacher","Technology|Knowledge|Lifestyle (parent topic)"
140,UCf-o2lv6drmVc8ExHE059lw,CppMasterMind,"💝گزر جائے گا یہ وقت بھی ذرا صبر تو رکئے✋ 💞جب خوشی نہیں ٹھری تو غم کی کیا اوقات 😎 ...............WELCOME TO MY PROFILE ............. 🔹 cppmastermind | Mastering C++ One Line at a Time 💻 Fueling logic with code and solving problems the C++ way. From pointers to polymorphism, templates to STL — I dive deep into the core of C++ to build clean, fast, and powerful applications. 💡 Focus Areas: • Data Structures & Algorithms • Object-Oriented Programming • Competitive Coding & Optimization • System-Level Programming 🛠️ Writing code that speaks performance. 📚 Sharing tips, projects, and tutorials to help others crack . ..........................THANK YOU GUYS................. ",2025-09-02T07:41:31.26314Z,,PK,19699,53,72,https://yt3.ggpht.com/2rSywYppB41c3_JOSkrsFhUlOmLmj2_2ucGZx319B1k5Rk0xYPcOiWZ-gdmY2I3TOKawnCW6=s800-c-k-c0x00ffffff-no-rj,"Cppmastermind|Learn c++ programming|C++ for beginners|C++ tutorials in urdu|C++ short vedio|Basic to advance c++|Programming with c++|C++ problem solving|How to code in c++|C++ language tutorials|C++ project|C++ patterns program|Daily c++ short|Easy c++ explanation|Urdu coding tutorials|C++ logic building|C++ practice program|Master c++ fast|Learn to code c++|C++ for students","Lifestyle (parent topic)|Knowledge|Technology"
141,UCo2gC3EcC96Zz4sENWvR6qQ,"Cpp Usergroup Dresden","This channel hosts the video recordings of talks held at meetings of the C++ Usergroup Dresden. Content administrator: Andreas Reischuck Bernhardstr. 71 01187 Dresden",2014-12-11T23:59:51Z,,DE,29424,520,43,https://yt3.ggpht.com/ytc/AIdro_mCdAPAKGe_6dKO-DJPJkGhUgJo9AiFp58-qRIAFAvH7g=s800-c-k-c0x00ffffff-no-rj,C++|Programmierung|Usergroup|Dresden,"Technology|Knowledge|Lifestyle (parent topic)"
142,UCxW_zjKbMpF3nKntf5hdMUg,"C Plus Guy","• Welcome to The C Plus Guy! 😎 This channel is all about mastering embedded systems, digital electronics, and programming through the unique concept of C+. If you’re a C developer looking to expand your skills by leveraging C++, without losing the simplicity of C, you’re in the right place. • Here, you’ll find tutorials, coding tips, project walkthroughs, and insights into microcontrollers, circuits, and software-hardware integration. C+ bridges the gap between C and C++, empowering developers to write modern, efficient, and scalable code. • Whether you’re an embedded engineer, a curious developer, or a tech enthusiast, this channel is your hub for innovation and growth. Let’s explore the tools, techniques, and ideas that shape the future of development. • Subscribe 🔔 to join a community passionate about learning, building, and creating. Together, we’ll unlock the power of C+🖥️. ",2024-11-24T21:14:49.19513Z,,US,2723,62,14,https://yt3.ggpht.com/HUTdaUnskZ0fGoyq2oEBod1KMFvPVnZOpm6dMD1j6cuH6nAVU23p5-Dxx_PSNBbr9gfoY_IFtQ=s800-c-k-c0x00ffffff-no-rj,,"Technology|Knowledge|Lifestyle (parent topic)"
143,UCRWff-c7S5Gmm_400N453GA,Akshaya,,2010-09-08T20:53:11Z,,IN,1711,75,12,https://yt3.ggpht.com/ytc/AIdro_mh1s0FP33jMdI9Qt2e85PQUcZTwpKCl1jhemDb0oAuEg=s800-c-k-c0x00ffffff-no-rj,,"Lifestyle (parent topic)|Knowledge|Technology"
144,UCknaYjGSVkZiJIvO1JeT0vA,"C,C++ ,python,java ,,,AI","This channel will provide to run program(code)only learners who want to be learn now @",2025-10-18T16:19:51.904977Z,,,847,1,8,https://yt3.ggpht.com/d0vOaVwPVfZSEIAsyvwsSUwzFgHKEoaLVhFFdiW3qdadLbGOlE-HhIh239-XDfpERpS71alGPg=s800-c-k-c0x00ffffff-no-rj,,"Knowledge|Technology|Lifestyle (parent topic)"
145,UCwHUYi7PXSgsaQ2pOLbM0eQ,"Lets Execute C Plus Plus","The main purpose of this channel that we will Execute C++ on the ""Turbo Integrated Development Environment"". All B.sc level programs of C++ will be executed. You will learn about usage of Turbo Integrated Development Environment. You will learn about C++ and much more. ",2020-08-18T03:39:10.372835Z,,,41729,306,58,https://yt3.ggpht.com/ytc/AIdro_mHdywBuvpC5vAF9MwpG7NmB2LkRI8FSoHTyi4H1B--lQ=s800-c-k-c0x00ffffff-no-rj,"C++ programming|learn C++ programming|lets execute c plus plus|how to program|turbo C++|how to learn c++","Lifestyle (parent topic)|Knowledge|Technology"
146,UCN7DqecqDjW6OSFYuw9TTGQ,"Code Academy ","Welcome to Code Academy – Learn AI. Unlock Your Future. At Code Academy, we simplify Artificial Intelligence for everyone. Whether you're a student, tech enthusiast, or working professional, this is your one-stop destination to master AI technologies through beginner to advanced level courses. 🎓 What You’ll Find Here: In-depth tutorials on AI, Machine Learning, and Deep Learning Hands-on coding walkthroughs using Python, Java, JavaScript, TensorFlow, etc. Concept explainers on neural networks, NLP, computer vision, and more Real-world AI projects and mini-challenges Career guidance, learning paths, and industry insights We believe AI is the future, and it's time to equip yourself with the skills that matter. Subscribe and start your learning journey today! ",2021-05-14T17:37:12.427317Z,,IN,53522,138,11,https://yt3.ggpht.com/YVlXNSBhnCA5K73QPkVedwIMm3Ee8EtsrdSsifpR0ph3lXJumR1tP3c2ld-6LjoOCBWhExme-CQ=s800-c-k-c0x00ffffff-no-rj,"Academy|Code|AcademyCode|codeacademy|academycode|codeacadem|Code Academy|academy code|code academy","Lifestyle (parent topic)|Technology|Knowledge"
147,UCoOGRudYz96DpjuQYnYQvCQ,"C++ Codes","Hello Friends! Hope you're having a great day! I heartly welcome all of you in the C++ Codes channel. This channel contains C++ programming language videos, Turbo C++ tutorials, C++ Graphics projects, short tricks of turbo C++, swags unboxing and mini vlogs.... etc. Thanking You! ",2017-07-13T07:09:46Z,,IN,27760,240,28,https://yt3.ggpht.com/Or9DNTtA5GG_p2lCfAn61zFPFSpeArMJe6RXnnwvERBPd1gfFWHL2xfcqzUAcdydvO3kgcY1=s800-c-k-c0x00ffffff-no-rj,,"Technology|Knowledge|Lifestyle (parent topic)"
148,UC-tgfrHFiI-e1XiDXNdsOtw,"Modern C++",,2022-07-01T21:46:23.343432Z,,,8159,47,10,https://yt3.ggpht.com/zzCf5Z0cAnoOeAvQ7SxWaDFMVBu5jrtjQrPTlNNw7881TKSR1a7PM2ENddemlmbYurhBlyIW=s800-c-k-c0x00ffffff-no-rj,,"Technology|Knowledge|Lifestyle (parent topic)"
149,UCW__JhPbiLu79Eu3FU9EhBQ,"C++ Programming Tutorials","This C++ programming training will consist of several lectures. Aim of this tutorial is to learn the basic building blocks of computer ... C++ is a general purpose object oriented programming language. It is considered to be an intermediate level language, as it encapsulates both high and low level language features. C++ includes several operators such as comparison, arithmetic, bit manipulation, logical operators etc. One of the most attractive features of C++ is that it enables the overloading of certain operators such as addition. A few of the essential concepts within C++ programming language include polymorphism, virtual and friend functions, templates, namespaces and pointers.",2016-12-24T04:22:05Z,,,94,2,10,https://yt3.ggpht.com/ytc/AIdro_nbbx9s7Y78Lc0AJAlM_U-sa7n4Wb5eFoiRTPE1mTBVrg=s800-c-k-c0x00ffffff-no-rj,"programming tutor|c programming course|learn programming","Technology|Knowledge|Lifestyle (parent topic)"
150,UC5GMIy3RNjKLQivTk6y1oYQ,StarCoder,"This channel is created for the practice of questions related to coding and also get the overview of concept which was very helpful in questions solving. Here you will get questions from begginer to high level to improve your coding skills I also have created a playlist of C++, so please all excess it to take advantage of it. Good luck 👍 ",2020-02-13T18:34:15.819861Z,,IN,5649,186,44,https://yt3.ggpht.com/d1BWOSBYkEpFPE4uKn-dt7Hzbm6cBBssjg4Zti1jPV4kxZyJnv0jwHrhND_yNt9T4kLUPrVSLg=s800-c-k-c0x00ffffff-no-rj,"starcoder|programming|coding|C++|C|Star coder|perfect channel for beginners|Question practice|Programming in hindi|Code with raj|Concepts of coding","Technology|Knowledge|Lifestyle (parent topic)"
151,UCrwfMwi_r4OHycJu5Ia5Bdw,"Programming With Me","Hi This channel is all about programming coding and more. Subscribe to our channel for more videos. ➡️Computer Graphics ➡️C/C++ ➡️Programming Shorts ➡️PHP ➡️Java ➡️Shorts ",2021-01-12T09:46:12.758856Z,,IN,34507,179,79,https://yt3.ggpht.com/ytc/AIdro_mOSmOFQ3lYmorXkHga5pMiD-zR1Y70aeyZpnM8LieUKg=s800-c-k-c0x00ffffff-no-rj,,"Lifestyle (parent topic)|Knowledge|Technology"
152,UCjztcYC90WWMmQ2kAex31Gw," Magical C","#c programming #c graphics #graphics with c #graphics programming using c #graphics programming #coding #programing #man walking in c #c++ #c++ coding #c++ programs #face making in c #face making in c++ 2d graphics project Graphics project C programming project #getting started with c #graphics in c programming #making a game in c #computer graphics in c #coding graphics in c #man walking in rain #graphic program of man walking in rain #turbo c/c++ #how to do coding in c",2022-10-21T06:56:11.837379Z,,,780,11,16,https://yt3.ggpht.com/sL26OHsyr8NOXeByVDIQm2H985rppZT6s6GWSyAnhubhlu2i1_IToWwgWfM2UkvPL3t5fJoJzms=s800-c-k-c0x00ffffff-no-rj,,"Lifestyle (parent topic)|Knowledge|Technology"
153,UCaBzZb5u40iaMxYNKz2_lSg,"Satpal Singh Gill","On this channel, you'll discover a wide range of educational content, with a special emphasis on computer-related topics. Whether you're looking to enhance your programming skills, dive into computer science fundamentals, or learn about the latest software and technologies, this channel has you covered. Our videos are designed to simplify complex concepts, focusing on teaching logic, programming languages, and tools that help you build a strong foundation in computing. Whether a beginner or an experienced learner, you'll find valuable resources here to advance your knowledge and skills.",2011-06-18T17:22:05Z,,IN,112404,1410,196,https://yt3.ggpht.com/WQ-Ez4qPF28hR1BJnSxpw-tvkKc6rdNNoKJRo08oN08U61N0DY-HCENwV12SNyvkg8x937rZ1A=s800-c-k-c0x00ffffff-no-rj,G-arts|by|Satpal|Singh|Gill,"Technology|Knowledge|Lifestyle (parent topic)"
154,UCBCXNNt9LpwluUyrorvlayA,"C programing Language","Assalam o alaikum dosto ma ap logo ko is youtube channel se C programming Language ka complete course k bare ma bataonga k ap kis tara C++ program use kar sakte ho. ",2020-04-07T02:21:16.354237Z,,PK,214,7,9,https://yt3.ggpht.com/ytc/AIdro_mD92gwr92STdsEtFhjim8NozABPSkZi7G-nUkr0-SReA=s800-c-k-c0x00ffffff-no-rj,"C++ is the most impotent language.","Technology|Knowledge|Lifestyle (parent topic)"
155,UCttc_fhYE-PB9eW8OzqyZ-w,"Code With Muhib","tiktok.com/@pak.programmer Assalamu Alaikum guys it's muhib our channel name is ""programming languages in pashto"". In this I am upload those videos which are related to programming in pashto language. We have approximately total 9945 programming language and we are upload just those which are related to these all languages. First of all I am starting the first one and basic programming language c on this channel. After completing the c programming language I am going to upload a course in which I am collect all common topics from 9945 programming languages. After this unique course completion I am start for you guys c++, java, JavaScript and so on and these all languages we can easily learn because we need to learn the keywords of different languages and the topics which are changes in this because before these all languages we were definitely completed your unique course. ",2024-08-17T13:57:40.357576Z,en-GB,PK,772155,1680,303,https://yt3.ggpht.com/3bAftRAPhXyXh9iWOY4hEX4WeUvpRidgs3Ou02FReLs3WhjYkFIiGMbl-4l9qPfi4FIt1tNcZA=s800-c-k-c0x00ffffff-no-rj,"CodeWithHarry|CodeWithMuhib|coding with muhib|Apna College|Programming with muhib|Code With Muhib|Muhib With Code|programming with muhib|codes with muhib|muhib coding|coding with muhib youtube channel|muhib code channel|programming languages with muhib|muhib code|coding channel|coding languages with muhib|advance coding with muhib|conding in 2024 with muhib|coding in 2024 with muhib","Technology|Knowledge|Lifestyle (parent topic)"
156,UChOxRYCuJBCC3Bv4aA_OM5g,"Krishna Rana",,2021-01-24T05:41:57.342611Z,,,1080,22,26,https://yt3.ggpht.com/ZbcKm7r9OvHiXGz8Ft5uuTrd9knbM0izPxcz_mzImdN4Fq7jqGBMme67NLv0dXj3cOesdY4X=s800-c-k-c0x00ffffff-no-rj,,"Knowledge|Technology|Health|Lifestyle (parent topic)"
157,UCAVMdClayYbB05LuGwrHISg,CodiesHub,,2023-02-25T08:00:18.842556Z,,PK,7480,56,16,https://yt3.ggpht.com/9SLsMZAJrPLbcQdHHoTt1aifcY4Ctqg_sUOJ9NRXcJvKOmslpOPP-tAgsWwY7Ib83pIrbk4ARQ=s800-c-k-c0x00ffffff-no-rj,"Codieshub|codohub|CodoHub|HUB|code|hub|CODEHUB|CODOHUB|Codinghub|CODING|Coding|CODIESHUB|CodiesHub|codieshub|codies hub|code hub|coding hub|Codies Hub|codies hub","Lifestyle (parent topic)|Knowledge|Technology"
158,UCsnTzFS7njMBZAyshWnGq5A,"Md Salamat C++","Hi guys here you can Start C++ from beginner I'm MD Salamat Rain, Basically i make this channel for improving skills,who is interested to become programmer in their future. Who make their carrier in C++ programming from so beginner .",2022-06-08T09:04:47.097792Z,,,4189,42,15,https://yt3.ggpht.com/TwSweA_71rmxhD89ig6XPJE9O3zhEA5Jeg5t87eiSG6SfmnoxVOPiLfaS2Xb17E4yfm6-qJw=s800-c-k-c0x00ffffff-no-rj,,"Technology|Knowledge|Lifestyle (parent topic)"
159,UCEgKnQ_yiwIzO0D6G1XTqAA,"Dr Muhammad Sanaullah","I am Dr. Muhammad Sanaullah, serving as an Associate Professor of Computer Science in the Department of Computer Science at Air University, Multan. My research interests include Applied Computing, Designing and Development of Smart Environment, Semantic Web Technologies, Image Processing, Artificial Intelligence, and Data Science. I have been associated with the computing discipline since 1998. Teaching is my passion; therefore, since 2002, I have been teaching at various levels in different institutes and universities. Many of my students have motivated me to upload lectures on computing and related courses. Feeling it as my obligation toward society, I have started this channel.",2025-10-13T12:34:31.698374Z,,PK,4379,198,14,https://yt3.ggpht.com/4qF7R4RoXaauopJPngfA9kuqvVDzg0bBYDO5ObV0Nq34K6Kran4lP5I1tTzGszV8Upb3Pbs_rA=s800-c-k-c0x00ffffff-no-rj,"Programming|Computer Science|Artificial Intelligence|Data Science|Cyber Security|Software Engineering","Lifestyle (parent topic)|Knowledge|Technology"
160,UCcqb4pJvQOU4Vkg-_OXt3Qg,"Programmer Vicky ","Hello Guys ..... I'm Vicky From Maharashtra. I'm a BCS Student & Learning Programming ... This Channel Is Created For Providing Solutions of Programming Problems... We will provide regularly programming examples of C, C++ and Java Languages.... Contact Us For Any Enquiry / Doubt : Email :- vikaspawarofficial@gmail.com Keep Loving 💓 Keep Supporting 💓",2022-07-21T16:04:23.48146Z,,IN,496,53,10,https://yt3.ggpht.com/NidoPPYmfzhgEETWh1xD4iC-8ZVGmKY4nwLttYwh4CZV7Y3gjagg6T9Q0tAiei-aizEtcDB2Aw=s800-c-k-c0x00ffffff-no-rj,"Programmer|Vicky|Coding|Programmer Vicky|Programming Vicky|Program With Vicky|Programmer Vicky|Code With Vicky|C Programming Language|Programming Problems","Lifestyle (parent topic)|Knowledge|Technology"
161,UCsD3niM62ra3bAfV3XWT1Gg,incrode,"Understand it. Break it. Rebuild it better. Here we deep dive into : Systems Programming (C, C++, Rust, Assembly), Reverse Engineering & Debugging, Linux, Embedded, and OS Concepts, Code Projects, Tools, and DIY Hacks, Learn how software really works — under the hood.",2025-06-29T12:42:56.519513Z,,IN,719,7,14,https://yt3.ggpht.com/gkCOnEkM5DmqnuM2TIIGt3E1ouxFgUU_GMvcdkUULUxSboItWTPqGsvEdQvNSf08W1amsfoK=s800-c-k-c0x00ffffff-no-rj,"incrode|MySirg.com|codewithharry|CodeWithHarry|CodeWithHarry|sheryians|sheryansh|shery|sheryans|sehereyan|sairiyansh|sairiyans|coding|sheryash|programming|Low Level Game Dev|Sheryians Coding School|Chai aur Code|Apna College|C language tutorial|code with harry|code withharry|codewith harry|python code with harry|code with harry python|Code With Harry|coding school|sheryansh coding school|sher coding school","Lifestyle (parent topic)|Technology|Knowledge"
162,UCBLthWZ0AdU-tTpKCBs8PGQ,Kofybrek,"This channel is about having fun with programming! Here you'll find cool algorithm visualizations, game development, working with artificial intelligence and machine learning, etc. I use C++ most of the time because it's my favorite (and also the only programming language I know). For the graphics, I use SFML (Simple and Fast Multimedia Library). ",2021-06-07T10:17:59.592227Z,,US,700521,13500,25,https://yt3.ggpht.com/gHFnpu1uUsQSvonz_gyFkVOTEqdpOrsPO8V9Z3hgjspZv0XFzNnG59dd1P0wakmTojtvYINNLpI=s800-c-k-c0x00ffffff-no-rj,"c++|code|coding|cplusplus|game|gamedev|programming|programming languages","Action game|Gaming (parent topic)|Puzzle video game"
163,UCEv2JZ6kOmjxcUT1vRUb0Ow,CodersnHackers,"Here you will find tutorials on c/c++ programming. Magical c and c++ .... Stay tuned for updates ....",2012-11-25T14:47:32Z,,,22926,34,13,https://yt3.ggpht.com/ytc/AIdro_lN29viFmBihgI38P2DWQhijrqRF2A3Vwm2Pppu6XU=s800-c-k-c0x00ffffff-no-rj,"ccppcoders|tutorials|c++|programming tutorials|C programming|c tutorials|C++ tutorials|C++ programming|c programs|c++ programs","Lifestyle (parent topic)|Knowledge|Technology"
164,UC3PsI8rGlCb8R7KLBz0bGfA,PunchedTape,"Software Development. In particular, C++.",2021-09-12T00:14:46.39905Z,,US,90383,827,19,https://yt3.ggpht.com/Dn8DomEUBkO7rOnW_Baq5d19jtP7pwmNoxReMTm7xAH60_--JWiTSxbU4U4caR2NVSgA9xpQGA=s800-c-k-c0x00ffffff-no-rj,"programming c++ linux games projects","Lifestyle (parent topic)|Knowledge|Technology"
165,UCJ_s9LpzhTfzEQh8OfYzIog,"Code Cortex",,2025-10-24T19:16:22.397971Z,,,1936,15,11,https://yt3.ggpht.com/nU5A51k3c40G6qcecjtiqYu2PGxNmLQiTVA2EC8SI3ttRoThNX2sXbq3JYFdyBcJB373eryJzSg=s800-c-k-c0x00ffffff-no-rj,,"Lifestyle (parent topic)|Knowledge|Technology"
166,UC7OQVDq6yRs9mzny9xoYQjw,"code with me "," Hello everyone! Welcome to my channel Code with me Subscribe this channel for upcoming c and c++ lacture video for beginners and diploma bsc students ",2024-08-16T16:24:54.858702Z,,,14802,89,18,https://yt3.ggpht.com/qHVR9KXBr0GcNpsPw7ZK5tmeDZpZV_QykAFU-Xpip1086AX9OsU9GJJaEm1a4QACwLmc6U1Q=s800-c-k-c0x00ffffff-no-rj,,"Technology|Knowledge|Gaming (parent topic)|Lifestyle (parent topic)"
167,UCr1t1daqy1i68BVe7aaHhEA,"Let's Speak C",,2023-01-09T09:50:36.023504Z,,,262,5,11,https://yt3.ggpht.com/ytc/AIdro_kGbzuHsf8CGdiFeKVM3TKi9r4JmymtqTsx0WMjsLQvZuItYdhl3_7MMdXoz9-I9Xxg9g=s800-c-k-c0x00ffffff-no-rj,,"Technology|Knowledge|Lifestyle (parent topic)"
168,UCPm5yPHMWbKE8odoMYguaEw,ISpaceXXX,,2017-09-11T09:11:12Z,,NP,738,2,8,https://yt3.ggpht.com/p1SaioNpQWQgLR4pBUcd79K43W4VQL-BxpDixrjJRf8G3g7yELGbpPPiQIqlLRfiYy2Vxnr44VY=s800-c-k-c0x00ffffff-no-rj,,"Technology|Knowledge|Lifestyle (parent topic)"
169,UCS5zhIjUycy9urzMg3VsQdg,"C Plus One","Learn C C++ Programming Languages!",2008-02-02T07:21:46Z,,,638,6,76,https://yt3.ggpht.com/75KZL6IVhxTwoOhYSReHx-LlQFf0z8JH51IMF4RdlTJYcsdRsorLnVS_8Hrck7orMG-u6LsttA=s800-c-k-c0x00ffffff-no-rj,,"Technology|Knowledge|Lifestyle (parent topic)"
170,UCKPzuIaDjhu4Mm2GCVSkq-A,"Code Ambition 2K","Hii Programmers! My name is Abhi , and I make videos mostly about programming and Computer Science here! You can find awesome programming lesson here like C , C++ , PHP , JAVA , SQL , UNIX (shell programming) etc.. If you haven't yet SUBSCRIBE my channel , please subscribe it and don't forger to LIKE and SHARE. :)",2019-10-20T11:32:53.23752Z,,IN,61033,183,97,https://yt3.ggpht.com/ytc/AIdro_mMXD0l9BYex-Mtg8i8B75yMze9t1olmAmopCPOyTgdrHI=s800-c-k-c0x00ffffff-no-rj,"codeambition|Code Ambition|code ambition 2k|abhishek kumar shiva","Technology|Knowledge|Lifestyle (parent topic)"
171,UC6daBgkyBP_J_EPbesMUpqA,"Prab Regmi","Prab Regmi is a passionate video developer. This is a channel showcasing some of the videos developed by him. CodeStation is the channel aiming to teach you tips and tricks of programming in a fun and informative way. We will go through multiple algorithms in computer science. We will aim to program these algorithms, primarily in C++. We will also go through clean code practices and code design approaches. Please follow the channel for more details. This channel is operated by me, Prabhakar Regmi. I am a self taught programmer, interested in algorithm and code design. I have been working in software development companies my entire career and I hope to help the other self-learners with these videos. Please subscribe to this channel if you would like to know more. (c) Prabhakar Regmi 2019",2019-05-24T20:54:19Z,,CA,10126,515,13,https://yt3.ggpht.com/ytc/AIdro_m6rlVx7ZIdQ_vzlmt4Ip2MLe3okfgpIuts48x0MkoQdA=s800-c-k-c0x00ffffff-no-rj,"Code|Station|C++|Programming|Sorting|Software|Development|SoftwareDeveloper|InformationTechnology|Exciting|Algorithm|Learn Code|Clean Code|Programming Language|Software Developer|Interview Question","Lifestyle (parent topic)|Knowledge|Technology"
172,UC63BVopNHf2ajMDUjwUJDWg,"C++ With Asad","Welcome to 𝘾𝙤𝙙𝙞𝙣𝙜𝙨𝙒𝙞𝙩𝙝𝘼𝙨𝙖𝙙. ! Dive into the world of coding with our comprehensive tutorials designed to 𝙝𝙚𝙡𝙥 𝙗𝙚𝙜𝙞𝙣𝙣𝙚𝙧𝙨 and seasoned developers alike master programming languages, tackle real-world projects, and stay up-to-date with the latest 𝙩𝙚𝙘𝙝 𝙩𝙧𝙚𝙣𝙙𝙨. From fundamental concepts to advanced techniques, join our 𝙘𝙤𝙢𝙢𝙪𝙣𝙞𝙩𝙮 of learners as we explore the exciting realm of 𝙘𝙤𝙙𝙞𝙣𝙜 together.""",2024-02-23T07:54:04.494148Z,,PK,948,27,14,https://yt3.ggpht.com/uDemoVshvKsXO_GodpPZw-0npY5A3rGduEXDLIO5M8T-hpzDTDVEWXxVHZ6_VK1bNeQw8cQfCgQ=s800-c-k-c0x00ffffff-no-rj,"Traversymedia|Codingswithasad|Cplusplus|Short|Apna college|Code with Harry|Kewin Powell|The code ninja|Code code|Coding tutorials|Programming language|Coding for beginners|Viral short|Short feed","Lifestyle (parent topic)|Knowledge|Technology"
173,UCREFp3D_n8JfcDonlm7Mpyw,Programiz,"Video Tutorials for Programming Beginners: Learn to code by watching! At Programiz, we teach programming the way beginners learn best: with clear, step-by-step video tutorials. From Python to C and JavaScript, if you prefer seeing how code works, this channel’s for you. Watch. Understand. Code. ",2020-07-28T09:56:29.528634Z,,US,14821592,212000,190,https://yt3.ggpht.com/ytc/AIdro_mFQvoItv4McHJj8glTs3SizX43nAArXi2FXTccIG15nA=s800-c-k-c0x00ffffff-no-rj,"python|learnprogramming|learntocode|code|learn python","Technology|Knowledge|Lifestyle (parent topic)"
174,UCQCaVmByJ0c6G_S9dyKpTbQ,"Tushars Programming Tutorials","This channel contains video tutorials on Java Technologies, C, C++ and Data Structures and Algorithms. These videos are helpful for beginners, intermediates as well as experts to improve their understanding of programming in Java, C++. Happy Learning !!!",2017-02-26T10:23:54Z,,IN,387739,2670,125,https://yt3.ggpht.com/30HUQKI42Ub0FVQ1kukdjs7OAEKRuwmDlMCkmI5VfEB1x0t8uNiv2SFl9hka_7mfxNkl4Sqh=s800-c-k-c0x00ffffff-no-rj,"C Programming|C++ Programming|Data Structures and Algorithms|c tutorials|c++ tutorials|c++ in 1 hour|c programming in 1 hour|data structures using c++|c programming full course|c programming language|c programming basics|c programming for beginners|c programming tutorial|c programming tutorial for beginners|c++ programming tutorial|c++ programming basics|c++ tutorial for beginners|c++ tutorial advanced|data structures and algorithms in c++","Technology|Knowledge|Lifestyle (parent topic)"
175,UCEWd0H6zE_3v2DeH-CR5fQA,"C ki Pathshala",,2024-09-23T21:48:11.135069Z,,,5150,169,12,https://yt3.ggpht.com/5tLu96kynfgqpC4J5rDYRM_kJ6mwBJPwgzJOvJLBlbBOQDgzHdYoDOSk9DCIWadS0JREXfldRw=s800-c-k-c0x00ffffff-no-rj,,"Lifestyle (parent topic)|Knowledge|Technology"
176,UCzqhucrmyVpDymTqilyMu8g,CodeSays,"Hello everyone! I am excited to announce that I have created a series of videos on C, C++, and C/C++ animation, where I demonstrate how to run various programs using Turbo. I also provide the source code for each example, so you can see how the programs work and experiment with them on your own. I hope these videos and accompanying source code will be a valuable resource for anyone interested in learning about C, C++, and animation in turbo. Thank you for watching! :) ",2020-03-06T14:02:03.423966Z,,IN,70809,388,101,https://yt3.ggpht.com/bQX-EVegrfyx4yIf7-aUobqWhnph2l_nJr9TIULpiSPvCDq5pOg1FqeSj3csCoFypHqBakghu4I=s800-c-k-c0x00ffffff-no-rj,"C++|codinng|sahil|c++|animation|#graphics|Sahil Suryawanshi|C language|C/C++ Animation|Programs by Sahil Suryawanshi|sadak arjuni|c basic|c++ basic","Technology|Knowledge|Lifestyle (parent topic)"
177,UCRroKOyJK6xMVM214nMYt0Q,"logic4 students","This channel is about to learn logic and techniques of Program.... C++ whole course .... In future inshallah we also cover Microsoft Office (full) in URDU.... In future we make tutorials about Ethical Hacking inshallah.... Inshallah as we learn , we teach you in the very easy way....",2018-06-27T08:21:41Z,,PK,46284,845,15,https://yt3.ggpht.com/ytc/AIdro_noceSlzFTRmUy1iYlbnnNqga80fffXIJekgHCKjwdb4w=s800-c-k-c0x00ffffff-no-rj,easytots4you,"Technology|Knowledge|Lifestyle (parent topic)"
178,UCkKHdEzHIJ2y6v54wYDPVBQ,BZV,"Hi everyone. Welcome to my channel. I'll Try my best to bring you good content for your about science and tech. Hope you'll enjoy my videos. Please like share and subscribe. Thank you so much ",2013-12-20T23:39:51Z,,PK,267,8,28,https://yt3.ggpht.com/ytc/AIdro_nM2sM9IXf0670bN-lVVmVsitZvFMgyv6oxSky1sEA=s800-c-k-c0x00ffffff-no-rj,"programming|physics|science and technology|science and technology for upsc|science and technology current affairs 2022|science and technology practical book 10th class answer|science and technology practical book 9th class answers|science and technology museum addis ababa|science & technology|science & technology for upsc in hindi|programming for beginners|programming language|programming in c|science with cocepts|learn computer|learn computer science","Lifestyle (parent topic)|Knowledge|Technology"
179,UCkPv7UmeTsDT-C2hmEC8l1A,codencandy,"This channel is a mix of learning materials as well as my progress towards making a game without Unity, Unreal, Godot ... If you are interested in computer graphics done by hand you have come to the right place. GitHub ➡️ https://github.com/codencandy/youtube ",2015-12-15T08:10:42Z,,DE,1889,40,11,https://yt3.ggpht.com/36pHXH6LfdsEwJEa9boi3GLTCOdZ7cyCGLfPsztb1uWmV5IXSYD3AGuoNPB-44ktkpwvhBgk=s800-c-k-c0x00ffffff-no-rj,"C Programming|Graphics Programming|Software Dev","Lifestyle (parent topic)|Technology|Knowledge"
180,UCPLEtnj0I5d41DYkfT2bCSw,SGVSupport,"Crystal C/C++ Highlights Flowcharts, Trees, RichTrees, DataFlows and CallFlow - Demos and Tutorials on operations and features.",2008-06-17T11:03:21Z,,,24129,33,15,https://yt3.ggpht.com/ytc/AIdro_mF8aVyhdQ9bV4YOg1xDlP05F9PX1cuUkq-o_aMDjQ=s800-c-k-c0x00ffffff-no-rj,,"Lifestyle (parent topic)|Knowledge|Technology"
181,UC0WmEGuUBrfYYbWIyILx-CA,"GRENO CODEC ","Welcome to G-Codec, your go-to destination for all things coding! Whether you're a beginner looking to dive into the world of programming or an experienced developer seeking to enhance your skills, this channel is designed to be your digital workshop. Join us as we explore various programming languages, tackle coding challenges, delve into software development methodologies, and stay updated on the latest trends in the tech industry. From tutorials and tips to project walkthroughs and interviews with industry experts, G-Codec is your ultimate resource for mastering the art of coding. Subscribe now and embark on your journey to becoming a proficient programmer!♥️⚠️",2024-01-28T09:31:06.989061Z,,IN,3059,11,54,https://yt3.ggpht.com/PILLy7CCq0CCDd2epVfEzLFL4cUk89ruAXtpweBK0ZMgxc42WzwyRJtjhH-RFVMyjSRGkS4k=s800-c-k-c0x00ffffff-no-rj,Grenocodec|Greno|Codec|Code|Coding|Program|Programming|C|C++|Python|Cse|Compiler|Compilation,"Gaming (parent topic)|Knowledge|Technology|Lifestyle (parent topic)"
182,UCoEZHV7fyZkTe2HkdtiLw3A,"Programming Talks","""An investment in knowledge pays the best interest."" Hello Viewers This is my small step to reduce your efforts in the field of Computer Science/Information Technology. I believe that the real world exists beyond the walls of costly institutions. I will help you in all the possible ways. Last but not the least, my goal is to provide you free and subsidized education with good Quality of video lectures + Full Class Notes. A small step to educate the world. Join us and be a part of our creative community. ""Every individual is different and talented, what you need are passion and curiosity."" In future what I plan to provide you:- 1.C++ from basic to advance concepts 2.Algorithms 3.Data Structure in C/C++ 4.Database Management System 5.Php 6.Full Stack Web Development Course 7.Data Science 8.Operating System 9.Computer Network 10.Computer Organization and Architecture 11.Theory of Computation 12.Compiler Design and many more after this... For enquiries: 2019017@iiitdmj.ac.in ",2021-03-08T11:34:05.312774Z,hi,IN,5019,67,16,https://yt3.ggpht.com/ytc/AIdro_kU5tKiVchwnN8PA-pL1_M3O4LQ4P6KGKVjQiUwooiSIw=s800-c-k-c0x00ffffff-no-rj,"gate|cse|networks|dbms|os|uptu|Algorithms|C++|DBMS|OS|programming talks|Programming talks by aman|CSE Gate|ugc net|gate cse|ugc net cse|competitive exams of computer science|nta net|best channel for nta net|best channel for GATE|computer science|computer science|engineering students|ugc net|gate exam|gate questions|best channel|trending channel|ptu cse syllabus|all university cse|all college cse|tutorial cse|isro exam|ugc net paper 1|trending channel|india best education|best CS/IT Channel|Computer Network|Operating System","Lifestyle (parent topic)|Knowledge|Technology"
183,UCtY0qjwL-qtZS_PH7n-fChw,"Astronaut Coding Fun!","Let's make it simple. Let's make it fun!",2021-01-20T18:27:09.524984Z,,,2909,27,10,https://yt3.ggpht.com/ytc/AIdro_kHM9XGLKY0OYPcQu_myQJf-CFeYoi7NgPmV1N3zgpvBA=s800-c-k-c0x00ffffff-no-rj,,"Technology|Knowledge|Gaming (parent topic)|Lifestyle (parent topic)"
184,UCg0NIb0IMYwrTLEcZdw-lxQ,A2Z_LEARN-PROGRAMMING," About us It is only educational channel for learning programming. Out channel helps to learn programming languages in easy way in Hindi language. Anyone can learn programming & does not need any age and skills. Any beginner can learn easily programming and coding. Through our channel, you can learn to make logic. BASE to High knowledge only about technology and programming expert. We provide free content on youtube for school students, college students and engineering base students. We learn you C, C++, JAVA, & Python languages and many more. If you want some help about topic related to programming, can comment in videos. Our videos help to grow your skills in programming. After watching videos, you definitely speak yourself with confidence and with confidence. What you can Learn here: * C programming * JAVA programming * Python Programming * Algorithm * Flowchart * Programming Skills * C++ programming * Learning of coding ",2013-05-29T17:14:18Z,,IN,1188,7,49,https://yt3.ggpht.com/kXFXcIC2uwSlV9mJ-lsCIKBG1fpNQSDFwUxoGAcK2lUJQdSPIpEj41WwQW6wqKqeLgL1vM5F5g=s800-c-k-c0x00ffffff-no-rj,"C|C++|a2z_learn-programming|A2Z_LEARN-PROGRAMMING|Python|JAVA|PYTHON|C programming|C++ Programming|C language|A2Z Learn Programming|A2Z LEARN PROGRAMMING|c seekhe hinid mein|learn c language in hindi|c++ seekhe hindi mein|java seekhe hindi mein|python seekhe hindi mein|C language tutorial for beginners|c language tutorial for beginners in hindi|c programming full course|how to start coding|c programming for beginners|python tutorial in hindi|coding in hindi","Lifestyle (parent topic)|Knowledge|Technology"
185,UCMjFTkhqqBZ7lNtibcOv6Hw,"Complete It Solution",,2020-04-10T09:54:17.915379Z,,,3297,214,16,https://yt3.ggpht.com/ytc/AIdro_kTwREuBFXOtIuT9cY9qhpTP9Po4UAe-vG15ygnmK8GYw=s800-c-k-c0x00ffffff-no-rj,,"Lifestyle (parent topic)|Knowledge|Technology"
186,UC0fdEpVcMGD3_rRwjbpuQPw,Code,"Learn Programming with CODE Here's your first step to being a Software Engineer, Try it yourself (Full Courses All in free). Study with Code (C / C++ / C# / Java / Python / OOP / Data structure / Algorithms / HTML / CSS / JavaScript / Bootstrap / SQL Mongo DB / Node JS / UI UX Design / Dart / Flutter / Swift & More....) Follow: Facebook Instgram Tiktok Subscribe,like👍,Share&Comment ",2019-12-21T14:53:52.662944Z,en,EG,1332,22,22,https://yt3.ggpht.com/nr3LbtMu1iUaf4MM1oTWzcPyWAlBq3zZzM_TyNaTMXijG2A4me4W1uauSzLRshZ1OgUc2oH3Nes=s800-c-k-c0x00ffffff-no-rj,"CODECORE|Code|Let's Code|Learn Programming with Code","Technology|Knowledge|Lifestyle (parent topic)"
187,UCbyD7VtglRv9EK4vgbB89DA,"prof. Fortuna",,2015-10-31T18:27:01Z,,,905,34,15,https://yt3.ggpht.com/ytc/AIdro_kXfRPckiJTWc_tFeuwPqH0fMICw39qJvvwjiyFqWEHBQ=s800-c-k-c0x00ffffff-no-rj,,"Technology|Knowledge|Lifestyle (parent topic)"
188,UCs55h3uxltLX576BUBG72Vw,"Skills with sharif","Trick info is programming and LAstest Tech trick channel for Learn. Trick info complete help you in programming c,c++ vb.net and php Teach Wordpress adsense, online earning , google trick , getting free premium thing and many other",2020-04-11T04:56:47.722834Z,,PK,646,43,15,https://yt3.ggpht.com/ytc/AIdro_n3WfdXsg49JUNn8pv5DRVf2gz5Oav8b1b1PrOgPJYKmw=s800-c-k-c0x00ffffff-no-rj,"c++|c++ tutorial|c++ programming tutorial|learn c++|c++ language tutorial|learn c++ programming|learn c++ language|c++ tutorial for beginners|c++ programming tutorials|how to learn c++ language|how to learn c++|c++ programming|c++ basics|c++ language|c++ tutorials|c++ for beginners|c++ tutorials from basic to advance|c++ tutorials complete|c++ video tutorial|c++ programming tutorial complete|c++ programming tutorial for beginners|c plus plus|visual basic (programming language)|microsoft visual studio (software)","Technology|Knowledge|Lifestyle (parent topic)"
189,UCqJMMVfE86NFQDqHfVYc1IA,"C++ Homework Help","C++ homework help is a platform dedicated to helping students get the best grades in their homework. We deliver timely and original service to all students regardless of their geographical location. All our prices are within reach of almost all the students. We cover all the topics in C++, including but not limited to; handling exceptions, C++ classes, conditional and iterative statements, writing functions in C++, managing functions in C++, data types in C++, and object-oriented programming. If you are looking for any service related to C++, contact us at: info@cpphomeworkhelp.com or visit our website cpphomeworkhelp.com. ",2022-01-25T07:26:40.39319Z,,,265,12,37,https://yt3.ggpht.com/Irr-fGvN0XzdVGqFbM1Gkqae3gdqwa-Rm1deLiTDMHhUlWDcuz8mtkT-rVYJHalrMXPlkCqAZ2A=s800-c-k-c0x00ffffff-no-rj,,"Lifestyle (parent topic)|Knowledge|Technology"
190,UCsVhHk1zVgNAit-T5QhLDNw,"Learn CP with Dipta","Welcome to my channel! Here, I teach competitive programming in Bengali to help students of all ages improve their problem-solving skills. Whether you're just starting out or looking to enhance your skills, this channel provides easy-to-follow tutorials, explanations, and resources to guide you. My aim is to make competitive programming accessible to everyone and empower you to succeed in coding competitions and technical interviews. Subscribe and start your journey with us today!",2014-12-23T21:28:41Z,,BD,20536,404,54,https://yt3.ggpht.com/rNxShxyiwCuYriPaiDADm9A69TDxBjC3cfN8nON-otFPi8W8-aDrcoNSqygI1tZhb5mMWjeq=s800-c-k-c0x00ffffff-no-rj,Programming|and|Development,"Technology|Knowledge|Lifestyle (parent topic)"
191,UCduYQ8_ZnS1snyG5gb5ef1A,BugfighterSoftCpp,,2009-09-20T21:42:33Z,,,8458,5,15,https://yt3.ggpht.com/B6wfJX_a1quiMNtbsk8PVrp9Xjgzx-fZe5lf4T6EfgGKEm4UMiGx3zl5DShysRcDBQ7-K28OVg=s800-c-k-c0x00ffffff-no-rj,,"Lifestyle (parent topic)|Technology|Knowledge"
192,UCBseM0laAO9LqKLIx5WZDCA,LearnCodewithVasu,"Learn C , C++ ,Data Structure, Java , pHP and other languages in simple manner and with hand written notes",2011-04-26T21:44:00Z,,,1516,71,16,https://yt3.ggpht.com/RqopPe98wUa27-xNRfJDEZ3PU9afN5PY-YNv_Q3rkeU5G6QulAr_m1sEvkUwUI4PWMqRSs3U=s800-c-k-c0x00ffffff-no-rj,,"Lifestyle (parent topic)|Knowledge|Technology"
193,UCxDTnLNtivEBDUlmKWoGNDw,"C Programmer","My channel is design and Created for Computer Programming Language. It is a Education channel. In this channel i describe c programming language for beginner. I tech c language from basic level to complex level . I tech c programming with theory, algorithm and practical. I compile, debug and execute each program before you.",2018-11-06T07:17:16Z,,PK,230,6,14,https://yt3.ggpht.com/ytc/AIdro_ntCS0sGb1tAu0ID42d3mCEqy4y6i863lRwJHM4e5M=s800-c-k-c0x00ffffff-no-rj,"Learning C Language|easy tutorial of C Programming|Lecture of C Programming from basic level to complex level. Learn C step by step|Become C Programmer On C Programmer Channel with practical|C learn C Programming with theory|algorithm and Practical Programming On Dev C++ platform.","Lifestyle (parent topic)|Knowledge|Technology"
194,UCu60M9W_SX-SNo53CDNVJ4w,"F͓̽U͓̽C͓̽K͓̽E͓̽D͓̽ D͓̽E͓̽V͓̽ : 4͓̽0͓̽4͓̽","Continue ;-)",2020-09-18T07:59:45.282403Z,,RU,143418,839,17,https://yt3.ggpht.com/vnC9-PQK8frGpOf5deN5y8fa3s-kVTmmI6Is4gf2S_0kHtf-N0nA0TDsET_PEphVKEKhHRMIoQ=s800-c-k-c0x00ffffff-no-rj,"C++|Programming|WINAPI|std|Cpp|code|qt|curl|boost|socket|python|cpython|telebot|C languege|Programming for Windows OS","Knowledge|Technology|Lifestyle (parent topic)"
195,UCmMEL4AhYJIwHeuM2zY8wjg,cpython36,"Hello! Just a hobbist programmer, still learning new things. Here you will see some code for C/C++ and Python, and maybe something more. I post videos while I go learning, so you probably will find errors here, and every help is very welcome! ",2025-11-23T23:51:00.969875Z,,,18925,36,23,https://yt3.ggpht.com/0AA8z9ERFyPe_-aGAVegCyCkDJ58HqH-XN98Fdy7enSILeB7t5CtrGsatjuTgr4IlmoYo6XZDsI=s800-c-k-c0x00ffffff-no-rj,"C++|Python|Coding|VSCode|Programming|Software|Linux|Learning|Tutorial|Computer Science|Programming languages","Lifestyle (parent topic)|Knowledge|Technology"
196,UCxjn5hTp1i53algW4KYwpcg,JKS,,2020-02-03T14:27:44.500022Z,,IN,2519,21,21,https://yt3.ggpht.com/-1sdwcGgaNs4ZJh75HJVRoDB-gcWGjmO_n5clt_eZzhwKSQRKEL5xD1A3-wxPHSeqOAh7UbjDAk=s800-c-k-c0x00ffffff-no-rj,10@Gd!$#0,"Lifestyle (parent topic)|Knowledge|Technology"
197,UCxBzHJjYqxBeEts6YOb6hWQ,"Creative Amir","✨ Welcome to Creative Amir ✨ 📌 I’m Muhammad Amir, and on this channel, I’ll teach you technical skills in Pashto that will shape your career and open online earning opportunities. 💻🎨 🎯 What you’ll learn here: 🔹 Programming (C++, Python, Web Development) 💻 🔹 Graphic Designing 🎨 🔹 MS Office (Word, Excel, PowerPoint) 📑 🔹 Video & Picture Editing 🎬🖼️ 🔹 Digital Marketing & Freelancing 💼🌍 🔹 Artificial Intelligence & Machine Learning 🤖📊 🔹 Data Science & Data Analysis 📈📊 🔹 Cyber Security & Ethical Hacking 🔐⚡ 🔥 Our mission is simple: to empower Pashto speakers with modern technical knowledge so you can learn skills, earn online, and grow in the digital world 🌐💡 👉 Subscribe now & join the journey of learning in your own language – Pashto! ❤️ #Pashto #Programming #DataScience #CyberSecurity #GraphicDesign #MSOffice #VideoEditing #WebDevelopment #DigitalMarketing #AI #ML",2025-09-11T08:53:24.660188Z,,PK,3923,84,110,https://yt3.ggpht.com/vQFnrdW1jEE__LSusExYC94JSQOqK8nUK6K63VcUCDWIlKS_lsYTG6j9t-_IziiSIyrEPChI=s800-c-k-c0x00ffffff-no-rj,"AMIR|skills|tech|pashto|Creative Amir|creative amir|Creative amir|creative Amir|CREATIVE AMIR|CREATIVE amir|Muhammad Amir|CREATIVE Amir|creative AMIR|Creative AMIR|MUHAMMAD AMIR|pashto channel|Creative Amir in pashto|Creative amir lectures|amir creativity|Amir Creativity|pashto tutorials|Amir tutorials|pashto courses|amir sir|Muhammad Amir Creativity|creative amir Pashto lecture|computer skills|amir tech|Creative amir skills|creativity of amir","Lifestyle (parent topic)|Knowledge|Technology"
198,UCF5ZMNGn6y5-U6ZTfAJcE4A,"c code",,2024-09-16T12:44:51.155872Z,,,2445,10,15,https://yt3.ggpht.com/ytc/AIdro_l6k2Bwn8yazqtM9DFO69tk2_pgEEeZeu_YrlJP_3hqyhOSJDHilVqcSCGmKQgulhq6pw=s800-c-k-c0x00ffffff-no-rj,,"Lifestyle (parent topic)|Knowledge|Technology"
199,UC8OSRhSOeRpc1aL5VKpZN1Q,"CODEGV ","CODEGV is my attempt teach basic and those programming techniques to people learn. 1.C 2.C++ 3.HTML 4.CSS 5.JAVASCRIPT ",2020-12-04T03:08:42.065845Z,,IN,10156,29,42,https://yt3.ggpht.com/fPawO56v3Lp65s2-5mIlHlBtpRSNO6Tq2DNM8l7F_ZwYdSJJaPnLQ7KFHE9CyIrfRxa_9UxCAQ=s800-c-k-c0x00ffffff-no-rj,"c++|programming|html|css|javascript|codegv|c language|c language basic|c++ programming|c programming|c++ language|c basic programs","Lifestyle (parent topic)|Knowledge|Technology"
200,UCqqRScxgv0lv5OQ3DJr9GRw,"C++ programmer ","I am Ephraim a C++ and coding Enthusiast I will be posting videos related to C++ , coding and Tech. please support me by liking and subscribing to this channel Like👍 and Subscribe 🔔",2024-08-22T14:11:44.591444Z,,,18430,20,17,https://yt3.ggpht.com/i3FLnTK0QUuu6pxH9_mPgFZ_Jjm0D71oP-p2OUC73ejd4CD4hPWFZ8Rhfk3hpoFEWm17vafZ=s800-c-k-c0x00ffffff-no-rj,,"Technology|Lifestyle (parent topic)"
201,UCvGInSOEQnf2ms4n4Q9dXdQ,Daroou2,"Welcome to my channel! On here you'll find archives of streams from my twitch channel: https://www.twitch.tv/daroou2 Thanks for watching :) Watch live and follow me on Twitch: https://www.twitch.tv/daroou2 Twitter: https://twitter.com/antoniomaiorano Don't forget to follow this channel on YouTube to know when my latest stream gets uploaded!",2017-06-15T03:58:37Z,,CA,7382,215,139,https://yt3.ggpht.com/uGtB8Iqe2OMG4hUhtPvo2wJNZp4UHbjLZeAc4fu_gSkJgtieb-3ZSdJwwSL3RlHOWn0pG0-OEQ=s800-c-k-c0x00ffffff-no-rj,programming|c++|emulation|vectrex,"Lifestyle (parent topic)|Gaming (parent topic)|Technology"
202,UC4C5tIpHE7TZNSPQJYA40gg,"Cpp Hub"," ",2024-02-15T18:16:27.4856Z,,PK,12567,599,72,https://yt3.ggpht.com/XJPHGX_bYiH774zd_02L-1u_420NbifUstAQ84LB5xDs3P6xqIgVb2aaKCpCsqf_6YE6k5jZEA=s800-c-k-c0x00ffffff-no-rj,"CppHub|C++Programming|c++|the|game|opengl|thechernoproject|tutorial|development|programming|code|java|source|project|C++ shorts|C++ videos|C++ Tutorials|Learn C++|game engine|c (programming language)|how to make a game engine|game programming|game development|how to make a game|how to write a c++ program|how to write a program in C++|C++ Program|C++ programming Language|C++ programming to find product of five numbers|ms visual studio|c++ 2024|electricity bill","Technology|Knowledge|Lifestyle (parent topic)"
203,UCYwFXN-p4g6CDxcFJa3kj7A,"Coding Bits","Learn C, C++ , python programming Java all the programming project and tips and tricks with notes.",2020-11-08T08:15:11.843441Z,,IN,39580,339,38,https://yt3.ggpht.com/TQQRe7BRJR9eOeiCyEnGYPn7FrFYezkoU4WhOqqcLXxX-awRzgdkynxVHerk5DO9wIVJni94Xg=s800-c-k-c0x00ffffff-no-rj,"c++ by coding ideas|Coding Ideas Video|c++ coding|c++ project|Coding project|c++ project|final year project|coding project ideas|c++ project with source code|programming project|c++ development|coding bits|Coding bits channel|programming bits|bit by bit|bits coding|coding tutorial|Coding bit|Code bit|simple project|simple project source code","Gaming (parent topic)|Knowledge|Technology|Lifestyle (parent topic)"
204,UCQBKwNHpcp7Fk2RHl00-uWg,"dhrubz lab","Hello Coding Lovers, welcome to my YouTube channel. I have 4+ years of IT industry experience in the development of C/C++ projects like digital payment and embedded systems projects. As I see there is a huge on-demand job market in C++ technology but resources are very less in this technology. Therefore I thought of making videos on this technology sharing whatever a little knowledge that I have so that it could be helpful to the CSE, ECE students/IT job seekers. My plan is to cover all the topics on C++ from basic to advanced level and then to start moving to other concepts like Data structures & Algorithms, Multi-Threading, Problem Solving, etc. Here today I'm going to upload my first video and the next video will be coming shortly. Please keep watching all the videos one by one and press the like button if you like the videos and if you haven't subscribed to my channel yet, please consider subscribing and press the bell icon so that you don't miss any video whenever I upload. :)",2020-07-18T15:12:28.818754Z,,IN,3323,141,13,https://yt3.ggpht.com/ytc/AIdro_lwYu_cgXJtBKJ6uFbTb_-QxN4NjddyLT4IADMB9cBvrA=s800-c-k-c0x00ffffff-no-rj,C++|CPP|Coding|Programming|Tutorial,"Lifestyle (parent topic)|Knowledge|Technology"
205,UCCYqsZgCdMxXUW6VdeXd8hQ,"CS Academy","Here students can learn all computer science subjects free of cost .CS Academy is no 1 free education platform. Note: A small contribution from student required . 1) Subscribe the Channel 2) Like & Comments on Video 3) Do Sharing with others. May God bless you. Stay Healthy and keep Learning. ",2022-03-03T06:07:42.233219Z,ur,PK,1613,209,24,https://yt3.ggpht.com/k_CeqbOmBQXijq8m6tbcDUZtNOJsZuMqad781FVxOh-CZGjoYVAg7LDFgkQ9bK1-sujv-A5u2qI=s800-c-k-c0x00ffffff-no-rj,"c++|java|microprocessor|sql|html|css|javascript|oop|phython|php|ict|computer science|C language|theory of automata|compiler construction|computer networking|data communication|digital and logic design|analysis of algorithms|data structure|data base|web designing|CS Academy|cs academy|fundamental of programming|c++ program|data science|computer organization|computer science|softwear engineering|object oriented softwear engineering|aritficial intelligence","Technology|Knowledge|Lifestyle (parent topic)"
206,UCfdiIPsaJInQ0UQOEwJSfbQ,"Technovision Services","TechnoVision Education Services is run by Munna Sir having 20+ years of experience in software training & development industries in Nagpur.TechnoVision is the best Software Training Institute for online training, classroom training, weekend training, corporate training of C, C++ Language, Data Structure, Python, Java Core and Advanced, J2EE, Spring Framework,Spring Boot, C#.NET, ASP.NET, Oracle, SQL Server, Android, PHP in Nagpur (Maharashtra) India which provides online training all over India . About 15000 students placed . Our Online Training Features:  Training with Experts  Course as per Industry Specific Scenario’s  Flexible Timings as per Individual Please write back to us at helpdeskattechnovision@gmail.com Call us at the : India: ☎ +91 8888466499, 9423637035 Subscribe to Our Channel: https://www.youtube.com/channel/UCfdiIPsaJInQ0UQOEwJSfbQ https://www.youtube.com/c/TechnovisionServices?sub_confirmation=1 Thank you Regards From TechnoVision Education Services Team",2020-07-15T14:09:41.603075Z,,IN,9453,438,29,https://yt3.ggpht.com/ytc/AIdro_kVp4KF_YrLR7XOFrk2VxwnEVEH8YuNhI19L91xdNfZ1A=s800-c-k-c0x00ffffff-no-rj,"java|dotnet|python|php|android|c#.net|Asp.net|spring framework|C language|core java|advance java|TechnoVision nagpur|best channel for computer languages|you-tube best teacher for computer language|computer programming language|step by step tutorial for c++ language|step by step tutorial for python|step by step tutorial for java|begginers level tutoiral|munna sir nagpur|beginners level tutorial for c++ programming|c++ tutorial for beginners|c++ tutorial for beginners in hindi|c++ programming in hindi","Technology|Knowledge|Lifestyle (parent topic)"
207,UCgUBDTsEI6qX3L28yq6fjqQ,"kung-C.A-C-C++ Master","Ptssssssss!! kid wanna learn some kungfu coding skills. come in down here. Nihow chin chung pepo (chinese noises just to show i am legit kung fu Master). ",2014-09-19T18:06:35Z,,,2992,45,5,https://yt3.ggpht.com/uceAHJ7-BM5y3s1KO_vWu4StBNZ1KR85P4ZIiokzzpsxIQvHDCw7OqXHC4r4OU75ULkdM3sfuyk=s800-c-k-c0x00ffffff-no-rj,,"Lifestyle (parent topic)|Technology|Knowledge"
208,UCOMFEzfJLAv3TxBcrI2slGA,AK_CODER,,2022-03-14T04:01:32.214001Z,,,605,45,11,https://yt3.ggpht.com/R3gRdHyToLrddIUxtNtdmlVgAubgtdRydiDrEofKcDd0aC9FDbsX7V7XdhKjU06bvkStPtOSPw=s800-c-k-c0x00ffffff-no-rj,,"Lifestyle (parent topic)|Knowledge|Technology"
209,UCGute8GVK00pEO7mdnwg4-Q,"Smart teach","All programming language c c++ Java all University syllabus and class 10th 11th 12th all syllabus coming ",2023-07-05T16:44:31.738888Z,,,327,8,10,https://yt3.ggpht.com/2dd2tsq7Ed6gRuX2aSCj1soYieUzkUzlgUzNVrO9glrQiHa9m--zs3X50G7PBH2Q-Xz8qL7a5Q=s800-c-k-c0x00ffffff-no-rj,,"Technology|Knowledge|Lifestyle (parent topic)"
210,UCL7bBOIdfxxM9WyxTnTk7Qg,Cakez,"Average Person trying to become a game developer by learning and teaching C++ game development. I develop my game on Stream and will share Clips and the development with you. I also enjoy coding things from scratch and reinventing the wheel in hopes of learning as much as I can. if you are interested, drop by on Twitch at: 10:00 am CEST every day! ",2013-02-26T16:59:01Z,,DE,3144468,15500,721,https://yt3.ggpht.com/amEVfrW5iGzMGkj0pNcaGACTMJx4dh2bKQJTCJzDMKJnf1a_ERBh8XZUCOF-lPqDVg47kz_1rqI=s800-c-k-c0x00ffffff-no-rj,,"Role-playing video game|Gaming (parent topic)|Strategy video game"
211,UC2fAw_FdZeMH623d3839zKg,"Sudipta Digital","Code link- https://codewithcs.blogspot.com/ C is a general-purpose, procedural computer programming language supporting structured programming, lexical variable scope, and recursion, with a static type system. By design, C provides constructs that map efficiently to typical machine instructions. ",2021-08-13T05:45:48.705506Z,,IN,4080,24,11,https://yt3.ggpht.com/xXvvkbQYZCd7tTqeUZbZ9ZhXAqME15KyFQdozjHp2fYA9w-g0pbDJ6cZeGy6mOZl43ZcZErZdic=s800-c-k-c0x00ffffff-no-rj,"c|code|c++|c/c++|Programming with me|c programming","Technology|Knowledge|Lifestyle (parent topic)"
212,UC44Jg6UPg7GnZ6026AUPkcw,"Mycoding House","Share Programming knowledge with every people who are interested to learn programming............................................ This channel video was found in youtube and other website resource and i think those video are the best tutorial video on programming so i share those video . And also thanks those developer or online tutor whom are uploaded those tutorial.",2016-04-17T13:39:47Z,,,2164,21,9,https://yt3.ggpht.com/ytc/AIdro_kr_xskvgjLELBpNo64fwdNzz7aU-3CAA8PiIflOFPWWg=s800-c-k-c0x00ffffff-no-rj,"Mycodinghouse|mycodinghouse|codinghouse|coding house","Technology|Knowledge|Lifestyle (parent topic)"
213,UCJf3H5b_YL-43z3XkPWjXtg,RainD,"Hi, I'm Rain, a software engineer who loves teaching programming, exploring global opportunities in technology, and discovering new ideas in work. This channel is about learning, creativity, and inspiration. Join me to develop new skills and broaden our horizons together. ",2024-10-14T13:21:24.354032Z,en,,622,29,33,https://yt3.ggpht.com/bLImbyvjJa6VZ45K9r13QCnfqe1CMMnUAx9g5DkkByQ1kAUq_FGKGG2AuvD_jK78USfZchGq=s800-c-k-c0x00ffffff-no-rj,,"Lifestyle (parent topic)|Knowledge|Technology"
214,UC5T59a1MUQpDQg2jxfE6MfA,"Computer Education Easy Way",,2021-02-17T13:54:35.091367Z,,,651,4,10,https://yt3.ggpht.com/ytc/AIdro_n68ziQLwlP2zE2AoW58ea3RWol98GNssqM9F9i2ODfKsPj4j3sBfuxm6Wo8-ppOXb3Jw=s800-c-k-c0x00ffffff-no-rj,,"Knowledge|Technology|Lifestyle (parent topic)"
215,UC8ut56hQd6E7Asnv-l4TBsQ,SnapTab," ",2021-06-30T19:04:23.818615Z,en-IN,IN,2740,40,11,https://yt3.ggpht.com/S2a3ivZoiviGUzHwLQr5pyxSJxbdR-ZmgDQlXi39jgpqNXLNaMTV7G4ngYiGOs_PYL9S-szdUZE=s800-c-k-c0x00ffffff-no-rj,,"Lifestyle (parent topic)|Knowledge|Technology"
216,UCiFvWtU3AO4uKtA41Nv5Rww,"Coding Challenge","Hey guys, this channel will help you learn programming in new Technique. You guys panic about coding rounds in interview? This is the perfect place to learn how to crack those questions. we solve a programming question in 4 different language C Python C++ Java Lets come with me to rock at interview",2019-06-15T12:26:25Z,,,1682,38,13,https://yt3.ggpht.com/ytc/AIdro_kh-06ohMRlRlvOxMLMk3Z2KcPf9kHW8bimRASD-ldkng=s800-c-k-c0x00ffffff-no-rj,,"Lifestyle (parent topic)|Knowledge|Technology"
217,UChti8oyWC3oW91LpfZ2bmSQ,"CPPP Conference","Videos of the talks given at CPPP, the French C++ conference. You can get more information on the conference, incoming and past editions and more at https://cppp.fr",2019-06-24T20:20:00Z,,FR,51330,958,42,https://yt3.ggpht.com/ytc/AIdro_m6FQb2ph4Sm9QrFveIui0AryL7IqCrHQAvn1B7BUfoNQ=s800-c-k-c0x00ffffff-no-rj,C++|CPP|Conference|Programming|Cplusplus,"Lifestyle (parent topic)|Knowledge|Technology"
218,UCTMDnqlqwJGjvdVA_0ZEOjA,"Programmers Den (Fari Rajput)",,2014-11-16T11:42:36Z,,,9680,593,71,https://yt3.ggpht.com/ytc/AIdro_mlXZDvlI9tN8dn0t1Ho8Ac4NWZ_HdWa1H_vURXZ-AmR6w=s800-c-k-c0x00ffffff-no-rj,,"Lifestyle (parent topic)|Knowledge|Technology"
219,UCYneZkLYK_mmdQvP_suG6vg,"Code Upload","If you ever feel you are a beginner and don't have anyone to code with you ,then subscribe to the channel and embark on a coding journey.We will code in C/C++ and will meet arrays some day , and pointers on others and strings in between and linked list and other data structures some other day. Gonna be a long journey...no worries. Currently I am a first year undergraduate in computer science engineering. When I started programming, even I found it very difficult to understand coding, so I decided to start this channel in order to add some value, even little and started making coding vidoes to explain codes in simpler manner, being a beginner myself, all I can do. I upload coding videos , solving problems from some popular platforms like hackerrank ,leetcode, codechef and various other programs in C/C++ . Learn together and grow together, that is all folks. Happy coding!!",2021-05-13T10:22:15.07801Z,,IN,26260,147,58,https://yt3.ggpht.com/7Anz-XsQxmgwH65Sb9SE-8UAG-6-3YrvqryP04jR-8513J-ZF3CzcWOdJjv_rWkv57WPz2rtoA=s800-c-k-c0x00ffffff-no-rj,"codeupload|codechef|hackerrank|coding|code upload|competitive coding|codechef solutions|array in c++|Code Upload","Lifestyle (parent topic)|Knowledge|Technology"
220,UCB6F46fHe-fYNiy-inO2Hcw,GabrielxC++,"Hello my name is Gabriel and I like to make 3D and programming stuff :)",2022-12-16T01:43:32.861505Z,,,983,14,9,https://yt3.ggpht.com/WuLFELQJzp_6AIdUg-pEr8VcOvJ69n5pRfxWRUng5ZDbHyyfuFaoOb9kkGOvS0GCrRkCDYCkGA=s800-c-k-c0x00ffffff-no-rj,,"Technology|Puzzle video game|Gaming (parent topic)|Knowledge|Lifestyle (parent topic)"
221,UCUcW2mIbRl189UBMSHOp-dA,"Cimplified C++","C++ Simplified for Beginners! ",2016-10-05T08:20:28Z,,IN,38844,186,9,https://yt3.ggpht.com/qPODU1Il90D141aEX-i9HfuUDLC8uCQT9rqccvOSKurZhuTDHt1O0RZLtZ0Z7Lr306BmB8_SDw=s800-c-k-c0x00ffffff-no-rj,,"Lifestyle (parent topic)|Knowledge|Technology"
222,UCVwZ8lzI5IFheguymOY-_nA,"Coding With Anjani","Hi All, This channel is a one stop solution for the people who love Coding/Programming. Here, We will learn Programming/Coding and other Computer Science Topics with Placement Ready Courses. I will explain in the easiest manner possible so that each and everyone can understand and grasp. I will also post about Job Openings. You can connect me on the social media platforms where I can solve your doubts/queries. Overall, ""A Complete Package for a CS Aspirant to land into a dream job."" ",2022-04-15T07:15:49.715467Z,,IN,329,63,11,https://yt3.ggpht.com/uTZb4FO4MjpsbqUmP7glrW5cYzcowKZn2WyvjQ2qmfZVjQcbUDMOBIHnnHmp88cDjwoba-LxPA=s800-c-k-c0x00ffffff-no-rj,,"Technology|Knowledge|Lifestyle (parent topic)"
223,UCBOp3UKaJK9VtXLC6VRlioQ,"DATA STRUCTURES USING C AND C++(IN HINDI AND ENG.)","THIS CHANNEL IS DESIGNED IN A WAY THAT ANYBODY WHO WANTS TO LEARN DATA STRUCTURES IN EASY WAY CAN UNDERSTAND IT FROM BASIC TO ADVANCE LEVEL.I USED COMBINATION OF HINDI AND ENGLISH LANGUAGE FOR BETTER UNDERSTANDING.WE WILL DISCUSS ALL DATA STRUCTURES LIKE ARRAY,LINKED LIST STACK,QUEUE,TREES AND GRAPHS IN DETAIL.BUT BEFORE STARTING ANY DATA STRUCTURE WE WILL DISCUSS ALL BASIC PROGRAMMING SKILLS LIKE INPUT,OUTPUT,IF,SWITCH,TERNARY OPERATOR,WHILE ,DO WHILE,FOR,POINTERS SO THAT WE CAN HAVE BETTER UNDERSTANDING ON DATA STRUCTURES.WE WILL ALSO DISCUSS DATA STRUCTURE QUESTIONS WHICH ARE FRQUENTLY ASKED IN CAMPUS RECRUITMENT.",2022-08-19T12:19:56.691233Z,,IN,1228,87,25,https://yt3.ggpht.com/Zz2MF2hewHXw8-3ZbchB9Sy_EmzOHAD1LquwB3hgwQPh85ZdO4mwknkmdCzeT-Lu8z6DgJJ_Uw=s800-c-k-c0x00ffffff-no-rj,"DSA|awasthi|c|basic|vivek|algorithm|c++|by|data|structure|structures|programming|program|basics|PREREQUISITES|JABALPUR|GLOBAL|COACHING|DBMS|LEARNING|ONLINE|C|C++|DATA|STRUCTURES|VIVEK|AWASTHI|SIR|ADA|printf|scanf|cin|cout|stdio.h|iostream.h|if|switch|for|while|pointer|array|python|java|DATA STRUCTURES|ternary operator|do while","Technology|Knowledge|Lifestyle (parent topic)"
224,UC8hjjqF15NyZyR2_FFoCD6w,"Short Tutorials","Learn things in five minutes. # c programming #matric computer #intermediate computer #ics #computer science",2021-05-07T05:47:10.305424Z,,PK,72,0,11,https://yt3.ggpht.com/fr2QuiJWS1BpGpLDcjv4WyLJ2cZjd0fPGjwqENHxhbyrltTVJjpuyt98_RTe8Sug0im7AjBYjQ=s800-c-k-c0x00ffffff-no-rj,"cprogramming|programming tutorials|c programs|intermediate computer|ics computer|computer second year|bs computer science|bs it computer|programming fundamentals|array sorting|array searching|c++ programming|c++ programs","Technology|Knowledge|Lifestyle (parent topic)"
225,UCtHBwfuuJtbfo4MTOnE0bdw,DANIELSMS,"Hi! My name is Daniel Simanullang. I love doing competitive programming. From the basics of C++, to the more advance side like Segment Tree, I will try my best to cover all of these and share the knowledge I have to you guys! I started this channel mainly because my friends are trying to learn competitive programming or C++. I decided that it is a good idea to make a Youtube channel so that everyone can also gain knowledge. Hopefully you like it! ",2023-01-22T16:03:42.562568Z,,SG,3335,95,25,https://yt3.ggpht.com/er8Pcc0lF02XxjSJp-_b5fbrL6cFcWUtFj6xBwpkVfyK6FTEVe9N9I8jfT74mELcdJADAQbZQg=s800-c-k-c0x00ffffff-no-rj,"danielsms|programming|c++|greedy|bruteforce|math|dynamic programming|competitive programming","Lifestyle (parent topic)|Knowledge|Technology"
226,UCz3z0bWfIdjBL23ayCdFQmw,"printf(""Standards"");","printf(""Standards""); delivers clean code, sharp practices, and powerful concepts reimagined through rhythm, lyrics, and storytelling. We break down core programming principles, legendary patterns, subtle optimizations, and brutal bugs, all synced to cinematic soundscapes and hard-hitting bars. No fluff. No commentary. Just raw, visualized code backed by unforgettable beats. From foundational algorithms to modern dev hacks, we turn software craftsmanship into an immersive experience. Perfect for devs who don’t just write code, but feel it.",2025-07-14T20:21:26.832768Z,,,78738,1110,14,https://yt3.ggpht.com/jlFHd4IxQPr-AiCs9KQp75rFwiFNnJI7fRVAOWh_fZLEPA5-rqz-TsPxB9gqkNl30ngs0Q_n-gY=s800-c-k-c0x00ffffff-no-rj,"coding tips|clean code|software design principles|object oriented programming|C++ tips|learn programming|beginner coding tips|code maintainability|software architecture|SOLID principles|programming best practices|clean architecture|writing better code|refactoring code|coding for beginners|code optimization|modern C++ practices|design patterns|programming concepts|development tips|learn to code|software engineering tutorials|write clean code","Lifestyle (parent topic)|Knowledge|Technology"
227,UCjaAVLAJzKQFqOzOqYVbV0A,"Programming With Paul","Programming With Paul is a channel where you can learn various concepts about the C and C++ programming languages in a simple manner. The channel is dedicated to breakdown difficult aspects of programming language and programs into simpler and understandable theory. Like.Share.Support.Subscribe!!! ",2022-02-13T18:52:37.385013Z,,IN,578,9,9,https://yt3.ggpht.com/bsaPVGt2yXBNMJ0_yf5CvTSruzCgiOpgfq8P4McJWmczCVbGhNxFsvFx4lOApaqwAR3inTzDTQ=s800-c-k-c0x00ffffff-no-rj,"ProgrammingWithPaul|programmingwithpaul|Programming With Paul|programming with paul|paul programming|programming paul|c programming|c++ programming|programs in c|programs in c++|c++ programs|c program|c language|c++ language|learn coding|programming tutorial|c language tutorial|c tutorial|c++ language tutorial|c++ tutorial|learn c|learn c++|learn c in hindi|learn c++ in hindi|c in VS code|c++ in VS code|c in turbo c/c++|c++ in turbo c/c++","Lifestyle (parent topic)|Knowledge|Technology"
228,UCNHd1ZwcizbXgvHbLGx4CAg,Programrz,"Heyyy techiess. Being a student i went through different phases of being stuck on my code for hours and not getting help lol. Tbrough this i am trying to make coding as well Other SE courses easier. Happy coding",2021-08-30T14:26:15.993751Z,,,885,19,16,https://yt3.ggpht.com/kubmgYAfq_lUFcy3-siFBrcltVyp42jEMN7NLtFfb7WKdiu4e-LQyHH1jpuWGpFtWprymU_hmQ=s800-c-k-c0x00ffffff-no-rj,,"Lifestyle (parent topic)|Knowledge|Technology"
229,UCW9djsi6CXDrFwYS4p3ds5A,itteacher1,"Educational Channel. Computer Programming with C, C++, VC++, Java, PHP, Ajax, HTML, CSS, Javascript are in my plan. Some Math, Yoga, Mind Mapping and Science Videos also will be added.",2011-04-05T15:32:50Z,,,91283,237,37,https://yt3.ggpht.com/ytc/AIdro_nUTsNzk8BkNq5Ri6RCVhs6RhiZ2YHkvElujb20_0g=s800-c-k-c0x00ffffff-no-rj,"Computer|Programming|C++Tutorial|Java|VB|VC++|HTML|CSS|PHP|Computer Fundamentals","Technology|Knowledge|Lifestyle (parent topic)"
230,UCxUlaEgsaqrc8_o844IJWDA,"Code Yaatra","Welcome to Code Yaatra! Here, we dive into coding problems, solutions, and a bit of theory to help you sharpen your programming skills. Whether you're a beginner or looking to tackle new challenges, this is your journey to mastering code. Join us on this adventure!",2023-02-26T04:21:34.363746Z,,,5446,18,10,https://yt3.ggpht.com/dGrWrrKaRPA9GDztF0rQOGkJLE7asvBbxifOwGSVjrNazTtH3CY23sJjJOmHiUevbxdLVdoa3g=s800-c-k-c0x00ffffff-no-rj,,"Technology|Knowledge|Lifestyle (parent topic)"
231,UCjJg9SrDc1tiv6Q7WDICiaw,"Dev C++ ",C/C++,2020-03-05T14:05:09.85942Z,,JP,43905,2280,22,https://yt3.ggpht.com/FdpT0SJQTBC5HbsywMore2LexYHRwHhKxMPlca9veKZRzEEaqNCui0acWCnuOjtMPe1SNtiv=s800-c-k-c0x00ffffff-no-rj,"vs|c/c++|c++|tutorial|MFC|TUTORIAL|C/C++|vc c++|c c++|VS C++ MFC","Knowledge|Technology|Lifestyle (parent topic)"
232,UCJ9v015sPgEi0jJXe_zanjA,"C++ Russia — Конференция по разработке на Cpp","Конференция для C++ разработчиков Ближайшая конференция — C++ Russia 2025, 13 марта (online), 20—21 марта (Москва + online). Подробности и билеты по ссылке ниже. C++ Russia — конференция по разработке на C++. Мы специализируемся на хардкорных докладах и обсуждаем: — новые идеи и тренды в использовании С++; — тулинг и практики тестирования проектов; — парадигмы программирования; — многопоточность, асинхронность и конкурентность; — компиляторы; — библиотеки; — безопасность. Основная идея сообщества — это обмен опытом. Поэтому в программе не только доклады, но и дискуссии, знакомство с коллегами и афтерпати. Конференция проходит в офлайне, но также можно присоединиться к онлайн-трансляции. ",2016-12-15T04:58:45Z,,,1575305,16600,568,https://yt3.ggpht.com/8uwrQRZF0C1k2qHqmsoU0nwInHw1s_1bcv0G-aNd88LkKGX5im8WeD35XoQVB5xhe93sdMxPpg=s800-c-k-c0x00ffffff-no-rj,c++|cpprussia|cppsiberia,"Technology|Knowledge|Lifestyle (parent topic)"
233,UCmH72C4GJ74W-OzL0XpdR5g,"Cxxdroid - C/C++ compiler IDE",,2025-11-01T07:22:54.019497Z,,,0,0,0,https://yt3.ggpht.com/ytc/AIdro_njv5bj96nXZPdVSGWFsAya7ecRhM4u_78FX5cOyq1Aefxs0LYhy-CVDYRCpSNnYeaQwA=s800-c-k-c0x00ffffff-no-rj,,
234,UCyuMjj1O7QEM9wQ49HG35SQ,CodeWithAD,,2024-01-07T21:45:21.776187Z,,,1658,69,27,https://yt3.ggpht.com/mxtcsoIRwIVs_AznYA1vNS505yuR6ZBZUpqrNLUyc2txBw_SiUkfwSMvDhl4xzU0cPLFU3wBmw=s800-c-k-c0x00ffffff-no-rj,,"Technology|Knowledge|Lifestyle (parent topic)"
235,UCkDUUde6rRH5uXyrHT2f3jA,"@ c.c++ apnateacherclases.1","Hello friends ager AP hamre YouTube channel PR pahli baar aye ho to hame like subscribe jarur kre thanks for hum is main c,c++ ke bare main padayenge ager ap ko videos pasand ati hi to hme like and subscribe jarur kare or hum python programming language ",2024-01-22T07:30:54.610836Z,,,113,2,15,https://yt3.ggpht.com/T5PzSrzVRUyF3_-_02ZPMQPNRiTjZeBy1yFoTxLSTf9xovlIgxgNBqZLKwK4lefYj1cNiCxVlA=s800-c-k-c0x00ffffff-no-rj,,"Technology|Knowledge|Lifestyle (parent topic)"
236,UCM3kbOmNXZfbpZgkKuO77yA,"M W",,2011-12-17T16:41:09Z,,,8127,145,30,https://yt3.ggpht.com/ytc/AIdro_nezRN-sFUh0Kkurhz2ru5t_7x-N2Z1xNoGF8oU5Yl_CFE=s800-c-k-c0x00ffffff-no-rj,,"Technology|Knowledge|Lifestyle (parent topic)"
237,UCAQC5SxBVG9OaUZVjrOEwfw,EduGranth,,2015-01-12T18:46:35Z,,,6811,24,12,https://yt3.ggpht.com/ytc/AIdro_kkE6Q8T7TbsDdG5MP0UsbAV-ujvc82Ww3aRqhKqpJ0ww=s800-c-k-c0x00ffffff-no-rj,,"Technology|Knowledge|Lifestyle (parent topic)"
238,UC_Os2N_lQX32N4mYW_VM0eA,"MOOC EPFL Initiation à la programmation (en C++)","[English below] Cette chaîne YouTube reprend les vidéos d'un MOOC (cours en-ligne) donné sur Coursera qui initie à la programmation en utilisant le langage C++. Il ne présuppose pas de connaissance préalable. Les aspects plus avancés (programmation orientée objet) sont donnés dans un autre MOOC, «Introduction à la programmation orientée objet (en C++)». ========== This YouTube channel gathers all the videos from a French speaking MOOC (Massive Open Online Course) given on Coursera. That course provides a first introduction to programming, illustrated in the C++ language. More advanced aspects (Object-Oriented Programming) are presented in another MOOC, named ""Introduction à la programmation orientée objet (en C++)"".",2014-06-16T08:48:50Z,,,231944,3380,44,https://yt3.ggpht.com/ytc/AIdro_k_xBd7w9BOiu0_LC_Og7JlMt61cABR1HkUt5dWWMtbSA=s800-c-k-c0x00ffffff-no-rj,,"Technology|Knowledge|Lifestyle (parent topic)"
239,UCF964mc_sqMCoHBWdrV_YOw,"C++ Code Lab","°°°°°°°°°°°°°°°°°°°°°°°°°°°°°°°°°°°°°°°°°°°°°°°°°°°°°°°°°°°°°°°°°°°°°°°°°°°°°°°°°°°°°°°°°°°°°°°°°°°°°°°°°°°°°°°°°°°°°°°°°°°°°°°°°°°°°°°°°°°°°°°°°°°°°° C++ Code Lab: Free C++ Programming Course Join C++ Code Lab, a free course designed for computer science students and anyone eager to learn C++. Our hands-on curriculum covers everything from basics to advanced concepts, taught by experienced instructors. Engage with a supportive community and enhance your coding skills. Whether you're a beginner or a seasoned programmer, C++ Code Lab offers the perfect environment to master C++ at no cost. Start your coding journey with us today! °°°°°°°°°°°°°°°°°°°°°°°°°°°°°°°°°°°°°°°°°°°°°°°°°°°°°°°°°°°°°°°°°°°°°°°°°°°°°°°°°°°°°°°°°°°°°°°°°°°°°°°°°°°°°°°°°°°°°°°°°°°°°°°°°°°°°°°°°°°°°°°°°°°°°° This version captures the key points succinctly. ",2023-08-20T22:49:54.428759Z,,,1847,108,25,https://yt3.ggpht.com/hwjoixdeJV4uI_8Yc_HiZlZUyOSInwy8EI2hzTakEqLR-UZSdiAn23vqDJQVLhJHvaJDRTA77g=s800-c-k-c0x00ffffff-no-rj,,"Technology|Knowledge|Lifestyle (parent topic)"
240,UCnujoUQSSGYYmYKKxDVKkDg,"Sherry Zia","In this channel I’m explaining the basics of C++. I’m going to create the projects using Dev C++ and explain the basics of Dev C++. This is an introduction tutorial channel and it’s beginner-friendly. So if you want to start to learn C++ programming, start here.",2016-06-06T22:24:48Z,,,1080,38,17,https://yt3.ggpht.com/ytc/AIdro_kISvm18zoaEBdejkUPIU6x9_fN8XgogkmKwxe0l6xpgp4=s800-c-k-c0x00ffffff-no-rj,"Codewithsherry|Sherrycode|Programing|Devc++|Dev c++|Sherry code|C++ language|C++ tools|C++ tutorial","Technology|Knowledge|Lifestyle (parent topic)"
241,UCga88f07p5mV7uWiK9p3roQ,"CoderGears Team",,2011-10-21T12:28:20Z,,,44058,54,19,https://yt3.ggpht.com/ytc/AIdro_ktVBYX0kb8bOLHSW3shYGC_Anv0MEdaBrO11oPq8npypc=s800-c-k-c0x00ffffff-no-rj,,"Lifestyle (parent topic)|Knowledge|Technology"
242,UCs0ORObluV6EACTWYmOLqUw,"Sarwari Tech",,2023-08-04T08:26:48.668188Z,,CH,683,58,14,https://yt3.ggpht.com/eMygImsa4FHY1EU0fRNScWLQBefNDtYXpDCxpcDnJilTd3plAVHU8o15IunLBbpTzolzfhh7yQ=s800-c-k-c0x00ffffff-no-rj,"Rohullah Amin","Lifestyle (parent topic)|Knowledge|Technology"
243,UCIvY3aMYBdfgY8Z7JegBx-w,"Make Things With CPP","MakeThingsWithCPP.com is a completely free project-based instructional video set on how to program in C++.",2018-08-22T05:42:03Z,,,3212,32,28,https://yt3.ggpht.com/ytc/AIdro_nuGZN-PYlYE_4P58YvAdI3T9a7e9aO7xki1nM5cSCh1Q=s800-c-k-c0x00ffffff-no-rj,,"Lifestyle (parent topic)|Knowledge|Technology"
244,UCrm-SMTvWmK3k-7ngi3twdw,"James Raynard","These videos are taken from my course ""Learn C++ the Modern Way"" https://www.udemy.com/learn-c-the-modern-way-the-fundamentals/learn/v4/overview This course will teach you how to program in the powerful and efficient C++ programming language. No previous experience of programming is needed. There are lots of exercises, so you will gain practical experience of programming as well as learning the theory. You will learn: C++ fundamentals, including C++11 and C++14 How to write procedural programs in C++ How to write C++ programs which use classes How to find solutions to programming problems https://www.udemy.com/learn-c-the-modern-way-the-fundamentals/learn/v4/overview",2018-06-10T13:24:51Z,,,5831,88,37,https://yt3.ggpht.com/ytc/AIdro_lttoe-b_GbQB_SVZ6HLSX2KGOiV72Muth8GfuFLaaUZQ=s800-c-k-c0x00ffffff-no-rj,C++|C++11|C++14|learn|course|begin|programming,"Lifestyle (parent topic)|Knowledge|Technology"
245,UCA_RuovjL2mLJYTpJ0WmKHA,"coding plus","Coding plus CODING PLUS C++ C language Python Java Javascript Programming language #cprogramming ",2023-03-14T15:46:28.753268Z,,IN,4845,56,21,https://yt3.ggpht.com/DsYC5t6IdDrDgWz_LFKgEnDACKNK9Ja4-mIDpKxiscfuWzZ5e2uNuriWtQmy7j49K_TpoW7a=s800-c-k-c0x00ffffff-no-rj,"Coding_plus|CODING _PLUS|Coding _plus","Lifestyle (parent topic)|Knowledge|Technology"
246,UCuOLFC56MYObnSW_5JmKGTg,"Shuaib's code zone","""Welcome to Shuaib's Code Zone! I'm Shuaib Akhtar Raju, a passionate C++ programmer and educator. This channel is dedicated to sharing my knowledge and expertise in C++ programming. ",2024-10-24T10:19:51.446689Z,,,2292,28,18,https://yt3.ggpht.com/t-Wp3PemuEcnF1Ju6-Yuv4P9nvDjt-stmCeSCZj35XqhcBhIaH7dvj3kbfqrdztfQQVpdq90=s800-c-k-c0x00ffffff-no-rj,,"Lifestyle (parent topic)|Knowledge|Technology"
247,UCXNm5Vifl7ydmc8DR1MVs7A,"The Unexpected Coder","Hey Friends! Come let's code together C C++ Java Python If you have any query you can email me Email:- TheUnexpectedCoder@gmail.com ",2022-10-23T04:25:53.940134Z,,,1355,75,20,https://yt3.ggpht.com/n6FSc9KpE41IsVA5Ncht6yu9ECk3W7KzBN8Jx0m9Ad4pzKgbB2xb3gf6Oe6zS44OHN4fW-6W=s800-c-k-c0x00ffffff-no-rj,,"Lifestyle (parent topic)|Knowledge|Technology"
248,UCxnF8lL4HjKDk-KFGE43KsA,"Let’s code","👋 Welcome to Let’s Code – your one-stop destination for learning technology, coding, and how things work! 🚀 On this channel, we make tech concepts simple and fun to understand. Whether you’re just starting your coding journey or exploring how modern technologies like AI, smart devices, and software really work, we’ve got you covered. 🔑 What You’ll Find Here: 💻 Beginner-friendly coding tutorials (C++, Python & more) 🔁 Step-by-step dry runs & code execution explained ⚙️ Tech explainers – how things work (smart glasses, AI, devices) 📝 Practice problems & exercises to boost your coding skills 📚 Easy-to-follow lessons for students and tech enthusiasts We believe in learning by doing, so every lesson comes with code examples, outputs, and clear explanations. 👉 Subscribe to Let’s Code and start your journey into the world of programming & technology today! #Coding #LearnToCode #TechExplained #Cpp #Programming ",2019-11-29T10:54:42.687208Z,,IN,468,12,9,https://yt3.ggpht.com/Cmz4Tk3ABCIFOm-s8ZwkbsDCh_0OvJ0NErOuYHWfSOlJ7te16RwAsu7VxzHULV53S3mhwpWF=s800-c-k-c0x00ffffff-no-rj,,"Technology|Lifestyle (parent topic)|Knowledge|Gaming (parent topic)"
249,UCFt7a0gXcCuErFU_fAJCE6A,"Star Tech","This Channel aims to provide with Curated Education to students who want to grow, improve, learn and do something Big in their lives. So, Learn the Curated Stuff and also show your friends and Juniors the Right Path. Contribute in making a community that is Self-Sustainable. To the Point, Short and Practical - These 3 terms defines our Content. Pakistan Zindabad. ",2021-11-23T09:43:50.173872Z,,PK,1133,29,14,https://yt3.ggpht.com/gDLaxwTc57X6SyPrPG_RsCqpoDs03u1ye79L6P_lwP5_EYlda1IZplkShiSCKxMN68ndO7FNTg=s800-c-k-c0x00ffffff-no-rj,"tech|star|information|solutions|programming|OOP|Classes|StarTech|new technology|star tech","Lifestyle (parent topic)|Knowledge|Technology"
250,UCgV3dcvvEQNEuCV6IAWwmCw,TheTepidCoder,"With this channel I am first to teach my nephew C and eventually work into C++. By starting with C and slowly adding C++ features, I show how it adds quality of life and safety. The goal of this channel is to aid him in learning with /supplementary content/ to what I show him when just the two of us are hanging out. I'm also creating videos that cover much more content than we've discussed in case he wants to look ahead and ask questions about what he doesn't understand. I'm hoping that allowing him to broach concepts early will help our time to be more focused and productive. As of 2024-08-05, there aren't yet any ""purely"" C++ videos published (just queued). I currently have videos scheduled to be released until the 12th of this month. Past this point, I'll make an effort to use increasingly idiomatic C++. With that said, I do dislike iostream, for example. I CAN'T WAIT for C++23's std::print so that I can comfortably drop the c-style [fns]n?printf functions in more situations. ",2023-10-23T15:21:51.856146Z,,US,3400,73,76,https://yt3.ggpht.com/SPB70uvc5d1Lta3Nz8QVuA4kDb8-kzRPmtDEoizUhMNoVPkj6oQ5AySdxZzJkuo1PvFuna7qPg=s800-c-k-c0x00ffffff-no-rj,"C++|programming|C language|software development","Technology|Knowledge|Lifestyle (parent topic)"
251,UCXOrxOEI1Q-AEFWLxxZoNkw,"NextGen Coders","Welcome to NextGen Coders ! Here you’ll learn programming languages, coding fundamentals, and full professional courses step by step — from beginner to advanced. 💻 What you’ll find here: Tutorials on C, C++, Java, Python, JavaScript and more Complete coding courses explained in simple English Tips, tricks, and real-life coding projects Interview preparation & problem-solving guidance 🎯 Our mission: To make programming easy, practical, and career-focused for everyone. Whether you’re a student, beginner, or aspiring developer, this channel will guide you to become a skilled programmer. 👉 Subscribe now and start your coding journey today! ",2025-10-03T04:21:17.095223Z,en-IN,IN,1871,62,10,https://yt3.ggpht.com/2zxDhQistdMp1hAUADhbJB9t_oDYkSx4yHfwU_4WqX0a-LN7avAZsvIm7zsRMqMvmhgtC5a6=s800-c-k-c0x00ffffff-no-rj,"learn programming|coding for beginners|programming courses|learn C++|Python tutorial|Java programming course|coding tutorials step by step|programming languages explained|full coding course|data structures and algorithms|programming in Hindi|coding in English|learn coding from scratch|computer programming basics|coding interview preparation|web development course|software development tutorial|free programming courses|best programming channel","Lifestyle (parent topic)|Knowledge|Technology"
252,UCXfYzkxKLKfthXH6hkJhtsg,"Programming Baaz","We teach simple visual and shell based programming here. #learning #programming #c/c++ #coding",2021-01-12T15:49:06.537523Z,,,3206,31,11,https://yt3.ggpht.com/ytc/AIdro_mpTosDy9h3dc7VKCwGOJn5j2YeAFz6ymb-JoGy2Gg=s800-c-k-c0x00ffffff-no-rj,,"Technology|Knowledge|Lifestyle (parent topic)"
253,UCqM742ohpI60pWAtzYR2H3w,"Code Spell","This channel is for anyone interested in s/w and programming. Specially newbies and intermediates",2011-03-10T01:48:23Z,,,25962,1840,12,https://yt3.ggpht.com/ytc/AIdro_nu7O94wfSUkYH6RLZ-qn7_g889wHiV7XkScbttFJydbg=s800-c-k-c0x00ffffff-no-rj,programming,"Technology|Knowledge|Lifestyle (parent topic)"
254,UCnuj_TIBO0mEdKal2bEkaAQ,Logic++,"Dive deep into C++ programming and focus on mastering concepts that are essential for cracking technical interviews. I’ll be building real-world projects, sharing clean code practices, and explaining system design and object-oriented principles in a simple, structured way. Along the journey, we’ll also explore the latest updates in C++ and modern programming techniques. ",2025-09-04T19:39:05.577238Z,,,403,15,24,https://yt3.ggpht.com/9UlqKt7h8cblS_rihanyYlWAh-T1GuDN8wURtCAnud6ILBKgvsZvqzSGlrNe6s9Nf95d-0wRJw=s800-c-k-c0x00ffffff-no-rj,,"Lifestyle (parent topic)|Knowledge|Technology"
255,UCqLVDNa2tHOvogL4XHKaI9Q,"Coding Will","Coding Will is Vernacular Upskilling platform revolutionizing the way you learn & develop your career skills. 🚀 Coding Will is my attempt to teach basics and those coding techniques to people in short time which took me ages to learn. At Coding Will, I provide a quick and to the point demo along with resources of anything and everything. Quality programming videos in Hindi and English :) 😍 In this channel we are try do our best to make thinks easy for you. 👉Subscribe & join us on this transformative journey. Learn: ✅ Coding ✅ C/C++ Programming ✅ Java Programming ✅ MySQL ✅ Kotlin Programming ✅ Git & GitHub ✅ Android Development ✅ Web/App Development ✅ Cyber Security ✅ Python ✅ Data Science/Analytics ✅ Video Editing So, if you want to see our high-quality videos Please Subscribe to our Channel and heat notification bill so you notify when we upload new video for you guys. ✨My name is Ritik Follow Me: 👉Instagram: https://www.instagram.com/ritikcoder ",2023-05-18T20:39:25.700549Z,,IN,5140,138,109,https://yt3.ggpht.com/mfZMZm4cWF1mmuaQZJTdbyDHnBZvBNNGT2GDsZ7obpKgXT6eKGId8Jpq83RpFgud-LMjHm2n5A=s800-c-k-c0x00ffffff-no-rj,"Coding|CodingWill|CodingVideos|Programming|ProgrammingLanguages|TechVideos|Ritik|RitikCoder|codewithharry|apna collage|C programming|C language|C++ language|coding world|coding videos|learn more","Technology|Knowledge|Lifestyle (parent topic)"
256,UCE0T2r08aJfn--1-nC0Afzg,SoftCode,"Do subscribe to learning programming languages with SoftCode. We will provide tutorials after completing 1000 subscribers. You will learn: 1. Basic c++ 2. OOP c++ 3. Basic java 4. Core java 5. Gaming development project 6. Web development project 7. App development project 8. Basic python 9. Python libraries 10. Efficient code Hit the subscribe button. 1 subscribe = 1000 motivation. Do it because we are here to assist you.",2024-03-14T10:27:53.915586Z,,,1679,8,11,https://yt3.ggpht.com/br3fI1OMKtNgsc1O9UGDZg8hBVTTlPIVVhysj9XDWzc3t8Acsq_zDj7oNl1h0IsEBddylTKp_AQ=s800-c-k-c0x00ffffff-no-rj,,"Lifestyle (parent topic)|Gaming (parent topic)|Knowledge|Technology"
257,UCPW6CuJLReyycekj5hMhaqw,"Uet Peshawar C++ program","Uet Peshawar C++ program Engr.suliman Khan ",2022-04-10T08:54:52.334417Z,,,294,6,9,https://yt3.ggpht.com/VkpDeZehcxfP5x6EpUrsvZ5TU6jPoI_xcKk0ToNDCqiJWIsYMXuHAMrTH4ZCl0aGwH0Q1TOvpA=s800-c-k-c0x00ffffff-no-rj,,"Technology|Knowledge|Lifestyle (parent topic)"
258,UCwLmluP6_vBWdQ_gGuIO70w,"Smarter Learning","That Channel which is specified for learning purpose as consume learn the skill on less time limit to serving smart in the society. Email: smarterlearningofficial.com ",2020-09-18T11:54:16.030078Z,,PK,3448,13,34,https://yt3.ggpht.com/ytc/AIdro_nSqB3cwIn1adcVlk6poSwjQIuwcYPvbEahsGoUglMn9w=s800-c-k-c0x00ffffff-no-rj,"smarter|learning|c++|graphics|smarter  learning|smart learning|smart learn|smarter learn|c language|computer graphics|fast learn|to serve smart|fast learning","Lifestyle (parent topic)|Knowledge|Technology"
259,UC4Q1kCQ7eyOcvLFdCQ48LGQ,"C++ and Python Programs Simplified ","Hello everyone! This channel is meant for programs related to Turbo C++. Hope it'll be useful :)",2024-06-18T15:26:46.732852Z,,,1187,5,32,https://yt3.ggpht.com/1YSPkWgPEaucf47Z0vNDJmVMDg-VR1LJYtr1pa_IKDFFuT-gH8nfE274QbH1euVtCDGGeVs-=s800-c-k-c0x00ffffff-no-rj,,"Lifestyle (parent topic)|Technology|Gaming (parent topic)|Knowledge"
260,UC9WSjgWMvOVb5tvAH2M-JPg,"Ali Irshad","Hi, I am Irshad In this YouTube Channel I will post educational content videos mainly on Programming, interviews of those who are placed and my personal experience regarding Interviews. This Channels helps to 1. Learn C/C++ Language 2. Interview preparation students 3. Explore more opportunities 4. Interview experiences ",2022-03-15T09:29:30.833778Z,,IN,1072,51,48,https://yt3.ggpht.com/29sm85QFW7cKCZA6RHGy0cZ6dzREdYoNSXPA9Mc_nXoC5SoYzVhR1wgHGVrNeOLp5-dOGuk2RQ=s800-c-k-c0x00ffffff-no-rj,Irshad,"Lifestyle (parent topic)|Knowledge|Technology"
261,UCwqfkf-Rch_ykydEr7oaXzA,develop::err," Dive into software development, game dev, and graphics programming. Here I break down C/C++, OpenGL, game engines, and low-level systems—with a focus on connecting applied theory and real-world code. Subscribe if you: * Prefer **vim** over sanity. * Like to live in the terminal * Want to build engines, not just games. * Believe ""Hello, World!"" is the start, not the finish. ",2025-04-18T14:40:37.746078Z,,,1004,48,11,https://yt3.ggpht.com/KDDLHWrOO63pzlPxRlYsceCwO98QwurQtrs_RDDvZSQ6O9eTVpvnU4Dk0XTc9z4Mh0b-Ba87nw=s800-c-k-c0x00ffffff-no-rj,,"Lifestyle (parent topic)|Knowledge|Technology"
262,UCfEI7y5SueHcL9TKtdG_U-g,"CS Sharp","This channel is all about CS . ----} C ----} HTML ----} CSS ----} C++ ----} JAVA This channel is new so for now only C related video will be uploaded IF YOU ARE STILL WITH ME . HELP THIS CHANNEL TO GROW ",2022-11-26T11:58:15.81201Z,,IN,4331,33,38,https://yt3.ggpht.com/bnmF1JXUVg27xZFo895ga3nfuTnWEK8QZ79lfB09hZ09RryB3gjwiaJkTKSOI66uLXpIXCN_m-k=s800-c-k-c0x00ffffff-no-rj,,"Lifestyle (parent topic)|Knowledge|Technology"
263,UCL-vnbFEVbfqUE5_ht5zGyA,"Rishi's Coffer","Hey guys, Welcome to the Rishi's Coffer. Our channel provides you C ,C++ coding for BCS, BCA, BSE , engineering students and coding lover's",2021-03-18T14:25:52.016982Z,,IN,103344,278,152,https://yt3.ggpht.com/W-y0uPQq9wq0Zc6X5iVTiuHnYdjoFinvK_LaKF5iCCFjhZ0H405Mc0cEvwjshjlM9sKurMbWszg=s800-c-k-c0x00ffffff-no-rj,"Tally|Apna_ideacoding|C Coding|computer shortcut keys|Computer science and Information technology|Government scheme|Digital Information|YouTube work","Gaming (parent topic)|Knowledge|Lifestyle (parent topic)|Technology"
264,UCkz9yu_Inzq95rhro9XyXkA,miku,,2021-10-08T14:30:58.813052Z,,,55,0,15,https://yt3.ggpht.com/O8GLq1Uxa9yD6RmDxoaxxUjZW9kOjhLTti7GxMWNXAWD77doAL_2h1UiDXpuircV_O6sacUtCA=s800-c-k-c0x00ffffff-no-rj,,"Technology|Knowledge|Lifestyle (parent topic)"
265,UCBwmMxybNva6P_5VmxjzwqA,"Apna College","Started with a vision to provide learning that helps students get placed in Tech companies. Syllabus needs to be updated as per industry standards and college old curriculum should not be a barrier for any student. Signing off, your mentor - Shradha Khapra, Founder Apna College, Ex-Microsoft Software Engineer, Google SPS, DRDO. For College Seminars or invitation you can contact at : shradhakhapra1899@gmail.com ",2020-08-05T16:09:28.304314Z,,,1202487419,7330000,991,https://yt3.ggpht.com/FEcjRtez5od8UowDo6tTt9WlE-MrIFEmcwPMTORmK9Swk6KCklOmA3xfIG9WuLWfNYfNThQE=s800-c-k-c0x00ffffff-no-rj,,"Lifestyle (parent topic)|Knowledge|Technology"
266,UCjr71mZlZPb4NU_Jv56Vqsg,Ashish,,2015-08-19T12:10:48Z,,IN,50046,1290,9,https://yt3.ggpht.com/ytc/AIdro_k1RHnkn2UC0Q5R4UmGfvyoQYTXS6YKmSWTfBMio1Q-32I=s800-c-k-c0x00ffffff-no-rj,,"Technology|Knowledge|Lifestyle (parent topic)"
267,UCVe0PziWWQ3g5LY8eDux6rw,"Programming Sekho","Hello Friend in my channel i bring for you programming language C , C++ , java , and Many more about programming and learning please like our channel for more programming and other educational videos .",2018-06-25T19:24:32Z,,SG,1882,9390,40,https://yt3.ggpht.com/ytc/AIdro_laXF442r33NwKOt9qBZEHxuwDS1-MDQsH5_g_avZrBUw=s800-c-k-c0x00ffffff-no-rj,,"Lifestyle (parent topic)|Knowledge|Technology"
268,UCCWbOiIcDOt87e3VaX-PD8w,"RMS CodeVIBES","Assalam o alaikum guys! You can learn c++ basics and logic building in programming through my channel. Here i'll try my best to put detail of every single element of c++ programming language. I'll tell you how to design a program in c++ language.",2020-04-02T09:37:12.754723Z,,PK,18601,967,8,https://yt3.ggpht.com/ytc/AIdro_nHqQ_SlXPEFhAsxg3czS-0YXIsVCiMchBPa7nzo_NPXw=s800-c-k-c0x00ffffff-no-rj,,"Lifestyle (parent topic)|Knowledge|Technology"
269,UCuBm_aW96ECdhCgPYkcSwWw,"computer programming trends",,2015-02-09T19:17:16Z,,,59972,650,9,https://yt3.ggpht.com/ytc/AIdro_mT2rCjKg0qWQlwzEDkFTE_BxINvaw0rJhBK9TIUzU9Og=s800-c-k-c0x00ffffff-no-rj,,"Lifestyle (parent topic)|Knowledge|Technology"
270,UC7jk23VNb_QHYdP-0pYQYAg,"Nestor Gomez","VideoTutoriales relacionados con la Computación y la Informática.",2012-02-19T13:14:48Z,,,8669,33,16,https://yt3.ggpht.com/ytc/AIdro_ndoVRjW0xIL_jPJ9T345W4k6tPYMUDjFzwVzXPjXlmJiA=s800-c-k-c0x00ffffff-no-rj,programación|sistemas|informática|computación|tutoriales,"Knowledge|Technology|Lifestyle (parent topic)"
271,UC2w4h2y5ZMZ6svTJ8iR0kWA,"WALSYS Infotech [WalsysInfotech]","WE LOVE TEACHING ! WALSYS Infotech is the best and friendly online computer institute, having expert and experienced faculties. We believe in one to one attentions. feel free to contact us directly on WhatsApp: 9975035800 In this YouTube Channel we are going to prepare series on following topics 1: C Programming 2: C++ Programming 3: C# .Net Programming 4: JAVA Programming 5: ASP .Net Programming 6: ASP .Net (MVC) pattern 7: Entity Framework 8: SQL Server Tutorial 9: Python Programming 10: PHP Programming 11: Presentation on Technical Topics (Specially for students) If our videos have helped you in any way do support us to make more content by join in by clicking the Subscribe button above! :) Channel URL https://www.youtube.com/c/WalsysInfotech?sub_confirmation=1 #controlstatements​ #if_else​ #switchcase​ #cpp​ #cppprogramming​ #c​++ #walsys ",2015-09-08T06:45:03Z,,IN,8989,167,12,https://yt3.ggpht.com/ytc/AIdro_lI3JTEmfBCYZusHSurAW7P6x4VKY9YJZmhr_JS9BALkA=s800-c-k-c0x00ffffff-no-rj,"C++|programming|.Net|ASP.Net|c#|C#.Net|installation|setup|introduction|Compiler|Online programming classes|Sql Database|.Net Core|MVC in .net|C++ Introduction Setup and installation (Day One)|Day one|History of c++|built in data types|control structure|online c++ compiler|c programming|c++ programming|c programming language|computer science|computer science course","Technology|Knowledge|Lifestyle (parent topic)"
272,UCmPM_bOWwWlfsOAsVHyMftQ,Utechh,"A web developer, programmer and graphics designer . Company that will satisfy you with high quality products and services in minimum price. SERVICES:- Static and dynamic website developement, school management and attendance system , buisness management, medical management, personal websites so more that will satisfy your need. Used TECHNOLOGIES:- Python, php with MYSQL database, HTML5,CSS3 ,angular-js, BOOTSTRAP4, jquery,AjaxTechnology,javascript,Google Services,Geolocation so more.... LEARNING and COACHING INSTITUTE:- you can learn basic to advance in programming and web development with skilled professionals (industry experts). Subject:- C, C++, JAVA , PYTHON, BASIC PHP , CORE PHP MYSQL, DATA STRUCTURE HTML5,CSS3, JAVASCRIPT,JQUERY,AJAX,BOOTSTRAP,MEDIA QUERY They will directly focus on practical rather than theoretical concepts..... Call us. 7222913731, 6265854542",2016-11-05T09:33:19Z,,IN,8215,192,49,https://yt3.ggpht.com/ytc/AIdro_kE6u4iAuL3yL3EUd7Urc66FIoH3JhpmzzWVpNi40mgdpz2=s800-c-k-c0x00ffffff-no-rj,"rlchats|rltechnologies|computer_science|educational|lovekush_manjhi|ritik_tamrakar|programming|html|css/css3|javascript|bootstrap|jquery|php|mysql|sql|hardware|web development|c programming|c++ programming|basic computer|advance computer|rlchats coaching|full stack web devlopment","Technology|Knowledge|Lifestyle (parent topic)"
273,UCbFsSbufRaedGMIm-BX3ABw,"CODE SMASHER BY ATUL SIR","We make video to learn coding , programming easy to understand. C , C++ , Java , Core Java ,Advance Java , J2EE , Python , Core Python , Advance Python , Html , CSS, JavaScript , Web Development etc explained with examples. Your Queries c language c language tutorial c language tutorial Hindi c language in Hindi c language tutorial for beginners c language tutorial for beginners in Hindi c language full course c language full course in Hindi c language tutorial for beginners playlist c programming tutorials c program c typecasting typecasting in c typecasting type casting Scanf Scanf in c #coding #learnc #learncoding #cprogramming #programmer #clangames #clanguage #clanguageforbeginners #clanguagecourse #clanguagebasics #clanguageandjava #clanguagetutorial #cprogramming #cprogram #cprogrammingtutorialforbeginners #atul #atulsir #codesmasherbyatulsir ",2019-12-02T10:21:30.803716Z,hi,IN,17226,374,77,https://yt3.ggpht.com/GrULqxQVhS98AIGBu6KxIGUL8j7UTxlybngMKor974xWh_0gdJ2HoF7iKxAgBkCkufmppu41Xw=s800-c-k-c0x00ffffff-no-rj,"CODESMASHERBYATULSIR|code|scanf|code smasher by atul sir|CODE SMASHER BY ATUL SIR|Code Smasher By Atul Sir|CODE WITH ATUL SIR|code smasher|Code Smasher|coding with atul sir|coding with Atul sir|code Atul|c language tutorial for beginners|programming with atul sir|typecasting in c|type casting|what is type casting|constants in c|type casting in c|type conversion and casting in c|type conversion in c|what is constant in c|what is scanf in c with example","Lifestyle (parent topic)|Knowledge|Technology"
274,UCwWYDyryahgG-TgUGJGnTkw,"newiop Institute of Professional",,2017-09-10T16:13:36Z,,,2282,44,19,https://yt3.ggpht.com/ytc/AIdro_nKNxVpCT52ETM-_MnNYTqjBXcgXZP2WaCRSfi9EUtc9g=s800-c-k-c0x00ffffff-no-rj,"newiop|iop|learning|programming|new iop","Technology|Knowledge|Lifestyle (parent topic)"
275,UCOHQqH23pqD3oYcd_VkVWAw,"Código Creativo","¡Bienvenidos a Código Creativo! En este canal, exploramos el fascinante mundo de la programación y la tecnología desde una perspectiva innovadora y creativa. Descubre tutoriales, consejos y proyectos emocionantes que te ayudarán a dominar el arte de la programación mientras desatas tu lado más creativo. Únete a nuestra comunidad de mentes inquietas y déjate inspirar por las infinitas posibilidades que ofrece el código. ¡Suscríbete y comienza a crear tu propio futuro digital con nosotros! ",2023-02-27T23:34:29.140471Z,,DO,7413,24,10,https://yt3.ggpht.com/Goe-HbWNMkpaJ4zRBUqreXKlI1v-MIrlBv-XKz1-X5nQtRIo0hNFJZQ-4FOI0MRzu-rkYZiDPA=s800-c-k-c0x00ffffff-no-rj,"informatica|Diagrama|programacion|tecnologia|raptor|pseint|javascript|python|programacion|it|css|c++|c#|excel|calculo|matematica|algoritmos|diagrama de flujo|aprende a programar|como hacerlo|orientado a objeto|tecnologia de la informacion|Lenguaje C|ADA programacion|Hazlo Asi","Technology|Knowledge|Lifestyle (parent topic)"
276,UCwYSH-kAmAA4XM1HDPyVS_Q,MAST,"Welcome to team M.A.S.T mates. Here you get detailed explanations of topicwise questions of c/c++ and also competitive programing problems from Code-forces ",2021-06-01T10:08:54.163831Z,,,11922,79,22,https://yt3.ggpht.com/4bmtR2Oi4fReOwac2lzEWrF9Povn_gssSgrZF0h2YVRZ51_ZWNcolEfbFFnBwYwvSNlnWKEzaw=s800-c-k-c0x00ffffff-no-rj,,"Lifestyle (parent topic)|Knowledge|Technology"
277,UC_wYsOARGx42Vyn8y60UWDA,CodeWithPrem,,2021-10-20T19:37:36.021489Z,,,1687,21,13,https://yt3.ggpht.com/SbD8vgSyxHeEFC2ua6JndX8YD0v1KfWtpQGgNfklwNk39eIXEzvlReyUXZvNUbUcJG9CIzDcSA=s800-c-k-c0x00ffffff-no-rj,,"Lifestyle (parent topic)|Knowledge|Technology"
278,UCAZ5PGRUBmenolvdRBvYjgg,TheCodeCook,"I am a coding enthusiast and Software Architect and I post videos on C++, Programming paradigms, Data Structures, Algorithms and anything and everything related to Computer Science. If you like the content please subscribe. - Prabhu ",2017-05-28T18:39:31Z,,,119,0,29,https://yt3.ggpht.com/U43i44_KrB2zsRA656sfE9qRoYm2DNZLb6XO14aec5n018WD-ptP-ZJdqt58hnaFH_6kuA00zg=s800-c-k-c0x00ffffff-no-rj,,"Lifestyle (parent topic)|Knowledge|Technology"
279,UC5YVouwAmc7shOenNUbv4xA,"Easy Programming","Hello, Everyone!!! This channel is for all who love Computer Programming & I will be teaching you PROGRAMMING languages like C, C++, Java, Python, HTML, QBasic and MORE!!! I will upload other stuff also! And that other stuff contains many more things! So, stay subscribed to watch them! I will upload 5 to 12 minutes videos every 12 to 15 days. ~~~~~ Easy Programming ~~~~~ - Crossed 500 Subscriber Milestone - Have added a game on Google Play Store ",2020-09-05T12:52:49.458983Z,,IN,335173,1280,51,https://yt3.ggpht.com/ytc/AIdro_k_Nsq3t7P7TcmnGUZqfOZjz34oyvk4SsLiUJyisJu9YQ=s800-c-k-c0x00ffffff-no-rj,"Unity|Easy|Coding|code|programming|2d|3d|basic|app|game|life|play store","Lifestyle (parent topic)|Knowledge|Technology"
280,UCHIp0kKZLz-zvOwuKFRJGlA,"Double Program","I have 4 years experience in programming. Here I am uploading videos about programming games. I love to replicate old school games like chess, minesweeper , pac-man etc... Meanwhile i am using for all of that the Graphics API OpenGL. So If you are interested in languages like c# , c++ or c and you like graphics stuff. Or you maybe also like to learn how for example the pac-man algorithms with code examples works. Then you are welcome to my channel :D ! ",2020-08-01T08:39:33.540717Z,,,34767,170,37,https://yt3.ggpht.com/ytc/AIdro_ngtNVEsjMaBm_kF1zW8DHOPmpwily5FKcxfPKlrsfL=s800-c-k-c0x00ffffff-no-rj,,"Knowledge|Technology|Gaming (parent topic)|Lifestyle (parent topic)"
281,UCWfxIurnicyL-Mfv4g2FxCQ,"Procode Coach","Hello Learners... Welcome to my educational YouTube channel! I'm passionate about learning and sharing knowledge, and I hope my videos will help you learn something new. I create videos on a variety of topics, including: C++ Programming Web Development Basic Computer Mathematics Surely will add some other topics too. My videos are designed to be informative and engaging, and I always strive to make them as easy to understand as possible. If you're looking for a easy and educational way of learning and exploring new updates, confidently subscribe this channel. ",2020-12-13T07:55:24.19521Z,,,6023,181,31,https://yt3.ggpht.com/ytc/AIdro_lOAl_yI3w83VCP7kP54s-TwJZ-hSyy9UpNZcACw4wqRg=s800-c-k-c0x00ffffff-no-rj,,"Lifestyle (parent topic)|Knowledge|Technology"
282,UCpb3v7jTBr-So_rYziS1uOw,"Mohit Sir Ki Class","how to learn programming langauge, c langauge toturials, know about basic knowledge of computer programming, hindi toturials, programming langauge in hindi by mohit jain",2018-01-29T15:47:22Z,,IN,1384037,9790,207,https://yt3.ggpht.com/ytc/AIdro_nR7t2tIftgRli4gCz0g0BnbyTP3g1IHymOZtKW74uZdg=s800-c-k-c0x00ffffff-no-rj,"mohitsirkiclass|computer|toturials|MOHIT SIR KI CLASS|c programming langauge toturials in hindi|computer science engineering|programming langauge","Lifestyle (parent topic)|Knowledge|Technology"
283,UC8-k3r-1_-K5kIM865YBPQg,UrBuddyAsh,.,2018-01-27T14:15:16Z,,IN,210132,2100,62,https://yt3.ggpht.com/ytc/AIdro_mlaN2OLljBnVmxw8DT_5oWP30Zq_cXqJWcSa1uquaDMg=s800-c-k-c0x00ffffff-no-rj,urbuddyash,"Technology|Knowledge|Lifestyle (parent topic)"
284,UC4sbVlDqfuiBGxyDWQtTdhQ,"C Programming Language Theory & Tools","Jai Hind dosto Dear friends I am Kaushal Pratap Singh and C Programming Language Theory and Tools is my channel. This is a Educational channel. This channel is a part of Study-Care channel. Es channel ke madhyam se mai appko C Programming Language ki theory aur lab padhaunga. Dear students aap log video par comment karke bataye ki aap log kis jagah se ye video dekh rahe hai aur kaun sa course kar rahe hai. Please channel ko Subscribe kare, video ko like aur share kare. Channel ko bhi share kare. Comment me aap ek baar apne god ka name likhe. Aur comment me likhe Hindustan Jindabaad tha hai aur rahega. Gadar style me. For Business Enquiry --- kpsingh9187@gmail.com Dear Friends Please Support my Channel. UPI ID- kpsingh7@apl #c #learnc #cprogramming #learncprogramming #cprogramminginhindi #education #cpp #cprogrammingquestions #cprogrammingtutorialforbeginners #cprogrammingvideo #cppprogramming ",2023-08-31T16:28:48.042184Z,hi,IN,1359,24,13,https://yt3.ggpht.com/CkTSX9Bn-BDa1Vyddtoxr_iAPnlEl2_Mst2ZRt-6QfjQSSwSxutrceN0Is1s0dsJZ80yvJ2Y_g=s800-c-k-c0x00ffffff-no-rj,"Program|C|educational|lab|C Programming|C Programming Language|C Programming in hindi|C++ Programming in hindi|C in hindi|C++ Programming Language in hindi|learn c|C tutorial|learn C tutorial|learn C++|beginning to Expert|C Programming Language lab in hindi|Programming Language lab in hindi|Programming Language lab|C Programming Language lab|Language lab|C Language lab|Programming Lab|C++ tutorial|learn C++ tutorial","Lifestyle (parent topic)|Knowledge|Technology"
285,UCoCs6qadHR1uJJ-nubWw3dQ,"Let's Learn CS","Hey guys welcome to Let's Learn CS. Here you will be able to learn about C++ programming language for FREE. Help me grow my YouTube Channel and let's create a great family. Make sure to watch theory videos before practicals to make it easier for you. LIKE, SHARE AND SUBSCRIBE!!!",2017-08-27T11:30:26Z,,IN,749,8,12,https://yt3.ggpht.com/ytc/AIdro_lVwCpeT5fi7rOhrAQ8vJm04m3uOBT87MOaBg0ELoaXOg=s800-c-k-c0x00ffffff-no-rj,,"Technology|Knowledge|Lifestyle (parent topic)"
286,UC-CpAu-GaxGMme8carUsGcQ,"logiclab coding ","Welcome to LogicLab Coding — a simple and practical place to learn programming. Here you’ll find easy tutorials, mini projects, coding questions, and beginner-friendly guides for C++, Python, HTML, CSS, and JavaScript. I also offer help with coding work, including assignments, small projects, debugging, and logic-building tasks. If you want to hire me, just contact me. Subscribe and start learning with LogicLab Coding!",2025-11-27T02:47:36.166036Z,,,4888,4,12,https://yt3.ggpht.com/ytc/AIdro_k1vatECjn4cts9rDeNTox28UvSU7BwiL_gMQA1ZTVkSgu_nya9eYVA0pYXPlx709edZA=s800-c-k-c0x00ffffff-no-rj,,"Lifestyle (parent topic)|Knowledge|Technology"
287,UCR1dgdYDHfUnLytqpavPjgQ,"Cxxdroid - C/C++ compiler IDE",,2025-03-08T11:30:25.25355Z,,,0,1,0,https://yt3.ggpht.com/ytc/AIdro_nBDeZ9mqdIFB9ZVjY1L_Zestnzoo5Sf1l4wqCS9M9x7GOn4Ieia6TOKEF-97zhMtLXgw=s800-c-k-c0x00ffffff-no-rj,,
288,UCwKzes_o1KAZSBCTBvr8TBQ,"Prolan Academy"," In this fast changing time the importance of Quality Online Learning along with practical knowledge is undebatable. Hey guys... My Self Priyanka, I have been working as an Instructor for more than five years. I taught Various Programming Languages such as C, C++, Java, Python for 1000+ students. I am glad to announce that I have created a space, where you will learn coding from scratch. Learn C, C++, Java, Data structure, OOP and many more in Prolan Academy, This channel is all about Learning Programming Languages. Also follow - @prolan_academy. If you like the content of this channel do subscribe to the channel. see you all inside the videos. ",2021-06-04T14:19:31.054027Z,,,4211,207,9,https://yt3.ggpht.com/6aNvlVxDmaXQLPwIhRSQ1mpbUbMhL6C05QxijBKYXMnIgMKD5Y3AJd6DRV2XWrv3mGSsjkQOCw=s800-c-k-c0x00ffffff-no-rj,,"Lifestyle (parent topic)|Knowledge|Technology"
289,UCAfIpvAU5PDNQLnRIKU4-xQ,"Jus' Coding","This channel is for you, if you're looking to dive into the vast world of coding and uncover a world of job opportunities. A little about me: My name is Roman, I'm 16 years old and I've been coding since 2016. At the moment, I'm fluent in two programming languages c# and c++",2020-04-25T23:27:00.92717Z,,ES,522,9,12,https://yt3.ggpht.com/ytc/AIdro_nXO31rtPiUtXLC5BmjARhMP1RpoCOJcEnp_n7fM8KQ=s800-c-k-c0x00ffffff-no-rj,,"Lifestyle (parent topic)|Knowledge|Technology"
290,UC7lGiYHX7JRNMGRYbjaQKAw,"CODE WITH SM • 100K views • 7 hours ago","Subscribe my channel and learn coding from basic to master leval Learn coding through YouTube channels. Using YouTube is a great way to learn code at any level — and it's free!",2023-08-12T14:59:40.803989Z,,IN,910,28,20,https://yt3.ggpht.com/F_bbv3KGSRb48KAII1fGW9PHKrUcWs0uqjDMRNQmzhvFM5bQUZqPYzZaFkCzf-D_wcOyvynr=s800-c-k-c0x00ffffff-no-rj,"Coding|Programming|Cpp|Programming|Coding|Code with SM|CODE with Harry|Apna college|Learn coding|C++ Tutorial beginner in hindi|Coding beginner|Programming beginner|Coding Tutorial beginner in hindi|Java beginner|Python beginner|Java script beginner","Technology|Knowledge|Lifestyle (parent topic)"
291,UC5bb6lXUYHAxwZj-JyT-A0A,"Coding decoding guru","Learn Coding with practical. Practical always make a perfect player. Create a project and make programs with us. Our team always provide C, C++, DBMS practice with practical. ",2020-09-16T16:28:22.451366Z,,IN,8731,70,52,https://yt3.ggpht.com/nIW_jBqBa2suPxcQnGWa7fz0HCfOQLECpXoHNhV_MAKqBXzC5peXHXW7fn79CVbkzf6TPLmyuA=s800-c-k-c0x00ffffff-no-rj,"Cartoon|Music|Lyrics|Bsc|Cs|Coding decoding guru|Coding decoding guru|Coding decoding guru|Coding decoding guru|Computer science|C programming language|C++ programming language|C and c++ programming language|Simple interest in C programming language|Simple interest in c++ programming language|Manoj saaru|Technical and gyan|Motu patlu|T series|Arijit Singh|Guru randhawa|Stebin Ben|Romantic songs|Bollywood songs|Collection song|Bsc 1st year|Bsc 2nd year","Technology|Knowledge|Lifestyle (parent topic)"
292,UCficKxYF_qcKVyl3Eablzuw,"Learn to Code","This Channel is for anyone who wants to try out programming. The tutorials are straightforward and in-depth explanations will be given, and you have any questions in the video, please keep me posted, and I will make a Q&A after every 5 videos. Thanks",2022-02-10T09:16:39.477689Z,en,CA,813,17,11,https://yt3.ggpht.com/u10qhzBo3OC5k5WunVH-k6QzDmFZSrmLlT7I4H5yboTtvUZWBTl5gBGxH6RoDv16234g4kBW=s800-c-k-c0x00ffffff-no-rj,,"Technology|Knowledge|Lifestyle (parent topic)"
293,UCSZzzImmkyCF8YOuYjRSBDw,"Programming minister(PM)","💞Welcome to programming Minister(PM)💞 Here,we are providing amazing programming minister video to get education in life.Let me tell you that this programming video is not created by us .we are just using this programming for promotion and education type purpose. Regards. Programming Minister(PM) Slow song&Bollywood song Thank's all my youtuber frends.",2023-02-02T16:17:48.622657Z,,,1416,21,53,https://yt3.ggpht.com/rG8txuXrKfMGuAeLrpLGsodR0sw8LpV8tzFSC-iCDzsfAE2_MTHXLS1NxCQeut590xlnpRzT=s800-c-k-c0x00ffffff-no-rj,,"Technology|Knowledge|Lifestyle (parent topic)"
294,UClrlhid1t-LkPWkIa79GQuQ,"QuizApp learn programming quiz C C++ Python Java","QuizApp learn programming: Python C C++ C# Javascript Java Php! code Quiz coding Download iOS or Android App: https://onelink.to/hpbyr8 The QuizApp offers an extensive range of programming languages including C, C#, C++, Python, Java, JavaScript, Ruby, PHP, Swift, Kotlin, and more. Quizland, quizlet, quizzland, quizizz, kahoot QuizApp, code quiz, quiz let, IT test, free trivia, millionär quiz, millionenshow, Mimo, sololearn, codinguru, easequiz, milyoner training. ",2006-12-16T12:58:34Z,,AT,15974,112,1552,https://yt3.ggpht.com/PwfKs3mfNGG2ZQY9g6N-WhP5SzEM077Cu9AITgZkOrar8N7ws1GxvMHb-7t-5zvJR0C6WYtOvmY=s800-c-k-c0x00ffffff-no-rj,"quiz|Mimo|sololearn|codinguru|easequiz|quizzland|trivia|programming|quizapp|coding|code|developer|java|c|c#|c++|python|assembly|javascript|php|learn|42|coders|programmers|meme|programmingmemes|quizizz|kahoot|quizlet|flutter|react|code quiz|learn programming|react native|Coding Quiz|Programming Languages|C Programming|Python Programming|Learning Programming|Quiz App|Code Challenges|Programming Quizzes|Code Learning|Coding Tutorials|Code Quiz|Language Learning",
295,UCkwzfNegriCGTd1nO6dw1yA,"Ajay Varma","Taught by - Ajay Varma On this channel, we will provide the videos of programming languages like C, C++ and many more and cover various other important topics. Computer Science should not be feared from, and every student who has the desire to study can understand it. All the videos have been made in HINDI for better understanding of every student.",2010-01-28T10:32:03Z,,,1275,166,9,https://yt3.ggpht.com/ytc/AIdro_n96sK3o-vteCkCziOZ_CQNpFNKjyKxebboMQkEcJ-2cSFO=s800-c-k-c0x00ffffff-no-rj,,"Lifestyle (parent topic)|Knowledge|Technology"
296,UCcCjDOS-ByrrAu52oYDUxMQ,"Spark of Coding"," Subscribe for Money 🤑 **Learn Coding Languages | Beginner to Advanced Programming Tutorials** Welcome to **Spark of Coding** the ultimate destination for mastering coding languages! Whether you're a complete beginner or an experienced programmer looking to sharpen your skills, you're in the right place. In this channel, I provide comprehensive, easy-to-follow tutorials in English, covering a wide range of popular programming languages....... 🔥 **Subscribe now** and start your coding journey today! Don't forget to hit the notification bell 🔔 so you never miss an update. ",2024-11-15T10:54:40.861197Z,,,1359,16,40,https://yt3.ggpht.com/6v-3gF_Q0DbehmdcOnbx-FSfE4-F-zYLYl2qlscXj9XurIvBtlcjaykowseT00P6QQJCgojHSg=s800-c-k-c0x00ffffff-no-rj,,"Lifestyle (parent topic)|Knowledge|Technology"
297,UCpuZSKUHEPQJRdAizfyDFAA,"Code Pyramid","Computer Programming classes C || C++ || java || Python || DBMS || HTML || CSS || Web design and web Developer || etc........... ",2024-09-17T15:52:49.961061Z,,IN,4628,45,122,https://yt3.ggpht.com/qK4LwIwhrc7GW5FiEKZqXOQduulnWSUuNTTlZatIzCdbTrRWseFBTThXZ9nYsjPK4fggJxzjfqk=s800-c-k-c0x00ffffff-no-rj,"code pyramid|pyramid code|c++ programming|c programming|C language basic","Lifestyle (parent topic)|Knowledge|Technology"
298,UCOKToX_Xv6HvoiN4rFTyNQg,"Programa c,c++",,2016-09-29T01:16:49Z,,,7228,7,6,https://yt3.ggpht.com/ytc/AIdro_lWJk7Z765gTOF58tWlMJu10cvo8IQkexzfP6Fu1lM=s800-c-k-c0x00ffffff-no-rj,,"Lifestyle (parent topic)|Knowledge|Technology"
299,UCF6icgjbd2yz7QpqGWVNx2Q,ProgramiZZ__Simpler,"Hello World❤️ , Hii This is Utkarsh an passionate young guy about coding and technology am a learner who just try to share informative video towards my subscriber's👌😉.. ** I will be sharing my coding journey and specific topics of programming...✨✨ Stay connected with our community to start a fantastic journey with me 🤠 !!! Practical Approach✅. ",2024-03-11T07:19:30.690313Z,,IN,411,15,10,https://yt3.ggpht.com/4aiB1DxQqouQ6NxLXClEqgxq91UsWixDPyLL-BciVYgTs_xL7Hvo3oHiwjjQGx9HF-LDIVRH=s800-c-k-c0x00ffffff-no-rj,"My name is Utkarsh","Technology|Knowledge|Lifestyle (parent topic)"
300,UCEh6x6wWkY6y5CmhHnBCxjw,"tanie codes","welcome to tanie codes , we all about helping you grab the basics of c++ programming in a beginner friendly way. its not just about learning c++ but to understand it and be able to utilize what you have learnt , we do this by creating programming beginner friendly tutorials , and making C++ simple and fun we will mainly sharing the knowledge, making programming tutorials, answering questions related to this industry, and making fun simple developer task , these videos are intended to help you learn for your exams, learn to program for fun, and answer your questions about software engineering. so subscribe , hit the bell icon, like , comment and share ",2021-08-25T09:39:02.252254Z,,ZA,3570,433,23,https://yt3.ggpht.com/Cf7SJE-e0iABFGPS3NNVgaiuXqg6TZFkBxgLTQrfNr6sNH69CDdhXetUDHTVZSzeOnhz147bsyY=s800-c-k-c0x00ffffff-no-rj,"c++|c|tanie codes|c++ for beginners|c++ programming|tanaka dhliwayo|tanie dhliwawo|c++ tutorial|c++ beginners tutorial|south africa c++ programming|south africa c++tutorials|university c++ tutorial|first hello world|how to code in c++|how to code using visual studios|how to code in visual codes|how to code in codeblocks|introduction to c++|introduction to programming|introduction to coding|how to programm|programming tutorials|c++ for beginners tutorials","Technology|Knowledge|Lifestyle (parent topic)"
301,UCeoVf94p6dfTins9T19GwAw,"Kgothatso Theko",,2015-09-13T17:47:59Z,,,305,3,9,https://yt3.ggpht.com/ytc/AIdro_mEQesSCofErYwoHIuL9owLYh5Rq5vjw76HOaxWL3A=s800-c-k-c0x00ffffff-no-rj,,"Lifestyle (parent topic)|Knowledge|Technology"
302,UCBT_c594KIbpEILU5-xhSUA,GiantMedia,"Learn Programming Easily Java Python C++ C MYSQL HTML CSS ",2018-10-23T14:24:58Z,en,,2653,71,45,https://yt3.ggpht.com/S6Rm9DDgZee-dvy4BQbUTrIsGUWQz2kstW0dO8HiyC7BgnG1Zx2v3Qky4cT_qWq97I4loQB5=s800-c-k-c0x00ffffff-no-rj,,"Lifestyle (parent topic)|Knowledge|Technology"
303,UCjsG1HaLXHytO8bG3_TIakQ,"The Pentamollis Project",,2016-01-28T14:42:24Z,,,2301349,9210,54,https://yt3.ggpht.com/ytc/AIdro_kPpZTTIvar6-hv0TxhDPoGAiYUZqJgbgfvic8tCEt-xP4=s800-c-k-c0x00ffffff-no-rj,Science|Technology|Physics,"Lifestyle (parent topic)|Knowledge|Technology"
304,UCITUBa1OVUC2oc-w3u33leg,"Mastering Modern CPP Features","You can view videos on modern C++ features starting from 20th standard and follow the latest updates on my course on this youtube channel. About Me: My name is Gajendra Gulgulia and I've been in the software industry for more than 4 years. I'm passionate not only about writing code with C++ but also creating scalable software solution, clean code, clean architecture and most importantly teaching others. In this course I am bringing my skills together to teach the community about using modern C++. Target Audience: The course is aimed for anyone who wishes to learn modern C++ from 20th standard onwards. You don't need to be an expert C++ programmer to follow my contents, but a first hand programming experience with C++ will be beneficial. Contents I will provide parts of contents offered on the official course website which offers full suite of course materials including video lectures, quizzes, assignments and one on one discussion. ",2022-05-22T08:07:21.188445Z,,DE,17342,332,27,https://yt3.ggpht.com/mBauZuLPabzJkkEAn0VSpSRAmcB6-Zi-sjTuZCFQsa5ELuYN2PGAydUpkY8H4-fjfuQsIQB1DQ=s800-c-k-c0x00ffffff-no-rj,"C++20|Coroutines|Concepts|Modules|ranges|modules|Modern C++|Spaceship Operator","Lifestyle (parent topic)|Knowledge|Technology"
305,UCAcrc6X4yzEjza9QXM7vg2A,Aticleworld,"Aticleworld is a platform for all resources related to C/C++ programming, embedded system programming, embedded software, design, and coding trends and tips. Apart from video courses, you will also find several free and premium eBooks and tutorials on different programming languages, system design, and embedded system programming-related topics. Source code and other resources are hosted on my website https://aticleworld.com/. I APPRECIATE YOUR VISIT TO MY CHANNEL. THANK YOU 🙂 ",2017-05-31T21:11:25Z,,IN,66293,498,48,https://yt3.ggpht.com/ytc/AIdro_nRFB952H8AY_tt1Gyht_hqRv2oIpYOUSwAoH75idj2Xw=s800-c-k-c0x00ffffff-no-rj,"c++|programming|tutorial|microcontroller|renesas|cprogramming|MCQ|Cproject|C++project|ctutorial|c++tutorial|courcesonprogramming|array|datastructure|programmingtips|systemdesign|embedded system|embedded c|linux driver|windows driver|8051 microcontroller|pic microcontroller|stm32 microcontroller|c tutorial|pointers tutorial","Lifestyle (parent topic)|Knowledge|Technology"
306,UC0U5e9LVlZ6ZjAFCeHzrODw,CodeWithShalvi,,2021-07-18T08:39:18.747379Z,,,1945,100,12,https://yt3.ggpht.com/QQZ2JqXUmIeaTqtN5jl-NGt_6AHM1vwo8UwCX7gPwkqbOKVMCZmIks6BGomLBd0tj0xw3jblzg=s800-c-k-c0x00ffffff-no-rj,"CodeWithShalvi|codeWithShalvi|Code with shalvi|Codewith shalvi|Code withshalvi|shalvi paliwal|c programming codewithshalvi|code with shalvi c|code with shalvi|Code With Shalvi","Lifestyle (parent topic)|Knowledge|Technology"
307,UCJgJT4wGRUFj0d3dskvtK2g,"The Source Code","Hello, friends! Welcome to ""The Source Code"" channel. We are here to provide you with valuable content and insights into the world of programming. Whether you're a beginner or an experienced coder, our goal is to share knowledge and help you stay updated with the latest trends in the tech industry. Apart from programming, we will also make the content related to Computer Science and Information Technology. Thank you for joining us, and we look forward to embarking on this incredible adventure together!",2021-02-28T02:32:24.533625Z,,NP,78240,172,49,https://yt3.ggpht.com/2u5-xqj0iHCdUNUVrQUxMDgmzcAGtxZaUs0FmQaILeQWVLolu0WItGFmytewL4Dh2sd58aM_=s800-c-k-c0x00ffffff-no-rj,,"Lifestyle (parent topic)|Knowledge|Technology"
308,UCEhB2H_4SNzrt6yh4Y4AUmw,"Coding Writer C++",,2022-11-08T03:30:17.528215Z,,,9160,65,32,https://yt3.ggpht.com/ytc/AIdro_mIwmOWixO3beIzPS1KrkOcL7bCtFf4JjSrxK3XBh3w8AGlMUaGWuQGy0UKisQHftHW9Q=s800-c-k-c0x00ffffff-no-rj,,"Lifestyle (parent topic)|Knowledge|Technology"
309,UCNTvWkMPJS5WrM03hTKzirA,CodeHere,,2022-09-17T05:19:05.58012Z,,,4716,97,12,https://yt3.ggpht.com/duCbIijRbSI8BavUhC3Ww8XLHtG70oepbHnwYHJPKhYbUflibqZQoO1KoVXgkHrblD5FcLk=s800-c-k-c0x00ffffff-no-rj,,"Technology|Knowledge|Lifestyle (parent topic)"
310,UCEWnY5Sb7ms71-avbvZqkUw,"Tech university","🚀 Welcome to my channel! I’m Amit, and I help beginners learn programming in the simplest way possible. 🎯 Whether you’re just starting your coding journey or want to revise the basics of C++, this channel is for YOU! 📚 What You’ll Learn Here: ✅ C++ Programming from Scratch ✅ Simple Code Examples with Clear Explanations ✅ If-Else, Loops, Functions, Arrays, and More ✅ Short, Beginner-Friendly Tutorials ✅ No Complex Theory — Just Practical Learning 🔧 Tools Used: Replit, CodeBlocks, and more 💻 No prior experience needed — just your interest in coding! 🎥 New videos every week — Subscribe now and level up your skills! #CodingForBeginners #CppTutorial #LearnProgramming #CPlusPlus #CodingJourney ",2025-02-15T02:16:56.862553Z,,,996,6,10,https://yt3.ggpht.com/Vk5__6jnn0trH4U64vqDYyD6Kpcmn-0nfjIuO28cdoVBANtS-IWSEAVPv-N8MIfH8u-W-G9Tbw=s800-c-k-c0x00ffffff-no-rj,,"Technology|Gaming (parent topic)|Knowledge|Lifestyle (parent topic)"
311,UC9UQz0siyPGkqikKVoL7kmw,"ACM SUP'COM",,2020-10-10T20:18:17.220679Z,,,2411,134,20,https://yt3.ggpht.com/Oz5LF5TN2xC7W3o5rgWmXav4IYN2mO5Y03hAlkaAkpXTlecPoxRzq0eI2CPRfU9O1lbB1FMp=s800-c-k-c0x00ffffff-no-rj,,"Lifestyle (parent topic)|Knowledge|Technology"
312,UCcUv7D7St5m4CecYScbV6Nw,PiratesForProgramming,"This channel is for educating C++ programming. Hope you enjoy my tutorials!",2024-07-14T02:43:11.884988Z,,,188,8,8,https://yt3.ggpht.com/RXN5mTRfEWr2yJeIJg6cFyjkKJApecT9J2XMyxDBhlrItRJiI7VcWJ2XxBWVc9qj9IhSNxEg=s800-c-k-c0x00ffffff-no-rj,c++|tutorial|programming|pirates|cpp|cmake,"Lifestyle (parent topic)|Knowledge|Technology"
313,UC40Oba_jvOriTBtqZ1ecmUQ,"SciVerse TV","Welcome to MudaCode Academy, your Ultimate Destination for C++ Mastery, Game Programming Wizardry, and Mathematical Problem - Solving Excellence! Embark on a journey of programming brilliance with our in-depth C++ tutorials, meticulously crafted for both beginners and seasoned coders. Whether you're taking your first steps into the programming realm or looking to elevate your skills, our channel is your go-to resource for mastering the intricacies of C++. Join us in unraveling the beauty of mathematical problem-solving. Explore the synergy between C++ and mathematics, as we tackle complex problem-solving scenarios. From Algorithms and data structures to mathematical modelling, our videos create comprehensive guide to enhancing your analytical and computational prowess. ",2023-11-12T22:54:10.099989Z,en,,956,68,21,https://yt3.ggpht.com/IVp7Lz7XVLTUoC1SnCbHRpBmi_stXjQXbwhxZbihcCGCPhhMJ6AJnwSKWeGhOOJkFj4x2SH9TA=s800-c-k-c0x00ffffff-no-rj,"Programming|Coding|C++ for Beginners|C++ for game development|Step by Step Guide to C++|C++ for Engineers|Programming Language|C++ for Absolute Beginner|simple guide to learn C++|Learn C++ programming|C++ basics Tutorials|C++ programming language|C++ coding for Beginners|C++ programming lessons|C++ programming course|C++ programming examples|Advanced C++ programming|C++ coding Standards|C++ variables|C++ loops|C++ for solving equations|C++ pointers","Technology|Knowledge|Lifestyle (parent topic)"
314,UCkjU2uJwuYc15LYL0TSLBTg,"SATYAM SHUKLA","Hey guys, welcome to this new channel - Satyam Shukla Satyam Shukla @satyamshuklacoding Let's Learn together👨‍💻👩‍💻 :) LIKE | SHARE | SUBSCRIBE Contents of this Channel...! 👇👇👇 ● C ● C++ ● Java ● Python ● Data Structure ● Oracle Database ● Web Development ● Networking ● Software Engineering ■ Computer ■ GIT Instagram ID:- ------------------------------- Satyam Shukla @fnxsatyam ",2018-09-02T07:37:38Z,,,121,21,10,https://yt3.ggpht.com/ytc/AIdro_nOXrRet5Z6kKCyMOxzeXzyzELrZP0eQocxyVIYYHggKTw=s800-c-k-c0x00ffffff-no-rj,,"Technology|Knowledge|Lifestyle (parent topic)"
315,UC8Wyrlbs_5l0LP3Injm0w5A,"Saurabh sharma"," Educational platform",2025-02-04T04:05:13.365995Z,,IN,2095,81,10,https://yt3.ggpht.com/iVNWjbMEp12X5wJvkWV7WR5rN4OAVvqZmvLSPeWv3vaNdJA42aKdXx9CHW8d2oUY3liTGGEgCg=s800-c-k-c0x00ffffff-no-rj,"#coding|#programming|#cprogramming|#c++programming|#tech|#operator|#btech|#collegeexam|#computerscience|#engineering|#java|javascript|python|Github|gitcommand|loopingstatement|array|conditionalstatement|#saurabh sharma","Technology|Knowledge|Lifestyle (parent topic)"
316,UCtUC7y4xUtOaqHwZ0RIDhHA,"Hendro Pramana Sinaga","Saluran ini merupakan saluran resmi blog kodeprogramcpp sebagai wadah penyimpanan video berbagi pembelajaran bahasa C / C++ dan algoritma pemrograman.",2011-12-25T20:50:16Z,,ID,15883,32,23,https://yt3.ggpht.com/ytc/AIdro_mM5YChn4dmXUMhs3zFX-yJXHMiTptQ2nGrIACLLKXn9ME=s800-c-k-c0x00ffffff-no-rj,"kodeprogramcpp|kode program c|pemrograman c|Belajar pemrograman c|Tutorial C|Tutorial bahasa pemrograman C","Technology|Knowledge|Lifestyle (parent topic)"
317,UCPKcgZli-AkjBSyFgnpbWeQ,"Aadesh Chaurasiya ","Aadesh Programmer is a channel for learning Complete responsive website design, Creative CSS animation and Hover Effects,Amazing Vanilla Javascript projects, creative UX and UI Design using Html and CSS and much more... Htm5, CSS3, Javascript,jQuery,Bootstrap,C++, C Language, photoshop, Website Design, Computer Please make sure to SUBSCRIBE our channel in Aadesh Programmer Channel Managed By : Aadesh Programmer - INDIA Follow our Facebook Page - https://www.facebook.com/aadesh.chaurasiya.92 Instagram - https://www.instagram.com/aadeshjetstarsoftware/ ",2021-09-28T06:07:17.587116Z,,IN,414,82,12,https://yt3.ggpht.com/78folJtp3VG5QXoxJTcWvAdnLW--6d7yQjlHYEG1DH4KqBlOgtJVBRagc4Wv0bhdYHzH9DUq_w=s800-c-k-c0x00ffffff-no-rj,"Python|C++ Programming Basic|C++ 2 Numbers addition|Computer Virus Remove|Computer Basic Setting|C language Basic Program|HTML Basic","Lifestyle (parent topic)|Knowledge|Technology"
318,UCIk9aQeYFU6WYeHn-L0OWOQ,"Point-2-Point Topics","In this Channel, we are discussing about the topics which are common and important in all programming languages.",2025-04-21T10:52:58.648315Z,,,75,6,9,https://yt3.ggpht.com/QgoyNF__-etW8lKQpnTho6F2dnvnA7na8DYreyKjpA1uP09xcOeW89I8k-e1nC-oADiv9-K6=s800-c-k-c0x00ffffff-no-rj,,"Technology|Knowledge|Lifestyle (parent topic)"
319,UC2pJX9Oq5qDgLgTeMnZbDsg,"Programming the Lazy Way","A channel of *short* videos for beginning programmers (in C++ and other languages, including Python), on getting over some humps and getting your programs working!",2020-02-15T18:44:42.050441Z,,,4778,165,24,https://yt3.ggpht.com/ytc/AIdro_kge7d0flh_GffbRX2JmWpMTvNswFvuNdqzbmodKa7DlQ=s800-c-k-c0x00ffffff-no-rj,"C++|C++ tutorial|C++ online|C++ beginner|C++ book|C++ programming|beginning programming","Technology|Knowledge|Lifestyle (parent topic)"
320,UCN0ErEerTTDVcc85Itne-1w,Altter,,2024-02-26T07:39:17.106245Z,,,507,8,21,https://yt3.ggpht.com/ytc/AIdro_nmtsXDHjV3vsi3WJxNLeR6_m62bNa4V324lnRtnFy0u-rpS5RDcRIx863T-hajBZ4JOA=s800-c-k-c0x00ffffff-no-rj,,"Lifestyle (parent topic)|Knowledge|Gaming (parent topic)|Technology"
321,UCLRILFZ-sHKYZ8io_IP5_ag,"sudo love me baby","i love vulkan and c++ ",2023-07-09T16:31:16.399516Z,,,1051321,27800,91,https://yt3.ggpht.com/OodWmPOqe4momwi3UxUfMLZkTBndCi4twR6ZDswNg07PeDPyxR7JkGzvuWJjSo3TRdRQCSAtqQ=s800-c-k-c0x00ffffff-no-rj,,"Gaming (parent topic)"
322,UC4xbgup-p0jbSrXD88yLQVQ,"Sunil barewar"," Hello everyone , welcome to my channel study code On this channel you get videos about computer , mathematics , English Subscribe to learn | programming language C C++ java And other programming language If you have any problem pls comment I will try to help you *********************** ************************ Thank you! ",2021-03-23T08:52:36.527435Z,,IN,17802,112,37,https://yt3.ggpht.com/ytc/AIdro_kN0vHjIDhTA7B0t2l-8jw4du0Fp3Q4NWDxREtZ0wG6prM4O5dykKEJAxt14lhBl9HMMQ=s800-c-k-c0x00ffffff-no-rj,"studycode|programming|study|studyvlogs|code study|c programming by sunil","Technology|Knowledge|Lifestyle (parent topic)"
323,UChf9baN0_iSkX_bhef5pFzw,"Michael Rusakov","Видеоуроки по программированию на языке Си/C++ (и немного MFC). Данные уроки расчитаны на начинающих, имеющих небольшой опыт программирования на любом языке программироания и понимающих основы алгоритмизации. Уроки не обновляются с 2010 года и продолжения не планируется. По крайней мере, пока. Все вопросы и обсуждение можно проводить в группе ВКонтакте: http://vk.com/codinglessons",2008-05-22T08:00:22Z,,,459798,1760,31,https://yt3.ggpht.com/ytc/AIdro_laNkG-8jgM2wuX42nvL5aYA1r2T36CYcnOPgzao07vGPA=s800-c-k-c0x00ffffff-no-rj,"C++|MFC|Windows|visual c","Technology|Knowledge|Lifestyle (parent topic)"
324,UCRNKuZPCkEjqJhBR_sxWNag,aljuarismi,,2015-04-17T01:08:23Z,,,58577,176,32,https://yt3.ggpht.com/ugR06GnRCzo3n1Pr9OASll3O8nd7iToUGtR81l8RwlepODr46lDB_qwsUyHp1j0srDXDLRtVJQ=s800-c-k-c0x00ffffff-no-rj,,"Lifestyle (parent topic)|Knowledge|Technology"
325,UCtIFcSsKywMVA60nSEKknqg,"Programmer Baba",,2022-12-21T10:26:14.078297Z,,,407,38,9,https://yt3.ggpht.com/LCYTV8E79FdN8taq1EhEXShRZmGiYmdoeiS6DbfTcAqZJRcCmnvkSDOLdLNINPaP2GKDPAXD7w=s800-c-k-c0x00ffffff-no-rj,,"Technology|Knowledge|Lifestyle (parent topic)"
326,UCm0fKfy3MiHdupET80wybIA,Muneer,"Program related C,C++,Java,PhP",2011-05-11T14:22:35Z,,,485,55,10,https://yt3.ggpht.com/ytc/AIdro_l6q5iiXV--cBlKYZBlfF_JpTOEK5U7_FtzjrzXyf4tsrU=s800-c-k-c0x00ffffff-no-rj,,"Technology|Knowledge|Lifestyle (parent topic)"
327,UCEZXI4clP5hOQQWwa9ZmCBQ,i_tech_code,,2021-05-02T06:32:12.884841Z,,,2710,15,11,https://yt3.ggpht.com/aByS9npIJA9x4Pstrswrh5rA8kLoXn_9iT9r89hPiRosFdExbgBthjr0QWzeK55W_58Hb5YPejI=s800-c-k-c0x00ffffff-no-rj,,"Lifestyle (parent topic)|Knowledge|Technology"
328,UCtY-24qknmPJhYLaFWGulpQ,"C/C++ codes by kamal","Learn with me C/C++ Programming codes. PLEASE LIKE 👍👍👍👍❤️❤️❤️AND SUBSCRIBE OUR CHANNEL 🙏🙏🙏🙏🙏🙏🙏🙏🙏🙏 ",2020-08-30T01:09:55.934846Z,,,5,7,1,https://yt3.ggpht.com/Db73gYjhn0v28xOeExJljo4tfDE849YiKWgj8BaaQvoLgWfpr28Z7gKpSblGN2WNNdJ21eruUg=s800-c-k-c0x00ffffff-no-rj,,
329,UC8163q3y9n6Orn5KktaaEtw,"Coding In c",,2021-11-30T14:45:02.715235Z,,,10864,39,22,https://yt3.ggpht.com/uuHSlTbVtGSA5sx8xtC__unR2dk4bQXx1RHqI1TYHXnNpW05scEYCBgZpmAuMsKhJ7Qkouu9Rg8=s800-c-k-c0x00ffffff-no-rj,,"Technology|Knowledge|Lifestyle (parent topic)"
330,UCNQ8DIVG9m1Kpw4h4l1O6TQ,"Dan Collins Lectures in Computing","I make videos for teaching college mathematics & computing online.",2011-11-06T05:35:23Z,,,100341,825,113,https://yt3.ggpht.com/NOIahsSe4fqWaQssh-PK8swDNyHpTHM9BJs3rhM0XRntqVyjrkcJmIXwkc2sa1ZQTwZ5wCmu=s800-c-k-c0x00ffffff-no-rj,,"Lifestyle (parent topic)|Knowledge|Technology"
331,UCE77ESt2gV4k-PZepMpFIsA,"Code Surfer",,2022-09-13T01:46:12.50942Z,,GB,4596,25,51,https://yt3.ggpht.com/OvyL8Y7_PAZn_16szzPYymKL-7E7ltowntDb8uA5WdKV-DI6zEvxKPomMpDlbjH2MKDIOSNU87Q=s800-c-k-c0x00ffffff-no-rj,"Coding|programming|cprogramming|cppprogramming|java|basicprogramming|basic programming|web development|programming for beginners|c++ for beginners","Technology|Knowledge|Lifestyle (parent topic)"
332,UCRcnDFJEJuGhQ7nPJ1WAC8g,"Code Friends","Welcome to Code Friends - Your Ultimate Destination for C++ Programming! Join us on this exciting journey to master C++ programming with engaging tutorials, in-depth explanations, and real-world examples. From beginner-friendly basics to advanced concepts, we cover it all! Get ready to unlock the full potential of C++ with our unique blend of educational content, practical tips, and interactive learning. Join our thriving community of passionate coders and let's level up your C++ skills together. Subscribe now and let's code like pros!",2023-04-26T11:59:12.054846Z,,,76,4,12,https://yt3.ggpht.com/tVnD69lRo4ndhfqwsWRl2wCNbcHKemvR3QijiEmDI4056TqggkiG8JVnn8jCbkS8wnsOeR70xQ=s800-c-k-c0x00ffffff-no-rj,,"Lifestyle (parent topic)|Knowledge|Technology"
333,UCTcScyGIUFtJupH4SDGCC5A,Ninja_coder,"This channel is created to increase your coding skills!! Complete course of object oriented programming in c++...",2022-12-27T04:24:49.20747Z,,,2228,68,25,https://yt3.ggpht.com/WELblwE6FwpwnT9Vhxr8Psz03zqQhNDpPZYYbLT7bt0nSvfhfRFkkUG3GWxiNTiQbIq8dRbWRA=s800-c-k-c0x00ffffff-no-rj,"Ninja_code|object oriented programming course|oops easy coding|viral oops concepts|important oop concepts","Lifestyle (parent topic)|Knowledge|Technology"
334,UCdcyEh0YDvKmjyoYM1wAMhQ,"projects shelf","Description The primary reason for this particular channel to assist new programmers as well as developers to have straight to useful knowledge and the stage to create Applications using C++ .The sole issue I've is creating tutorials is a bit of bit time intensive. It takes planning the subjects that have to be covered, recording the tutorial, editing the video, rendering it and lastly uploading it on YouTube. This can enhance the confidence of yours and make you think that programming isn't rocket science in addition to someone with a right understanding is able to begin a career from it. ",2021-01-01T20:14:41.047495Z,,,12432,132,24,https://yt3.ggpht.com/ytc/AIdro_nEOh_7VQxo1ysIbc407uk4zl25Sv-Zs-sQFWuJC7TXqQ=s800-c-k-c0x00ffffff-no-rj,"projects shelf|c++ for beginners|c plusplus for beginners|how to program in c++|how to write c++ program in urdu|c plus plus progamming for beginners|learn c++|basic concept of c++|c++ lab|c++ lap|how to fix","Technology|Knowledge|Lifestyle (parent topic)"
335,UCjgRfcFgHPCQaLoLLFyD2VA,"Brain Limit Exceeded",,2024-01-24T18:57:14.965409Z,,,729,26,13,https://yt3.ggpht.com/I9A7pCs6-Zq8Q0ApEOdItBL7nBUHgy9VsG0jbv5zp3ZwnZ1oG8Vln2z_3AB4RYjhmqM6iwEJ=s800-c-k-c0x00ffffff-no-rj,,"Lifestyle (parent topic)|Knowledge|Technology"
336,UCaJqwU8O6fS_IQhIQUboFwg,KIJUKA,"Programming Tutorials mainly C#. Also Python, C++ and C.",2007-12-22T12:36:04Z,,,716125,1460,26,https://yt3.ggpht.com/ytc/AIdro_kWGQi0zEDiRtknWXELkSXqpQACCxst4aSGkE4bL5mB-Q=s800-c-k-c0x00ffffff-no-rj,"programming tutorial|c# tutorial|python tutorial|c++ tutorial|learn programming|c tutorial","Technology|Knowledge|Lifestyle (parent topic)"
337,UCXI72DsqBMzEIc-1r3Qbxog,"Ivan Fuentes",,2009-02-21T22:13:48Z,,MX,106102,460,43,https://yt3.ggpht.com/ytc/AIdro_nDfI4DothEuneBnenlw8gZf4A3bunYgz9rC9I5usdmezQ=s800-c-k-c0x00ffffff-no-rj,"Programación|Desarrollo de Software","Technology|Knowledge|Lifestyle (parent topic)"
338,UCFZwQfVGU6bgqmb5FH6Xl2Q,"DIPAK KUMAR SINGH","This channel aims at providing quality video lectures to the students of Computer Science stream to enhance their programming skills in C , C++ ,Java and many more. The material provided on this channel is from basic to advanced levels of programming. This channel is focused more on solving conceptual programming and covering the theory part by solving problems.It contains numerous problems on each topic. Any suggestions and discussions are heartily invited from the masses. Thank You.",2016-05-10T03:54:30Z,,IN,1056,35,8,https://yt3.ggpht.com/ytc/AIdro_mYKoHmHU-riZEsh9lctI564IijNqZAk5xIZ-GsSA6CktU=s800-c-k-c0x00ffffff-no-rj,"Programming|Pattern Programs","Technology|Knowledge|Lifestyle (parent topic)"
339,UCwfG4b74vf2AR00rFVk48GQ,"STRONG DEVELOPER","Hey Coders, I am SD I open this YouTube channel to help code learners. I will help you to learn programming language. I will teach you how to create different patterns and how to write all c++ programs If you face any problem realated coding questions, you can message us through comment I will help to answer your question Thank You Coder 👨🏻‍💻😊 for visiting YouTube channel. Follow me on YouTube If you like this video content then i provide Telegram link for more information about coding.",2023-03-30T15:50:47.28393Z,,,11229,87,14,https://yt3.ggpht.com/IybC_xiKwgH_8jE_KkuzgEUB4LlxYGG54oxMpJ7n4choXf83M_yshWz8gFjeyZ319uk9Iem6og=s800-c-k-c0x00ffffff-no-rj,,"Technology|Knowledge|Gaming (parent topic)|Lifestyle (parent topic)"
340,UCCy6w1g5Ucmue3svwyfad-A,"Cosmic coding",,2024-03-31T19:11:31.038768Z,,,165,4,9,https://yt3.ggpht.com/SZrpzEJm16Kz3NaytZbOXaVHHDmhsD82Lu0hpcVYYaBpblQUbOf8VMpx0oT78VfOuFa8JMO8lA=s800-c-k-c0x00ffffff-no-rj,,"Technology|Knowledge|Lifestyle (parent topic)"
341,UCl_G-h6FTra3mNFzbHSN_ng,"Rishwanth Ch","HELLO, Welcome to my channel, Here you can watch some best programming teachings and some more on C++. please like my videos, share them to your friends and subscribe my channel for more updates ",2020-09-02T03:41:14.659854Z,,IN,229,25,8,https://yt3.ggpht.com/ytc/AIdro_mCBOocwhurOhyuUnSb7eXei1fSa30TptcnjajKbz1WhpQ=s800-c-k-c0x00ffffff-no-rj,"rishwanth|c++|cpp|rishwanth chidurala|c++ functions|c++ tutorial|cpp tutorial|THE PROGRAMMING BOSS C++|the programming boss","Technology|Knowledge|Lifestyle (parent topic)"
342,UCVPaxKAhkGepCccRnyn9GRw,"Explanation of the C++ program ",,2023-10-26T10:43:45.800359Z,,,777,22,12,https://yt3.ggpht.com/GA2vY66E9C5hHgXgyBvscV5Ah5c5GybBQyvcAqz-V9U8V5fJ6KsY_fcroYQlrt-aJxXSd5m3Cg=s800-c-k-c0x00ffffff-no-rj,,"Lifestyle (parent topic)|Knowledge|Technology"
343,UCTD425Bq2iwcIxz5kO1yAUA,"Learn To Code","Learn To Code channel is especially made for students and for the people who wants to become a professional programmer of C++. C++ is really a very interesting and effective programming language used in makes apps and softwares also. This channel is also made for students appertaining for 12th board exams. Study each and every video from starting and you will definitely become a professional programmer.",2018-05-02T19:55:57Z,,,601,29,8,https://yt3.ggpht.com/ytc/AIdro_kHXvluF7_uaVMAhIcpM9-ZyKgjsjTA3i6WU5J4Zet8iA=s800-c-k-c0x00ffffff-no-rj,,"Technology|Knowledge|Lifestyle (parent topic)"
344,UCjg50hqDJ8LKwZDY8fwiaKA,"S Programming","c,c++,java",2023-06-15T05:48:36.634428Z,,,7545,17,9,https://yt3.ggpht.com/-BPyH0VglAQ2Sj6k26sD7bY4rRHj9CdWtV11g9j_5QonGTd0--Bss-V7l01vH_2cn9BN7Y1r=s800-c-k-c0x00ffffff-no-rj,,"Technology|Knowledge|Lifestyle (parent topic)"
345,UCxppD9IdhIcWUK3ixCuhrOQ,"Coding With Sanat"," This is Coding Shorts Chanel.. Please Support me 🙏🙏🙏🙏..... Learn Programming languages Like C, C++, Java, Python and more languages...... ",2023-04-01T09:38:53.947017Z,,IN,535,6,11,https://yt3.ggpht.com/_tqOdvBbDdbEq-BMUQN3P4lSSjMjGhdbcjfuDaMgrRo4c_alB7G8UCxN2xZWiiuW4FLQIJZ11gc=s800-c-k-c0x00ffffff-no-rj,"Coding|Code|Shorts|Sorts|Short|Code|coding|Coding Program|Youtube shorts vedio|Shorts vedio|Short vedio|Programing vedio|Programing shorts|Coding shorts|Coding shorts vedio|C Program|Java Program|Coding with sanat|Coding sanat|Sanat coding|CODING WITH SANAT","Lifestyle (parent topic)|Knowledge|Technology"
346,UCsqmfRbWMa7_i2uPbe0FRFQ,ByteClocker,"Welcome to the go-to channel for high-quality C++ content, led by a senior C++ software engineer with real-world industry experience. Here you'll find everything C++—from powerful tutorials and devlogs to pro-level coding tips, tricks, and game dev techniques. Whether you're leveling up your skills or exploring modern C++ practices, every video delivers actionable insights to help you write clean, efficient code. What you'll find here: 🎮 Practical C++ tutorials with real-world examples 💡 Tips and tricks for writing modern, clean C++ 📹 Devlogs featuring projects, tools, and workflows 🔍 Deep dives into memory, performance, and debugging 🚀 Game development with C++ engines and architecture 🧠 Insights from years of professional C++ development Subscribe now for expert-level C++ content designed to sharpen your skills and grow your dev career. ",2025-03-02T21:47:45.54285Z,,BG,34828,374,33,https://yt3.ggpht.com/VpiiYBvZTdS7FRDCK6Ld7s6SYidibTFMuKszbbQ_SyH8l9cWMKD_S_whJZJ4_p-7LQi2if4AmQ=s800-c-k-c0x00ffffff-no-rj,"c++ programming|c++ programming for beginners|learn c++|c++ tutorials|c++ tutorial for beginners|c++ projects|modern c++|game development with c++|c++ game development|c++ coding|software engineering with c++|debug c++|memory management c++|pointers in c++|clean c++ code|c++ coding tutorials|object-oriented programming c++|hands-on c++ tutorials|beginner c++ projects|intermediate c++ programming","Technology|Knowledge|Lifestyle (parent topic)"
347,UCOsR6RPv3-QlpCcTw-fl6NQ,"Tech Support","Tech Support is a highly informative and practical YouTube channel that offers a wide range of tutorials, tips, and tricks to help you troubleshoot and maintain your devices. From computer hardware and software to mobile devices and gadgets, our channel covers it all. Our team of experts provides the latest tech news and reviews on trending topics like #AI, #MachineLearning, #Blockchain, #Cryptocurrency, #Cybersecurity, #CloudComputing, and #InternetOfThings. With a focus on clear and concise explanations, we empower our viewers with the knowledge and skills they need to overcome any technical challenge they may face. Join our rapidly growing community today and take your tech skills to the next level! #TechSupport #TechNews #TechTips #ComputerMaintenance #MobileDevices #HardwareTroubleshooting #SoftwareTroubleshooting #ExpertAdvice #TrendingTech #TechReviews #TechTrends #ITSupport #DigitalTransformation #TechSolutions",2019-12-15T04:30:09.222381Z,,PK,971,20,11,https://yt3.ggpht.com/jFie5urU_oPOfTUEkaTabtnciBbjrrpDC0qZR8IdYWpE91UKzghGOh-DIx0lTQkOP9l-HN-vvQ=s800-c-k-c0x00ffffff-no-rj,"programming|technology|trends|courses|technical technologist|c/c++ programming|programming fundamentals","Lifestyle (parent topic)|Knowledge|Technology"
348,UCWATG8ezPc7JI2inWQN5YRA,CodeG,"Welcome to CodeG by Guru Prakash Singh, a one-stop solution for all enthusiasts. Our aim is to make you fall in love with Coding through this channel.This channel will help you in learning and implementation of most popular programming languages like C Programming C++ Python Java Php Javascript Jquery C# SQL And implementation of Operating system Data structures Algorithm Many real life problems And also you will learn how to pass the test cases. Full stack web development with deployment in live server visit : https://gatetogether.in Subscribe our channel and be a part of CodeG family to became a high level coder. Thank you :) ",2022-03-27T05:37:46.232922Z,,IN,284,24,15,https://yt3.ggpht.com/iVdBCdm0dj8yHRWmQpVWk5bMAh_kVQeo7p313rqySlxBl2shJdQr-VJfGJ1GlKAojE3t0tPz-Q=s800-c-k-c0x00ffffff-no-rj,"coding|programming|training|placement|project|preparation|interview|google|interview|c|c++|javascript|java|nodejs|php|python|code|coder|database|algorithm|job|oops|frontend|html|javascript|css|bootsrap|design|faang interview|off campus|placement prepartion|product based company|coding test|test case|it job|it company|full stack|full stack web development|college project|live training|free trrainning","Lifestyle (parent topic)|Knowledge|Technology"
349,UClk6-ac16ZoyRWP8jxMs7bA,"Chau Nguyen","Các bài hướng dẫn về ngôn ngữ lập trình và kiến thức IT",2013-08-16T08:45:03Z,,,17064,66,11,https://yt3.ggpht.com/ytc/AIdro_nOqnDBbJI5FrB54w7n9SHlkvySmOpKdNgUWydg6ArrxoI=s800-c-k-c0x00ffffff-no-rj,"oop|lap trinh|lap trinh c|lap trinh c++|lap trinh can ban|programming language|ngon ngu lap trinh|lap trinh huong doi tuong","Technology|Knowledge|Lifestyle (parent topic)"
350,UCm_hWdmFBvnMuCX8Kr30j6A,"Lets Code IT","Acc. to KIIT 1st Year C programming Course ",2023-09-12T11:15:57.143281Z,,IN,4518,32,16,https://yt3.ggpht.com/-7LxxvlOUAdMJ0PMN1wtFcQeNKF_bcflDKb5npbhMXm3P4k91GsAb1PvTR8FTWFaQqTeCqYeinE=s800-c-k-c0x00ffffff-no-rj,"coding|coder|c programing","Technology|Knowledge|Lifestyle (parent topic)"
351,UCFWBiR3aVnWDS_-jJFlA1AQ,"different fanciers","C++ programming complete codes and professional tricks.",2020-08-18T05:42:25.964263Z,,,176,37,11,https://yt3.ggpht.com/ytc/AIdro_mJ-xIKYbhYjqZNroFR8XEeNckXk4JNEu_R-wrkof9M8w=s800-c-k-c0x00ffffff-no-rj,,"Lifestyle (parent topic)|Knowledge|Technology"
352,UCLlBCzNhYFW4R42BuUUh6zQ,"Layers Programming",,2017-05-06T20:32:57Z,,,2365,14,12,https://yt3.ggpht.com/ytc/AIdro_nPgNhrWvCDlBWH9l7i0Kks9jmdw0wXQY7MixuJykjHRr4=s800-c-k-c0x00ffffff-no-rj,c++|programming|how|to|program,"Technology|Knowledge|Lifestyle (parent topic)"
353,UCmeAoaWiQ20y20zKDu9jF8A,"Build AlgoLogics","Hello programmers!!! Welcome to the Build AlgoLogics! ⚙️🔧, your ultimate source for all things programming! As a programmer, I understand the importance of logical thinking and problem-solving skills in this field. That's why, on my channel, I aim to break down complex programming concepts and explain them in an easy-to-understand and logical manner. Whether you're a beginner or an experienced programmer, you'll find valuable information and insights on this channel. Join me on this journey as we learn and explore the world of programming together. Subscribe now and let's learn with logics! ",2021-08-29T05:09:43.287729Z,,IN,44847,2610,17,https://yt3.ggpht.com/60M5tdUkRhR7vHoU7uK4fJdWEGCccO-YLgc4n0SZBMszMHRYuJ2JWUpVliqNb8o38PWdaXjsIg=s800-c-k-c0x00ffffff-no-rj,"buildalgologics|algologics|algologic|algologic|logics|algorithm|C++|Java|Python|C|Programming|code|coding|nodejs|rehan|programs|coding|build algologics|build algo logics|build algologic|algo logics|algo logic|algorithm logics|algorithm logic|build algorithm|build logics|build algologic|build algorithm logic|build algorithm logics|pattern programs|Rehan Ali|Rehan Ali Siddiqui|siddiqui rehan ali|source code|source codes|programs source code|star pateterns","Technology|Knowledge|Lifestyle (parent topic)"
354,UCrwOK71g4Wi0JmQTjf6KUgg,"Code with Coders","Code With Coders is my attempt to teach people coding techniques quickly. On Code With Coders you can find explanations for all the Subjects related to Programming ",2024-06-15T11:13:01.353431Z,,PK,2620,90,38,https://yt3.ggpht.com/cnw1y7_34W-oh13mx2OB5qactOVlZ1ytsd93PtGTK5qBlTKuJMUo_bmtVjPCAaMCmPnqupxa2g=s800-c-k-c0x00ffffff-no-rj,"Programming|Coding|Python|JavaScript|C++|HTML|CSS|Web Development|Front-End Development|Machine Learning","Technology|Knowledge|Lifestyle (parent topic)"
355,UCwutddvrsuy_PkmRZpgTKjA,CodewithPoojisha,"This channel is an educational channel. Here I am trying to explain the concepts of programming languages to the students as I had felt that many students can't cope up with other lectures because either they are very advanced or they just explain theory so the students may get confusions regarding practical excercises.",2018-02-02T16:17:15Z,,IN,2940,41,40,https://yt3.ggpht.com/3BwxqP3fsb9cY20u3gv6mOvxJDJb-5p5-_hMt1GLjRxZ28U-GmmP8pTm9JjCiY8K4u0OkTMHCg=s800-c-k-c0x00ffffff-no-rj,,"Technology|Knowledge|Lifestyle (parent topic)"
356,UCBBMljsBKIpZrHocp27LLnQ,"Robot Vision Tec","Introduction to C++ Programming for Beginners (C++ Tutorial for Absolute Beginners)",2015-01-19T11:36:53Z,,,408,0,15,https://yt3.ggpht.com/ytc/AIdro_m40TbRHU-6tTnIbw3ET7kekLnN7kNapuBcsabO3L8=s800-c-k-c0x00ffffff-no-rj,,"Lifestyle (parent topic)|Knowledge|Technology"
357,UCizLgcUF52YzWVztnoQqyhQ,"CODE HOLE","CREATIVE PROGRAMMING WITH SOURCE CODE",2020-10-19T10:34:44.084384Z,,IN,270,5,24,https://yt3.ggpht.com/ytc/AIdro_mv4E8zHt_IFUk_g0uqDoJLq-Tb74YCKlEotMGbcEh0ZQ=s800-c-k-c0x00ffffff-no-rj,,"Technology|Knowledge|Lifestyle (parent topic)"
358,UCak_U3GnY0zgPc_Yd1ANiwA,Zyncoders,"👩‍🏫 Welcome to Zyncoders Programming Hub! Hi, I’m Aishwarya, an Assistant Professor at SJCIT, and I’m here to help you level up your skills in programming and development. 🚀 If you're passionate about learning different programming languages, building real-time projects, creating websites, designing games, and more — you're in the right place! 💻🎮🌐 This channel is designed to help students and aspiring developers upgrade their skills, build a strong portfolio, and get placed in top tech jobs. 🎯 What you’ll find here: Programming languages like C++, Python, Java, JavaScript, different Frameworks and more How to build real-time, industry-level projects Step-by-step guides to create websites, games, apps, and more Tips for cracking coding interviews & getting placed in top tech companies Career advice for becoming job-ready in tech 👉 Subscribe now and start your journey #programming #webdevelopment #gamedev #learncoding #jobready #cplusplustutorials #projectbasedlearning ",2022-11-25T15:01:16.321872Z,,,163,9,18,https://yt3.ggpht.com/tozSd6Q5kv08gFc4aNgEwrzijEGBEkJEO_CwFKOJcrtm7ITVVk2ns1p2Tg6LftOv6i4hSJW2=s800-c-k-c0x00ffffff-no-rj,,"Technology|Knowledge|Lifestyle (parent topic)"
359,UCOXItV1yuFZFPSqJv0BI70g,"Labasa Coding",,2023-06-23T10:50:03.292467Z,,,20111,67,23,https://yt3.ggpht.com/966FUR2F_-I_jgOkITcFhUhxM85MNqUJpv5OuO7sn3tMsfmLmDItS87i-OcoyNKfynXPSJ1tqg=s800-c-k-c0x00ffffff-no-rj,,"Lifestyle (parent topic)|Knowledge|Technology"
360,UCFWXgTukQiOIrWHW_JYIgSQ,TPA,"For amazing C++ Graphics programs Make sure to subscribe us!! This Channel is All about Computer Programming. Here i will be demonstrating a few Programs! As of now i have started with C++ Graphics. Hope you guys like it! :)",2015-08-07T15:01:00Z,,IN,1167982,7390,14,https://yt3.ggpht.com/ytc/AIdro_mT1jarD9_hdkrzQLly0Ghqkvxtw3C7zntD-hgMAR5hng=s800-c-k-c0x00ffffff-no-rj,Programming|C++|turbo,"Technology|Knowledge|Lifestyle (parent topic)"
361,UCUH7mL3LFj_bA6shungzmIg,"Code Beyond Boundaries - WithJack","🎉Welcome to Code Beyond Boundaries – WithJack ! Here, coding isn’t just about writing code — it’s about thinking creatively, solving real problems, and building logic that goes beyond boundaries . ✅ Learn C, C++, Python, and Java from scratch ✅ Master Data Structures & Algorithms in C++ & Java with clear, step-by-step explanations ✅ Explore real-time examples and practical coding demos ✅ Get tips for interview prep and writing clean, industry-level code Whether you’re a beginner, preparing for placements, or passionate about coding — join me on this journey to break limits and loops and code beyond. 💡 Subscribe now and let’s build logic together! ",2025-03-04T09:52:50.129957Z,,IN,741,12300,8,https://yt3.ggpht.com/fzE4OymRnmqk3NkONuvRWolX0GQgM-ag_uEmoDewLCNqwaksHvRCMMKWCaSrVkl0HMEO2axKjA=s800-c-k-c0x00ffffff-no-rj,"song lyrics|love vibes|relaxing music|emotional songs|lyric videos|music shorts","Technology|Knowledge|Lifestyle (parent topic)"
362,UC5lLg34j1uFwCYAoRJ1EVOA,"Study Portal","Learn all the programming languages beginner to advanced level c/c++ , c # , javascript, java, jQuery, angularJs, angular 1 to 8, android,sql server, pgadmin, firebase,",2019-10-28T05:27:33.961113Z,,,955,22,43,https://yt3.ggpht.com/ytc/AIdro_k2xomJqEd67LyCCE4EHicajgFNLlw-dYX5mTP-tYeE2Q=s800-c-k-c0x00ffffff-no-rj,,"Lifestyle (parent topic)|Knowledge|Technology"
363,UCth5z8nbt0ovFxBFQy64n4w,"Pekka K.","This channel is for my programming (mainly C++ language and MFC) related videos. I want to add tutorials, something from my own projects and ideas. I have been coding C++ now for about 20 years and its my work and hobby. I have done some AI game programming like a Gomuko game. I do also private tutoring (online and in person); here is my web site: http://c-programming-tutor.co.uk It is possible to download source code of many videos. Information how to get the source codes: https://youtu.be/nmR1ZfYIZDA ",2014-03-21T23:21:12Z,,,865452,3530,104,https://yt3.ggpht.com/ytc/AIdro_nRXMHPxL2fSm35_BWWQrPMtzNrv5QnO1HpmBo2TX6uug=s800-c-k-c0x00ffffff-no-rj,,"Technology|Knowledge|Lifestyle (parent topic)"
364,UCOyMpfG3ql1PYnFZVxe2-3w,CodeKarYaar,"I love to code & teaching what I know. 📌 What you’ll find here: Step-by-step DSA problem breakdowns Beginner to advanced concepts in C++ Live dry runs and code walkthroughs Time & space complexity analysis Competitive programming tips & tricks",2025-08-08T07:37:50.053628Z,,,159,11,10,https://yt3.ggpht.com/1m64IzOACFURKd4HGFQvMvocCRDaE9g-S9ZwOeTCbbckcys8gJFPBziifxYSS8e3q1XJ234qIv8=s800-c-k-c0x00ffffff-no-rj,,"Lifestyle (parent topic)|Knowledge|Technology"
365,UC69rzYu9RU_2NuP11Ke8jcw,MathPhysicsProgramming,"I am a C++ programmer who likes teaching. I make videos for beginner programmers, such as tutorials about easy to make games and similar C++ projects. I have math and physics background and I like to show applications of these subjects.",2022-10-25T15:37:04.939043Z,,CZ,5412,35,8,https://yt3.ggpht.com/ytc/AIdro_nWBkhs3XZcENi1MSPCdcXzpUjnMm2sZJbVobSifX-nvmmNb8bXfpOmj_RTnLGbL03qbA=s800-c-k-c0x00ffffff-no-rj,"C++|programming|education|coding|SDL2|algorithms|physics|math|programming ideas|programming inspiration|C++ GUI|how to create a simple game|coding projects|simple physics simulations|math programming projects|physics programming projects|c++ projects|c++ for beginners|c++ game|c++ tutorial","Knowledge|Technology|Lifestyle (parent topic)"
366,UCjEhhjYnjLZL2BJ796XaeQQ,"MUKAM CODING MENTOR","DEVELOPER \ BLOGGER \ CODING MENTOR \ We are here to teach skillfully that how to code. How to start coding for beginners, How to develop a new website and many more. One can start coding from very basic with our channel and can reach up to the advanced level of coding. Here are some topics that we cover in this YouTube channel:- ✓ C Language course ✓ C++ advanced course ✓ Data Structure and Algorithms ✓ HTML ✓ CSS ✓ Javascript ✓ Python CONTACT US:- mukamcodingmentor@gmail.com Instagram - @mukam.coding.mentor Facebook - @mukam coding Mentor Please subscribe the Channel and send your suggestions . ",2020-12-17T12:38:06.645469Z,,IN,548,20,20,https://yt3.ggpht.com/ytc/AIdro_m1h5vn7wxcwMYu0M0mJVBQwjax_8KbVMwUT-Vdt5eNag=s800-c-k-c0x00ffffff-no-rj,"coding|mentor|mukam|program|programming|design|education|learning|c++|bootstrap|html|css|java|algorithm|mukam coding mentor","Technology|Knowledge|Lifestyle (parent topic)"
367,UCh7RqCtgiw64ZUlRCklHuXQ,"Solid Sands","Solid Sands is the world-leading provider of verification and qualification technology for C and C++ compilers and libraries. ",2013-11-19T15:03:57Z,,,5343,88,34,https://yt3.ggpht.com/Waq8obJ7BidazVf7j10fL7DW0Mqr3Le2EeNYNg_iA3_yyEKV-gaJMZWbCyXFiHyBBq2GsehX6as=s800-c-k-c0x00ffffff-no-rj,,"Lifestyle (parent topic)|Knowledge|Technology"
368,UCBBUzfroXJvNgIlcDPSs6iw,"Goel Tutorials","Mentor : Tushar Goel This Channel is all about your clearing the basic concept of c,c++,java with easy example for begineers. So,that you can enhance your concept and get easy understanding these languages. 1. C is an Procedural Language & it is written for rewriting the Unix System. 2. C++ is object Oriented Language which is an enhanced version of C with OOPs concept like Classes & Object etc. 3. JAVA is an also OOPs language. It is secure language because it create .class file rather than .exe and this .class file only read by JVM. @@Thanks for Visiting our Channel !! @@ Do Support by Just one click !! Subscription Link Below !! https://www.youtube.com/channel/UCBBUzfroXJvNgIlcDPSs6iw",2017-03-29T13:10:22Z,,US,1456,32,12,https://yt3.ggpht.com/ytc/AIdro_mFWIk2bY5tRqRXvuvH0XZdjsb4tBx7revAUgCSoLEgRQ=s800-c-k-c0x00ffffff-no-rj,"c++|java|tutorial|core|java certification training|java tutorial|core java tutorial|java tutorial for beginners|core java concepts|java training videos|core java videos|core java programming|hello world|java (programming language)","Technology|Knowledge|Lifestyle (parent topic)"
369,UCxsMUqcsQj4YEgVPDYyh1AQ,"Think & Code",,2025-09-29T15:59:41.037107Z,,,250,12,26,https://yt3.ggpht.com/8lfucvtsUarmlCVraLlG-kxN5uZV4TYKN3lpDcxAjWvUulNwX8X3aBk4mU4275Pnt_qN7_vCBA=s800-c-k-c0x00ffffff-no-rj,,"Technology|Knowledge|Lifestyle (parent topic)"
370,UCOoBLQx_YG5OAcaTaIhxPxA,"Rs coding","Learn coding and programming Languages And Some Related Stuff...",2019-08-11T08:31:00Z,,IN,897,19,11,https://yt3.ggpht.com/ytc/AIdro_kTPNRoFB3NxH-1N47wqEtwJ2PkLpjK2UGFiDJ6y5a53FM=s800-c-k-c0x00ffffff-no-rj,"c++|java|paythan|learn coding|programming language|computer science","Lifestyle (parent topic)|Knowledge|Technology"
371,UCQ2sSj5QrDMlZiYLbK8ccqw,"THE TRIGGER","TheTrigger channel introduces programming tutorials in c++ language . hope to visit ^_^ ",2014-08-08T08:40:02Z,,,183421,1620,85,https://yt3.ggpht.com/ytc/AIdro_kD4jpMpfGBZ76-3UV_20BUaJEq90rLV5bOzS1gJ9OwVg=s800-c-k-c0x00ffffff-no-rj,دروس|تعليم|البرمجه|سى|بلس|c++|programming,"Technology|Knowledge|Lifestyle (parent topic)"
372,UCcSAivhMVtEVTFJNHCjeQmQ,"Code and Camera","Hi, I am Anubhav Bhatnagar, Join me on my journey and live a life of an Indian Boy with Tech and more.",2023-06-20T10:41:57.067776Z,,IN,1323,121,39,https://yt3.ggpht.com/h3krhy8tcHDollEHp_oK4uhF_cdNEPn80EpfR6nxJXfC57e3GPf4mZmsZ6j_WgXTEJVPqMIlGw=s800-c-k-c0x00ffffff-no-rj,"Python|Java|C++|C|Programming tutorials|Code examples|Web development|Software engineering|Coding projects|Algorithm explanations|Code optimization|Programming languages|Front-end development|Back-end development|Full-stack development|Mobile app development|Game development|Data structures|Design patterns|Version control|Debugging techniques|Code reviews|API integration|Databases and SQL|DevOps practices|Continuous integration/continuous deployment )","Technology|Knowledge|Lifestyle (parent topic)"
373,UCEgT58wmNz2U_96pLNKk5Eg,"Tricks With Coding","Tricky algorithms and coding guidance",2020-05-12T06:40:53.885698Z,,,2622,25,10,https://yt3.ggpht.com/ytc/AIdro_lwKGERKm3i6KNmPf_JLIGEBVoLqD8svVQCNbLS6_Izuw=s800-c-k-c0x00ffffff-no-rj,,"Lifestyle (parent topic)|Knowledge|Technology"
374,UC1h3P3_bPuHEYMaDnfI0t7w,"learn programming and computer basic","Learn c language in hindi, learn c++ in hindi, learn html in hindi, learn computer typing, c language programs in hindi, c++ programs in hindi,",2018-09-18T06:17:18Z,,IN,146,4,10,https://yt3.ggpht.com/ytc/AIdro_nKSZXEU198fyz82Tz-wUT8GpuCExefYNYboBROQx4q=s800-c-k-c0x00ffffff-no-rj,"c language|programming in c|c language program","Lifestyle (parent topic)|Knowledge|Technology"
375,UCUS1zBQkkazJMrVzUPjhYjw,"Bach Khoa",,2016-07-04T18:19:33Z,,,10052,14,12,https://yt3.ggpht.com/ytc/AIdro_lB02t9kBqmF-KXzrbRCwNahii0L0ghikyPH0-uRnU8N9w=s800-c-k-c0x00ffffff-no-rj,Lập|trình|C/C++,"Technology|Knowledge|Lifestyle (parent topic)"
376,UCqT7Ptfr-beXV_s6q9mh2hA,"code with kazmi","Hi this is Prof Imran Kazmi , This channel is about all programming solution and codes . This surely help you in your career. I am Professor of University of Education Lahore . I have made this platform for students to clear their concepts clear and be helpful for them . Like and Subscribe my channel to futther more lectures and tips .",2023-03-12T07:10:48.170744Z,,PK,1815,124,28,https://yt3.ggpht.com/uJHX6KRxawq5JkmK8XLJsA4Hk1vlUPAZddcUGVOZ2tkNsGR56jd7MHB-8HA0eXKI7G4IX1Ew=s800-c-k-c0x00ffffff-no-rj,"use of relational operators","Technology|Knowledge|Lifestyle (parent topic)"
377,UCM4asOQUWUTarJEAc0Bh_Bw,"Coding Bulls","Coding Bulls is a channel dedicated to teaching coding skills in C++ programming language for individuals of all levels of expertise. The channel provides comprehensive tutorials covering various topics such as algorithms, data structures, and competitive programming, and offers hands-on examples and projects to help learners put their skills into practice. Whether you are a beginner or an advanced programmer, Coding Bulls provides an extensive learning experience that covers everything from the basics of C++ to more advanced concepts. With its easy-to-follow tutorials and practical projects, Coding Bulls is an excellent resource for anyone looking to enhance their coding skills in C++.",2016-10-04T11:53:09Z,,,3151,1490,27,https://yt3.ggpht.com/dmfI6AeyFINhtBIObMZVyfUM6KQRRihdf-W_FuMM_49vA7cMuOP3zjTryMElmrDgaMCjjqqn=s800-c-k-c0x00ffffff-no-rj,,"Technology|Knowledge|Lifestyle (parent topic)"
378,UCOk2OeW4w48_yfIRX5MsZIg,"Responde em Códigos","O canal Responde em Códigos, nasceu com um simples propósito de ajudar a quem está começando a trilhar o maravilhoso caminho da programação de computadores. Este canal irá em breve oferecer cursos e pequenas séries sobre programação, abordando diversas tecnologias.",2017-01-05T15:52:02Z,,BR,79802,1070,49,https://yt3.ggpht.com/ytc/AIdro_kSXxLYOCRdhwZJwFEo3igiXBwFqliVbdGQ9fzWjJPK0FM=s800-c-k-c0x00ffffff-no-rj,"responde em códigos|romário coelho oliveira|cursos de programação|linguagem c|ruby on rails","Technology|Knowledge|Lifestyle (parent topic)"
379,UCX0CD8iywPGik6rPGxwdSBw,"Let's try","Thank you for visiting. 😊",2021-05-14T08:49:25.625729Z,,,123,10,12,https://yt3.ggpht.com/WO2EqSvAFks-oBM1ngzJ4oI80ZuO2nc68z62mfLxpgXpT1SowO98GnQYnh7yevptVPFLC64GQQ=s800-c-k-c0x00ffffff-no-rj,,"Technology|Knowledge|Lifestyle (parent topic)"
380,UCo4m7ms1KQBmdserASQKNzg,"alive tocode","We are alive tocode. This is an educational page for coding related contents.",2020-06-09T08:53:37.432398Z,,IN,34418,74,17,https://yt3.ggpht.com/ytc/AIdro_nnu_e0ph-puQbp0a0XmVupQ_4USCAqkoJ3zL72LxxL1g=s800-c-k-c0x00ffffff-no-rj,"programming|cprogramming|alivetocode|what is programming|alive to code","Technology|Knowledge|Lifestyle (parent topic)"
381,UC-ucfviSXHYZWAmOImrlekQ,CodeSadan,"Hello Coders, In this Channel I will Provide you All the programming videos from basic to advance. I will cover all the programming tutorials on a daily basis. Code Sadan",2022-09-12T07:21:56.711792Z,,IN,2412,15,10,https://yt3.ggpht.com/aPVZqbH1er75Hkhzq928d8RICHYdG7Rbg8VyMRz06fpgZNu1_Q6Vu_kT2Y-1-ju3iYnN1dPK=s800-c-k-c0x00ffffff-no-rj,"CodeSadan|Codesadan|codesadan|Codemy|codemy|Code Sadan|Code sadan|code sadan|Coding Sadan|Coding Video","Lifestyle (parent topic)|Knowledge|Technology"
382,UCZ258vr1FEvUwZg3NpfXU8A,SherooCodingAcademy,"Hi! Here you can learn different Programming languages starting from C++. ",2023-01-25T05:41:36.686096Z,,PK,411,33,10,https://yt3.ggpht.com/Lh2W5XG7DhcvBOuxZ2LdyT1gfn0pkVy1ngwi14KZogojniIV-H91wgV1SEJ6op7hh1c_wcW3pA=s800-c-k-c0x00ffffff-no-rj,Programming|SherooCodingAcademy|CodeC++,"Technology|Knowledge|Lifestyle (parent topic)"
383,UC8zb4xr-PC4YtDiduYSJ9-w,"Shantanu Yadav","Programming Tutorials",2012-12-23T16:48:14Z,,IN,12362,850,75,https://yt3.ggpht.com/1tibiBVwG4_LWu5XqkiRFN8PWZLriXxGJlyqPPlEqj3WZuMetCDvVRyGCIWDotTUtGrO6ulUHA=s800-c-k-c0x00ffffff-no-rj,REGAL|shantanu|PICT|java|cpp|c|DataStructure,"Technology|Knowledge|Lifestyle (parent topic)"
384,UCpdgpYrrEwpe8DSRxi9jOXg,"Fun Coding","Programming For Beginners. From beginner to advanced. C++ , Python , Java Script. ",2023-04-08T11:10:05.231104Z,,,423,22,11,https://yt3.ggpht.com/f3sw2Fx8O5OapahTPuL_2T893mR0ja2ElvyNLQh3hXS3JrcGfEXwDgUGhQpPOMllByFJmyE8=s800-c-k-c0x00ffffff-no-rj,,"Lifestyle (parent topic)|Knowledge|Technology"
385,UCCGm8bMWR0b5gfMajycuUHg,"Killer Programming","Here are some fundamental c++ programs that will surely help you!",2020-06-20T01:39:26.286022Z,,,350,7,10,https://yt3.ggpht.com/ytc/AIdro_n-UiGjyYK9GG5mF9TpFweFgnptUF5egk3MgH7i2HSSVw=s800-c-k-c0x00ffffff-no-rj,,"Technology|Knowledge|Lifestyle (parent topic)"
386,UCvl74vOenAUO_UYTrhO_pSA,NLPNest,"NLPNest: Your Hub for Learning Python, NLP, GenAI, Data Science, and Machine Learning! Welcome to NLPNest, where we dive deep into the world of cutting-edge technology! 🌟 Whether you're a beginner looking to start your coding journey or an experienced professional aiming to enhance your skills, you've come to the right place. What We Offer: Python Programming: Learn Python from the ground up with easy-to-follow tutorials and practical examples. Natural Language Processing: Explore the fascinating field of NLP, from basic concepts to advanced applications. GenAI: Understand the principles and techniques behind generative models and their real-world applications. Data Science: Unlock the power of data with comprehensive lessons. Machine Learning: Dive into the world of machine learning with hands-on projects and insights into popular algorithms. Don't forget to subscribe and hit the notification bell so you never miss an update! ",2017-05-02T08:44:38Z,,,29661,216,33,https://yt3.ggpht.com/eOc_PXCO-lzHOKBDQkacytvs4tJZMyey5r9LHRxjysz31XtavhJotMhniStduH1xCAtqZygzD40=s800-c-k-c0x00ffffff-no-rj,"CodeForGeeks|how to learn programming easily|Programming Interview Question|String Interview Question|C++ Tutorial in Hindi|String Programming Question|Placement Question|Tutorial for Placement","Lifestyle (parent topic)|Knowledge|Technology"
387,UCkqAgQgO_k_Zm56tgs5yUqA,"Learning Coding C","Hey all , Here I'm going to teach all chapter of "" C PROGRAMMING "" from starting . Also if you want to learn other programing language like c++ or whatever you can ask me in the comment section . If you all like my way of teaching then do hit one the "" SUBSCRIBE "" button to send your love . Har har mahadev 🙏",2023-07-02T13:14:19.366118Z,,,830,4,15,https://yt3.ggpht.com/Cejx3-o6ADFGT9hm6waMSLmbdYU8fMlG3gO15nsetGEZFA4wck5IeHh-pMBGzlTrV0sOkEF6ajQ=s800-c-k-c0x00ffffff-no-rj,"Coding|C Programming|C Language|Machinelevel Language|C++ Programming|Coding C|Learn Coding","Technology|Knowledge|Lifestyle (parent topic)"
388,UCA19O6-c70c3Bf2K_QpLuDA,"Christopher McArthur","Modern Software Development focusing on C++, DevOps, and Full-Stack Cloud Applications Just a playground for me to experiment with making content. ",2021-11-07T00:28:18.88652Z,,,4452,63,10,https://yt3.ggpht.com/jG99sXC0QVZTI-q6vwtXTMfB7__-nYXIT0IpY7j1RRe5xwmO0G83GgSqwKmpCDTI1c1bcCa4QVo=s800-c-k-c0x00ffffff-no-rj,,"Lifestyle (parent topic)|Technology|Knowledge"
389,UC09_aBXe3vPc3ezZIvYPdKQ,"coding girl ","start application is =turbo c++ you can learn with me c language codingwithaayushi 😊 i explain everything in one by one i give you notes free you can just subscribe and watch my all videos ",2025-06-21T18:56:18.816794Z,,,12438,47,11,https://yt3.ggpht.com/GqR3ZY1ZbEsW5Peee7JqzMBRHFFOcBDwxirrIAOhrRiNasjHbzZMXqYly2CLHsWCcC5Y2TbK9g=s800-c-k-c0x00ffffff-no-rj,,"Technology|Lifestyle (parent topic)"
390,UC2IwJvAZpERL8Eq6DEvka1A,Coding,"Assalam-o-alaikum Welcome to ""Coding"" your go-to destination for mastering C++ programming! Dive into a world of code with easy-to-follow tutorials, insightful tips, and engaging projects. Whether you're a beginner or an experienced coder, this channel offers something for everyone. Join our community of passionate learners and unleash your coding potential. Subscribe now and let's embark on this exciting coding journey together! ",2024-02-14T14:35:21.096358Z,,PK,15514,122,81,https://yt3.ggpht.com/nBe5-2dkFOHQ3Vld37JbYEt8_5Pm_fts-a8gDi6ZRazxZFsl-Bet4ZiwjBtqGyBEl3RNgVbDsg=s800-c-k-c0x00ffffff-no-rj,"coding|coding for beginners|coding course|coding c++|coding videos|How to learn coding|coding kesay sikhay|coding course online|coding course free|coding kia hay|what is coding|coding for k","Lifestyle (parent topic)|Knowledge|Technology"
391,UCaaOyzc9BE5lMThc7efKzPA,"Jpk Programming Tutor",,2015-08-22T12:47:17Z,,,6079,7,10,https://yt3.ggpht.com/ytc/AIdro_mhh40pXNvQUzeYN3bFYtMda5CJCPenB7zuIcWjWsM=s800-c-k-c0x00ffffff-no-rj,,"Technology|Knowledge|Lifestyle (parent topic)"
392,UCSJIK1aB6rA5uo7dyEuisog,"Zen Sepiol","Hi, I'm Zen Sepiol, I'll talk about C++ and software development in general. I love code and I love software. Especially the hidden part (backend) where all the magic happens. Stay if you are as interested in uncompromised performance and sustainable designs as I am. Not all software is web or scripts and at its core everything needs to be fast. So join me in discovering the world of C++. All code related to this channel can be found on github (https://github.com/ZenSepiol/ZenSepiol) ",2021-10-05T09:06:01.783117Z,,DE,246873,2680,67,https://yt3.ggpht.com/gcdwvKPBWYC8dWBWDuHLGu6PObjwCAjtL_V4-qmFiTZGi-zfwPYo8p-hABhy7WaofDMz80LfHQ=s800-c-k-c0x00ffffff-no-rj,"Programming|C++|Linux|Clang|Tutorial|Git|Gcc|Meson|Catch2|Virtual Machines|Dear ImGui","Technology|Knowledge|Lifestyle (parent topic)"
393,UC7un-FO5lDNqoVmEV4UQwNA,"The Coding Club","TheCodingClub@ABA C++",2015-09-06T16:42:04Z,,OM,3479,27,11,https://yt3.ggpht.com/ytc/AIdro_mcfNPkjhBwCqZJUv9easUpq8QxwZl1qm_DnyEHtte9sw=s800-c-k-c0x00ffffff-no-rj,C++|Programming,"Lifestyle (parent topic)|Knowledge|Technology"
394,UC3A5p44P47WtM_CGW7O8y4A,"IT Quizes","Welcome to our IT Knowledge Assessment Channel, dedicated to helping learners and professionals strengthen their understanding of core information technology concepts. This channel features a wide variety of structured quizzes covering: • Programming languages (C++, Java, JavaScript, C#) • Software development principles • Computer networks and cybersecurity • Databases and data structures • Artificial Intelligence, Machine Learning and related fields • General IT fundamentals Our mission is to support continuous learning and skill development through direct knowledge evaluation. Each quiz is designed to help you: • Test your current level of understanding • Identify areas that require improvement • Prepare for technical interviews, exams, and certifications Whether you are a student, a developer, an IT professional, or simply someone passionate about technology, this channel provides a clear and structured path to measure your progress. ",2025-11-08T22:07:02.38817Z,,US,1884,14,24,https://yt3.ggpht.com/pRT--VyuK7C2-AC-StodQOQISkT8LqHabdJnDZyiDzQfwdF3jlmdbsDCK_W9aKYkoftUQ-fi=s800-c-k-c0x00ffffff-no-rj,"Hardware|Software|Networking|c++|java|javascript|html|css|oop|loops|IT Quiz|Tech Quiz|Technology Quiz|Programming Quiz|IT Quizzes|Test Your IT Knowledge|Tech Trivia|Cybersecurity Quiz|Coding Quiz|IT Challenge|Learn IT|Computer Science Quiz|data types","Lifestyle (parent topic)|Knowledge|Technology"
395,UCqK-Gif7pqMivEBLZr-spNg,"coding technical ","This is the version of channel help those students who want to achieve the goal. programming is the technological process for telling a computer which task to perform in order to solve the problems. coding is the human activity that involves translating ideas and instructions into a language that computer can understand. Thank you for reading. #programming languages #engineering course # coding FULL STACK PYTHON + DATA SCIENCE+ A.I subscribe my channel.",2020-10-27T07:10:30.301052Z,,IN,9376,19,42,https://yt3.ggpht.com/N9tfwvFIePtOXORO6vF_j1Yc0aGGhdZ7FPGCvxofA59uuNcqL-pVYJATRZLo4FNJaeWRAwSaJg=s800-c-k-c0x00ffffff-no-rj,"@ishacoding|Coding technical|Coding beginners|Logical coding|Logic base coding","Lifestyle (parent topic)|Knowledge|Technology"
396,UCufftXAn5CBqr6xsQuvtQHg,"Acme Softs","Acme Softs is a modern software company dedicated to helping businesses reach new heights by establishing their powerful online presence. We specialize in crafting custom, high-quality websites and web-based solutions that transform your ideas into digital reality. Whether you’re a local shop looking to attract more customers, or a growing business aiming to streamline your services online, Acme Softs makes it effortless. From intuitive design to seamless functionality, we handle everything — so you can focus on running your business. At Acme Softs, we believe every business deserves to shine online. That’s why we combine smart technology with a personal touch, delivering websites that are not only beautiful and fast but also secure, scalable, and tailored exactly to your needs.",2022-11-14T18:26:12.466455Z,,PK,1300,34,41,https://yt3.ggpht.com/btV_cbP9FS8g42YefgCcq4iBj3KoOU7gcgnQRpHn7_62s6I24aMd7LG3IsMqgB6YnDYWDvs0_hE=s800-c-k-c0x00ffffff-no-rj,"Acmesofts|amcasofts|C++|jawed|c++|acme softs|Acme softs|ACME SOFTS|Acme Softs|acm softs|softs am|came softs|cmea softs|softs acme|dev c++|Came sof|axsme softs|ackme softs|akme softs|coding classes|web development courses|data analytics courses|mit app inventor|online compiler|java w3schools|learn java|java development kit|java basics|online learning harvard|acme softs|mr beast|Mr beast|first video on youtube|Techno gamer|Ducky bhi","Lifestyle (parent topic)|Knowledge|Technology"
397,UCtIcztTxKMW3leLNGWd3oMA,"Code Hammer","We are here to smash problems related to codes mainly C++ and java. Our mission is to encourage dreamers towards theirs goals.",2022-12-18T07:41:22.733191Z,,NP,965,17,16,https://yt3.ggpht.com/8tNl3kbxlvzx8o2IEaNSDcrXuyTJVqJL4dxfvRdPaeE1hh7rf7gOfVwOteMZUYgimHVj45usjHo=s800-c-k-c0x00ffffff-no-rj,"codehammer|codeh|youtube|facebook|instagram|C++|coding|oops|best youtube channel|c++ program|how to master c++|best channel to learn c++","Technology|Knowledge|Lifestyle (parent topic)"
398,UC6iazM8cFd5MZpOa2B5kFtQ,"Let's code it","This is a coding learning platform where you lean all programming language or coding.",2020-06-17T07:12:44.181644Z,,IN,774,47,11,https://yt3.ggpht.com/ytc/AIdro_kkrkXTq8rVmAJwzQUG63FR7n84LIEWJpdpBtasbngN-9s=s800-c-k-c0x00ffffff-no-rj,"letcodeit|letscodeit|code|programminf|letcode|coding|programming|let's code it|lets code it|let code it|coding channel|learn coding|learn programming|code it|lets code","Lifestyle (parent topic)|Knowledge|Technology"
399,UCc94-wPS0Grkat0meJu8Z-g,"WM Programming Skills","This channel is about basic programming skills in C++ language.You can also learn python basics.You can also learn graphic designing in adobe Photoshop CC and Illustrator CC.You can also learn HTML, CSS and JavaScript.",2020-08-06T12:28:34.38252Z,,,2655,48,11,https://yt3.ggpht.com/ytc/AIdro_nc3NDmIqHwP0UZPeLpziqrPQp9lbudXEn1BS5TBEjsocI=s800-c-k-c0x00ffffff-no-rj,,"Technology|Knowledge|Lifestyle (parent topic)"
400,UCZnaGNgp75YDi-hrKP_rTEA,"Programming in C with rsk","Programming in C. Free videos on Programming in C. Easy to understand videos on programming in C. C Programming for beginners. Learn C programming for free. Understanding constants and variables in C. Know loops in C. What are decision control construct if else and switch in C. Understanding Pointers. Understanding functions in C. Assiciativity and Prefference. ",2022-03-12T04:47:40.584512Z,,IN,2149,87,52,https://yt3.ggpht.com/HKVvbuJWtebBtlSKLbeL3dZQuk1uhAiBEfnJhvO-WVT7p8L-msxthmhoYKtEZbdqb8xTPTe-zQ=s800-c-k-c0x00ffffff-no-rj,"if-else|switch|functions|Programming|pointers|loops|Recursion|Associativity|Precedence|Strings|Files|Structures|Programming in C|With RSK|arrays and strings|passing values to functions|functions returning values|Learn Programming for free|Free videos on Programming in C|Introduction to C|Advanced Topics in C|Variadic Functions in C|Recursive Functions|Arithmetic Expression|Nested for loop|Nested if-else|Nested switch|Numeric Arrays|Pointer Arrays|void pointer","Technology|Knowledge|Lifestyle (parent topic)"
401,UCqEMF44bh9FJfAdEx2Q1Vkg,"Coding Structure",,2024-01-01T18:39:20.261923Z,,IN,309,4,33,https://yt3.ggpht.com/ytc/AIdro_nr9xE_2vBhbh6K--Fq-aive21XyEQnu2y02BiS_JoIPeuEzrRmJAz6CHewA8Z5_h4Pew=s800-c-k-c0x00ffffff-no-rj,,"Technology|Knowledge|Lifestyle (parent topic)"
402,UCK2hG6gpXrScO1W_uL3zX8A,CodingTechnique,"Hey, Welcome to my channel !! We provide all content in HINDI LANGUAGE. This channel cover all programming language , coding related all topics and give right path to code difficult program. It cover programming language like C , C++ , PYTHON , JAVA , ADVANCED JAVA , PHP-MYSQL , KOTLIN , C# and DATA STRUCTURE AND ALGORITHM It also cover FULL STACK WEB DEVELOPMENT USING PYTHON ON DJANGO , ANDROID DEVELOPMENT MACHINE LEARNING and SOME API. So subscribe my channel and press bell icon to get updated.... Thanks ",2020-11-13T19:17:39.777016Z,,,1077,32,11,https://yt3.ggpht.com/ytc/AIdro_mGDIvaKU-uu9_4f1MWRdJ5ngIkmgwFZ2tXSza67o88xQ=s800-c-k-c0x00ffffff-no-rj,,"Lifestyle (parent topic)|Knowledge|Technology"
403,UCKkUM4IIFDXO68ucbRdzvmQ,"Code Everything","Hey there, I make videos on Problem solving, DSA and Interview Questions.",2022-04-17T01:04:19.019499Z,,,5992,126,24,https://yt3.ggpht.com/9Fc1dYsEdzLEXisojXvkNkJgRtcWfFFVdgM4ShbaDdca44tuXF02ts8fprB6M8PLDp3LkxTJAA=s800-c-k-c0x00ffffff-no-rj,,"Lifestyle (parent topic)|Knowledge|Technology"
404,UCiJALomAMoedy7lRw_XYpMA,CodeWithAtta,"Object oriented programming using C++ Python full programming Beginner to advanced level Programming fundamental Class and object String Structure Function Pointers Inputs and outputs Array Data structure Data science Data analytics Computer science Software engineering Cyber security Information technology Mathematics and statistics Every thing about cpp and python I am data scientist ",2024-10-19T11:36:00.850439Z,,PK,4896,22,20,https://yt3.ggpht.com/eY8IvYw8mNMI11jNRaX49uVtCyHN3-Nb5jZCvJPdx7h6hJKbueVlgo60enqI5zc3qcC3dnxBaA=s800-c-k-c0x00ffffff-no-rj,"c++|python|varibiable|constant|operators|arrays|structure|function|parameters|pointers|string|c++ fundamantal|c++ programming|cpp fundamental|object oriented programming|object oriented programming using c++|class in C++|class and object c++|python basic|python advanced|coding with atta|coding with sagar|coding with heary|programming in c++|introduction to programming|introduction to c++|input and output|looping structure|basic of object oriented programming","Technology|Knowledge|Lifestyle (parent topic)"
405,UCZng5Cr9gtXLlq2TjY51RMw,"The OfF Coding","My channel helps on improve your coding ability and gives the solutions of problems with the best way. Channel covers four programming languages i.e. , C, C++ , Java and Python. Subscribe My Channel for Updates. Now watch the videos. Thank you !",2020-07-04T03:38:58.722694Z,,IN,194,6,9,https://yt3.ggpht.com/ytc/AIdro_lNDi_1MiOdCuDUNIPXiUdD72BNSpLcK1FbgP5PDFNU6w=s800-c-k-c0x00ffffff-no-rj,,"Lifestyle (parent topic)|Knowledge|Technology"
406,UC-XSjP4P_Sth48Kvoovw8mQ,Code_Here,"Welcome to Code_Here – Your Go-To Hub for Programming Languages! Whether you're a beginner just getting started or an experienced developer looking to expand your skills, this channel offers clear, comprehensive tutorials and tips on the most popular programming languages. From Python, JavaScript, and C++ to niche languages and frameworks, we dive deep into coding concepts, best practices, and real-world applications to help you master the art of programming. ******Subscribe and start coding smarter, not harder! Join our community of passionate developers and level up your programming skills one line of code at a time**** ",2024-11-19T14:55:00.212125Z,,,158,2,16,https://yt3.ggpht.com/GQQEFRz074JXnvUz8M_85bXQYimegztHkCssA5EbYMd1H3mXWxgViwSDTCTShYAqtuXm9PeW0A=s800-c-k-c0x00ffffff-no-rj,,"Lifestyle (parent topic)|Knowledge|Technology"
407,UCgEwBPcytJRl2r6qkVf3uUg,"Michael teaches CS","Hi Everyone, I'm Michael, and I'll be teaching you Computer Science and programming from the ground up! I'm a seasoned Software Engineer and Engineering Manager - you can see my professional profile here: https://www.linkedin.com/in/mavrukin/ and some of my writing can be found on @Medium here: https://medium.com/@avrukin Topics covered: - Learning C and using the old standard - ""The C Programming Language"" by Kernighan and Ritchie - get your copy here: https://amzn.to/3V1BoIC - Learning C++ using the Programming Principles and Practice, 3rd edition text by Bjarne Stroustroup - get your copy here: https://amzn.to/3V0JPnt ",2020-05-08T16:41:34.731422Z,,US,4840,143,33,https://yt3.ggpht.com/ayd0BevwBXvTE3VexPYaV6MzdOv4U_8ncbYrEGa76v5V6ROpQjpTKUgXxDwncbqkvCQoRY3xxg=s800-c-k-c0x00ffffff-no-rj,,"Lifestyle (parent topic)|Knowledge|Technology"
408,UCFO1otwIunJs0bV7dYGpflA,"CP Addict","Problem solving is the number one skill required for most software jobs and competitive programming is one of the best way to develop these skills. But, how do competitive programmers solve the problems faster, efficiently and with multiple approaches? I share those concepts, algorithms and approaches. Hi, We are a bunch of CP addicts and this project is our attempt to teach algorithms, data structures and their application to solve problems. We try to keep everything as simple as we expected when we started competitive programming. All that you require is little knowledge about some programming language, a computer, the Internet and a lot of patience. Join us in this journey and hit that subscribe button if you haven't already. Our new website for CBSE NEET and JEE preparation: https://elementalexperts.in",2020-01-25T20:40:51.971364Z,,IN,67469,1070,118,https://yt3.ggpht.com/ytc/AIdro_kflnID7GScDryWpeTDK1tjf_7bj-17YakmuvWlUQSbww=s800-c-k-c0x00ffffff-no-rj,"algorithms|codeforces|codechef|Recursion|programming|codechef|ubuntu|coding|stack|queue|linkedlist|array|C++|recursion|backtracking|leetcode|leet|Java|sorting|trees|graphs|trees|graphs|errichto|data structures|Competitive Programming|beginner programming|acm icpc|job interview|coding interviews|algorithm design|algorithm analysis|C programming|Java Programming|coding ninjas|coding blocks|dynamic programming|cp addict|code ncode|coding blocks|coding ninjas","Lifestyle (parent topic)|Knowledge|Technology"
409,UCg5OLG5eZCnVR5XaYiGQ1vA,"Tech Tips","#youtube #youtubegrowth #youtubecontent #algrow #trending #youtubevideos #newvideo #topten #trendingchannels #youtubers #subscribers #youtubeads #youtubeshorts #youtubebackgroundmusic #youtubefamily",2022-12-19T06:30:27.521225Z,,,3810,58,17,https://yt3.ggpht.com/Fr0nUboxaI4m2q6OQx-foA9jKD6gWgIYZUwlesHTyD4XkIa34soslSv9ply5y-lyhOmqjGbI=s800-c-k-c0x00ffffff-no-rj,,"Lifestyle (parent topic)|Knowledge|Technology"
410,UC7NPXrMbRiUyb1jc0oxkkEQ,"C++ programming","Hi I'm Khashayar 🙂🤚 junior C/C++ programmer 🧑‍💻 Let's study programming 👩‍💻 ",2022-02-02T14:47:13.047941Z,,,11,0,1,https://yt3.ggpht.com/nKFGQg324SGJdshy-mWfQWU4FNLyLCfaHbh3LcMUjQOMaDJOeizDHMSQKKR4vTgMb9UkpgnD=s800-c-k-c0x00ffffff-no-rj,,
411,UCg6XTy0ihes2NBrtNrBcp7w,"coders crash",,2019-11-25T04:40:46.759879Z,,IN,1647,123,16,https://yt3.ggpht.com/ytc/AIdro_m-0D14FPeEtqqYCjWOAb6FmchOvnZTWRKg8WSGcgU-Lg=s800-c-k-c0x00ffffff-no-rj,"coding|courses|gate CSE|computer engineering","Lifestyle (parent topic)|Knowledge|Technology"
412,UCeT_1lTMjmPy4YcdGybfx7Q,"Online Programming School",,2017-10-13T07:36:58Z,,PK,36461,358,33,https://yt3.ggpht.com/ytc/AIdro_kfTp2IzevQFWKBeLPmyZICWEU48upmGKOnVvGRlRb9LQ=s800-c-k-c0x00ffffff-no-rj,IT|Studio,"Technology|Knowledge|Lifestyle (parent topic)"
413,UCmaX5vI_V4eOJFuGd6F3lnw,"Facile Tutorials",,2022-04-01T04:43:18.712576Z,,,74731,166,16,https://yt3.ggpht.com/vtPLaIv9MiEgkBWhm5PB1NNzWqnIWkTFCr-kjblW1Oske9yi-Sy-l_skErgGwd_HNdqrbse10Ag=s800-c-k-c0x00ffffff-no-rj,,"Knowledge|Technology|Lifestyle (parent topic)"
414,UC4LrES4fofLt_x4crOAYulw,"Study with Pasha","Study with Pasha is a tutorial channel which encourages self-learners to start learning from the very basic and to end up with expert knowledge of any of the subjects being offered.",2017-07-18T20:35:48Z,,PK,417,31,15,https://yt3.ggpht.com/ytc/AIdro_kBD0dga8evkxBccuISY1Wbz2aUMEIT2LduSv9-OxKq5W8=s800-c-k-c0x00ffffff-no-rj,"mathematics|programming|python|data|program|coding|online|session|c++|java|study|pasha|course|free|learn|c#|.net|javascript|c language|data science","Lifestyle (parent topic)|Knowledge|Technology"
415,UCZq0Dh06402naMQQxG3m4UA,"SUMAN Kumar","C Programming , Data Structure , Algorithms , Desgin And Analysis Of Algorithm , Python , Artificial Intelligence , Machine Learning",2021-03-01T14:55:42.288774Z,,,642,25,21,https://yt3.ggpht.com/ytc/AIdro_lyLSKD3FHPIsAl0qoa-X94sHuRX-QC70x_7HtLGEwdww=s800-c-k-c0x00ffffff-no-rj,,"Technology|Knowledge|Lifestyle (parent topic)"
416,UC0Quf-jfio6VKyifPJnlxoA,"C & C++ Coding","All C & C++ & Java coding is available",2019-02-23T17:45:10Z,,IN,22,3,3,https://yt3.ggpht.com/7tiojf66OFXjLG3y9WfwmZxtT1hx7mGqGbv-T6bJLasJPub2tGY8DMwG-XB4oCWP89S8_Mee=s800-c-k-c0x00ffffff-no-rj,"c|c++|java|php|html|css|javascript|c coding|c++ coding|c&c++ coding|c and c++|c programming|c++ programming|c&c++ programming|C and C++ programming","Lifestyle (parent topic)|Technology|Knowledge"
417,UCiCyef0lrlB-rG-3V2SgkXg,"Programming with Andy","Applications I created",2020-05-20T11:04:08.812407Z,,PL,3985,12,11,https://yt3.ggpht.com/ZTLxm0nNkBpA_opdPXDt5KHY9lRV0djDKkrhoKb_3Zlqu9W_mMjVCDdzRp61ISyTEMXNVV4HyQ=s800-c-k-c0x00ffffff-no-rj,,"Technology|Knowledge|Lifestyle (parent topic)"
418,UCodrufyXttj_XMRvPEvWkyg,PuzZzles,,2021-02-02T09:29:55.160273Z,,,13576,154,22,https://yt3.ggpht.com/ytc/AIdro_mKEnp86q5NjX0XrfGeUAao_cdMRIvrpJtmHyP2Qg6r5g=s800-c-k-c0x00ffffff-no-rj,,"Lifestyle (parent topic)|Knowledge|Technology"
419,UCLbs4JuROLOgGpEfIcKnT_Q,"Manya Classes of computer programming","Learn high level programming languages with us to build your coding skill in c ,CPP, Java, python, c# , SQL and front end development using html, css , javascript, bootstrap etc.",2013-01-09T10:58:45Z,,,236,22,11,https://yt3.ggpht.com/Sz65IemmsbVxXov_nOUuaPfrWYrADwUOE1n2GQFrKN4AKRv7IesG5rJxDgjDmoABWl7C7hKqfeI=s800-c-k-c0x00ffffff-no-rj,,"Technology|Knowledge|Lifestyle (parent topic)"
420,UCMiQ-pwTL4iu3HKwOqlhCxg,Javalayam,"Javalayam is the platform where you can learn programming languages like C, C++, Java, Python etc. in Hindi and English both the languages in very easy and simple way.",2023-05-09T10:01:38.005034Z,,IN,1253,59,12,https://yt3.ggpht.com/w1vHF8FyG_IrmgkAT1xK-u6JPUxGpYlpF8UhzSqvmMCGrOyFHsmXQlaemwzDp7KhB_fo2UF2=s800-c-k-c0x00ffffff-no-rj,,"Lifestyle (parent topic)|Knowledge|Technology"
421,UCKK7xAPDbwbtdZ8xlprEHxQ,"Coding With CSE","This channel is specially for coding .So Subscribed Our Channel",2023-07-09T15:32:36.344221Z,hi,IN,126,7,10,https://yt3.ggpht.com/cC9s-pVwLFFVE29IDJ2-pv9PwjljtKPbnq09rvyPezzunb6mWsVDVI_2jEDX4UHHwEed6J06vUg=s800-c-k-c0x00ffffff-no-rj,"coding|cse|yt|coding with cse|Coding With CSE|c language coding|c++ language coding|python language coding|java language coding|javascript language coding|sql lanuage coding|php coding|html learn|coding for brginner|coding channel|best coding channel|b tech cse|b tech coding|b tech coding with cse|coding in hindi language|c and c++ coding in hindi language|python coding in hindi language|turbo c++ coding in hindi|expert in coding|science and technology","Technology|Knowledge|Lifestyle (parent topic)"
422,UC_4jD7PWL7m9CSOMW9I06rg,"Patch Journals","just a software security enthusiast... interested in system software security, compilers and low level development.",2023-10-01T12:57:13.426594Z,,KR,366,12,9,https://yt3.ggpht.com/JiFkZVXq1ex1gsLH0dQ0IaJ-z2gxOJMiQJEA69rrTvbFsiksyCEoVlo3mOn-3C8FD-54xKnRNA=s800-c-k-c0x00ffffff-no-rj,,"Technology|Knowledge|Lifestyle (parent topic)"
423,UCIqjBRX1UIM9v5Nh2S_Gy-Q,"C & C++ Programming Tutorials",,2015-08-28T09:45:06Z,,AU,8,3,1,https://yt3.ggpht.com/ytc/AIdro_lzRbYt9RqsZIhjdj2jxNxmGLMGpoNeN-1GCnGZP78=s800-c-k-c0x00ffffff-no-rj,"Programming|Java|C programming|C++ Programming|Java Programming|Advanced Programming",
424,UCbpAiGu0GyK32h7SFpR3RNQ,PROGRAMMING,"We can learn about Programming from this platform together. My Teaching Subjects: 1. Structured Programming Language - C 2. Object Oriented Programming - Java, C++ 3. Data Structure - C, Java, C++ 4. ALGORITHM - C, Java, C++ 5. DBMS - SQL, PHP, HTML, CSS, JavaScript 5. Web Programming - SQL, PHP, HTML, CSS, JavaScript 6. Software Engineering - SQL, PHP, HTML, CSS, JavaScript, Python ",2021-07-10T20:55:22.67719Z,,BD,727,30,11,https://yt3.ggpht.com/3EW_-N4SgUq49-gSnCBShvhQaXg9PkadeYb3Eht1prtY1bR6S7fPYsJY1AXXiw-WeIZ0BaQppQ=s800-c-k-c0x00ffffff-no-rj,,"Technology|Knowledge|Lifestyle (parent topic)"
425,UC61Lag7wflxFLZp9EfznTAQ,"sk coding master","🚀 Welcome to Sk Coding Master – Your C++ Learning Hub! Sk Coding Master is the perfect place for beginners and students who want to master C++ programming in a simple, clear, and easy-to-understand way. Here, you will learn C++ from basic concepts to advanced topics, with practical examples and step-by-step explanations. 🔥 What You Will Learn on This Channel: 1.C++ Basics for Beginners 2.Variables, Data Types, Operators Conditions, Loops, Functions Arrays, Pointers, Structures Object-Oriented Programming (OOP) Error Fixing & Debugging Logic Building and Problem Solving Mini Projects & Practice Programs content 🌟 Join the Coding Journey! Subscribe now and start mastering C++ with confidence. Sk Coding Master – Learn Smart, Code Better YouTube channel: https://www.youtube.com/@skcodingmaster",2025-11-03T17:10:43.325214Z,,,11038,29,19,https://yt3.ggpht.com/TPhId1xsFHwd95-TEZdoYVpRpWKbwyp3VpHbDJ0m1lxDdb_oSYG4v9XcGoESAtB3pkBQE2JSIQ=s800-c-k-c0x00ffffff-no-rj,,"Lifestyle (parent topic)|Knowledge|Technology"
426,UC0lfWAM5wH-frPYNM5C1ogg,"PRESS F1","Programming Like BodyBuilding needs to practice always. ",2023-02-08T00:17:08.817801Z,,,575,11,69,https://yt3.ggpht.com/XrjkqCliOPLavo8toXmqpihTmdGcOUiuo-G87rYxxRF-U-6qzGKHaGTinWxMosYmYXA3PoXsJw=s800-c-k-c0x00ffffff-no-rj,"cpp|c++|problem solving|algorithm problem solving|programming for beginners|computer programming|learn coding|programming from scratch|coding for beginners|programming problem solving|programming problem solving techniques|problem solving for beginners|problem solving techniques|Programming exercises|learning by doing|improve your coding skills|computer programming problems|programming challenges|Coding Practice Challenges|enhance my coding skills|c++ labs","Lifestyle (parent topic)|Knowledge|Technology"
427,UCmEm_bqm7l60yQlZ_jQcwWw,CodePaglu,"👩‍💻 Code with Pushpa 💡 Learn coding the easy way 📚 Tutorials on programming & DSA 🚀 Tips for interviews and projects ✅ Practice problems and solutions 🌟 Join the coding journey! ♾️Full-stack developer (Express.js, Node.js, React.js, JavaScript) ✅Data Structure and Algorithms (C,C++,Java) --CodePaglu--  🔵 LIKE      🟢 SHARE   🔔 ALL 🟠 COMMENT 🔴 SUBSCRIBE 💞😊❤️thanks for watching💞😊❤️ ",2025-09-16T17:33:00.229352Z,,IN,816,9,12,https://yt3.ggpht.com/k5zjC0GGb2bLwNNsBNqryis9x8sqGyAgrUrNZ5Sjk774viyJo9hF_Rt7dZH6q-GLM-mvSeCg=s800-c-k-c0x00ffffff-no-rj,"Code|CodePaglu|Paglu|Coding|Algorithm|Solve|Solution|Game|Gamming|Entertainment|Meme|Short|Ytshort|Youtube|Reels|Reel|Algorithm|Dsa|Data|Structure|Algorithm|C|C++|Java|Python|Mern|Stack|Youtube shorts|How to|Data structure algorithm|Web development","Technology|Knowledge|Lifestyle (parent topic)"
428,UCNxtMSHtM0USAjvJH3ocHVw,"#Coding house","Asslam o alikum! In this video I teach you about Here you will find a variety of videos related to programming and IT. The tutorials here range from an android tutorial for beginners to c ++ theory and coding tutorials. From here you will learn c++ basic concepts and coding techniques. In this channel you will get c++ tutorials for beginners in urdu hindi. ",2021-09-14T12:30:57.060418Z,en,PK,701,16,9,https://yt3.ggpht.com/MDgzBJDfu0sG_zMNE_917JzVSCnN9P8GOOnMZPXoVDygIPr628CY6JrEPQupjPnyc7fWrxIBVA=s800-c-k-c0x00ffffff-no-rj,"C++ programing course|programing in urdu hindi|basic programing course|programing tutorials in urdu hindi|c++ tutorials|Tutorials related to coding","Lifestyle (parent topic)|Knowledge|Technology"
429,UCXUF5EISZvH6vwmcHrLlqfQ,LearnWithUs,"Here you will find a variety of videos showcasing the coolest Technology lesson on the planet. From C language to C# Desktop Application and Python Language Tutorials. It's all here on Learn With Us.",2016-07-12T10:01:34Z,,,353,5,18,https://yt3.ggpht.com/HeARxVrB7qQJwYqfxjqwTOxsFBkkyccJM62lpcX3HVOGrc0LxrphBOxtMJTbeEHngYft0YU=s800-c-k-c0x00ffffff-no-rj,,"Technology|Knowledge|Lifestyle (parent topic)"
430,UCAFBwaHCEMbO4SBmE8AOx7Q,codinGod,,2022-03-02T12:48:06.037242Z,,,554,13,10,https://yt3.ggpht.com/KHTjWoTCEv4PtcgqfAQzSW1ZiMLLLVB6GQJXbYMBrGAnSPxoT5SpOCQxYoLPowSJrRmYCROC=s800-c-k-c0x00ffffff-no-rj,,"Lifestyle (parent topic)|Knowledge|Technology"
431,UC-iiZ76-my1MGXI14CQXjvg,"Daily leetcode & maths problems",,2023-05-22T03:36:17.513553Z,,IN,415,10,22,https://yt3.ggpht.com/ArMyj9qGJ89wb3zi5bKhj5jE4Q4MnKTd1SkGdvwUhBBGkyBIGNuHBGL_0Hq25vqlbZgys1tzDA=s800-c-k-c0x00ffffff-no-rj,,"Technology|Knowledge|Lifestyle (parent topic)"
432,UCqLuSmz6_8aIHqOarTv4abA,"Sort coder ",,2022-06-21T15:46:51.856786Z,,,1315,26,10,https://yt3.ggpht.com/ytc/AIdro_naVtQgGqLR2mEJBYsUptJWeahbG_5vnBCPaDOqBcwUdRBL6bJjSCLq-kGRbS6uIBwmZQ=s800-c-k-c0x00ffffff-no-rj,"Sortcoder|Coder|Programer|Coding|Sort coder|Sort coder|Short coder|Sort coder|Coder short","Lifestyle (parent topic)|Knowledge|Technology"
433,UCFTTY-N0Ya3JmLKQuIwv_0A,"Learn Progamming","We will help you to learn programming languages like c programming, java programming, mobile coding, programming concepts, python programming, micro controller coding, c++ language for beginners, learn java programming from scratch, learn database programming",2016-09-13T07:31:54Z,,,3379,35,80,https://yt3.ggpht.com/ytc/AIdro_me2nH6FzIvM9gbSBjY-8H8lOaJfc_l29uc6EckRd-40Q=s800-c-k-c0x00ffffff-no-rj,"learn programming|learn computer programming online|how to code|coding for beginners|learn programming languages|programming for beginners|programming from scratch|micro controller programming|mobile programming|database programming","Lifestyle (parent topic)|Knowledge|Technology"
434,UCFXqQw38Zewb-F99yRP9ToQ,"Andrew Reece",,2011-09-07T20:28:16Z,,,3470,109,19,https://yt3.ggpht.com/ytc/AIdro_kVSO67sApqcSQAL9tAuL9jLjqxz19-Fpp6Z4r3V-p8gSI=s800-c-k-c0x00ffffff-no-rj,,"Lifestyle (parent topic)|Technology|Knowledge"
435,UCDDq8DaUKcGjPTWXoqDrUOQ,"Programming Challenge Solutions by Jesus Hilario H","Welcome to Programming Challenge Solutions by Jesus Hilario H.! Here, we dive deep into the world of coding by tackling various programming challenges, primarily focusing on C++ but also exploring other languages like Python, Java, and more. Whether you're a beginner looking to understand the basics or an experienced coder aiming to sharpen your skills, this channel is designed for you. Join our community, where every challenge is an opportunity to learn, grow, and code better. Don't forget to like, comment, and subscribe for more content, and let's master programming together! ",2024-10-06T15:42:46.124346Z,,US,307,2,28,https://yt3.ggpht.com/DXZ0ahYczDGFxbAo-AJ2ZKN8PtARxo6fhI6Gm3CecDWgL5PHJyhe1Joe1M7KSx56-j_8EgVmkg=s800-c-k-c0x00ffffff-no-rj,"Python|Java|C++ Programming|Programming Challenges|Algorithm Solutions|Data Structures|Live Coding|Coding Tutorials|Tony Gaddis|C++ Chapter 10|Financial Management|Coding Education|Problem Solving|Programming Tips|Coding for Beginners|Advanced Coding|Software Development|Tech Education|C++ Programming Challenges|Python Programming Challenges|Java Programming Challenges","Lifestyle (parent topic)|Knowledge|Technology"
436,UCvnir8c8q4lln-jTCnbdRHw,cyborgmagus,"The http://cyborgmaguscsharpedge.com/ website links to all these C# lessons as an organized gateway. I have over forty years experience as a computer programmer much of it in C, C++ and C#.",2008-06-02T20:57:45Z,,,424590,1310,307,https://yt3.ggpht.com/ytc/AIdro_kSvTY49GRyg3X2ii4iSNZ3J5Dx_Nc6znJmz-bdu6g=s800-c-k-c0x00ffffff-no-rj,"ADO.NET|SQL|GUI|Visual C#|Windows Controls|SQL server","Knowledge|Technology|Lifestyle (parent topic)"
437,UCAcfPGI0cLA1UW2_MRdkhMg,"BugPeCharcha </>","""Welcome to BugPecharcha — where code meets clarity! Learn to Code. Debug like a pro. Charcha with logic. Whether you're a beginner or a bug hunter, you’ll find coding tips, real-world problem breakdowns, and practical knowledge to level up your skills. 🐞 Let’s talk code. Let’s talk bugs. Let’s grow together!""",2020-09-24T10:07:39.977366Z,,IN,142154,154,108,https://yt3.ggpht.com/vSePno875LQfdhv7sWxBOQFtHAjZZTFnFKb28ONLTUvrlH-Bph2TgWkX0rfe_v-ZDupcJPDSQA=s800-c-k-c0x00ffffff-no-rj,"@sunnygautam0001|Knowledge|Sunny gautam|Book summary|Motivational speech","Technology|Knowledge|Lifestyle (parent topic)"
438,UC3Y65lapO_rkqz74AVvxYJw,"Steel Foundations",,2024-01-01T04:00:46.478375Z,,,1338,27,18,https://yt3.ggpht.com/uUJsWus5ZGpreDCz4gYOzkbTwEQEyWAjDr0qqkN6hFRSYC_QctdDt1cW3N01qujpr79rfDR5=s800-c-k-c0x00ffffff-no-rj,,"Technology|Knowledge|Lifestyle (parent topic)"
439,UCFAkswAot29NkNSbJ-bQOYA,"Programming in your hands","Dear viewers, This channel helps you to learn Programming in an easier way. Do subscribe and travel along. ",2020-09-22T15:11:35.909923Z,,IN,3672,136,30,https://yt3.ggpht.com/ytc/AIdro_nok-dAAXvL8NAvkWwUWVJCOQrAGWRJqHXnuieY59qRvw=s800-c-k-c0x00ffffff-no-rj,,"Technology|Knowledge|Lifestyle (parent topic)"
440,UClS5KLrTMCpACyh0cTPGZmw,"Vijay Kumar K","C language",2015-07-12T06:29:48Z,,IN,69045,107,66,https://yt3.ggpht.com/ytc/AIdro_k85EJK_lhwA6Kl21gVh0DKNA_EtGVk0rX7aq-RcNYfbUY=s800-c-k-c0x00ffffff-no-rj,"C Language","Technology|Knowledge|Lifestyle (parent topic)"
441,UCzbc2InE4zRR-Jc6eXzgSHQ,"BGENIUS ",,2025-03-02T05:55:16.248077Z,,,3045,30,15,https://yt3.ggpht.com/ZioTkU3nlbD4T8jZXBlDQfHtLCdYPeR2D86rXv1Ze3PGh654dFhzdPqw8X6tF-rIAEQh6FnFig=s800-c-k-c0x00ffffff-no-rj,,"Lifestyle (parent topic)|Knowledge|Technology"
442,UCuxoZEDAaNXhc6UilO3VSJw,"C , C++ & python programming ","بِسْمِ اللّٰہِ الرَّحْمٰنِ الرَّحِیْمِ الْحَمْدُ لِلّٰہِ رَبِّ الْعٰلَمِیْنَۙ(۱)الرَّحْمٰنِ الرَّحِیْمِۙ(۲)مٰلِكِ یَوْمِ الدِّیْنِؕ(۳)اِیَّاكَ نَعْبُدُ وَ اِیَّاكَ نَسْتَعِیْنُۙ(۴)اِهْدِنَا الصِّرَاطَ الْمُسْتَقِیْمَۙ(۵)صِرَاطَ الَّذِیْنَ اَنْعَمْتَ عَلَیْهِمْ غَیْرِ الْمَغْضُوْبِ عَلَیْهِمْ وَ لَا الضَّآلِّیْنَ(۶) (آمین) ",2024-01-30T13:21:06.994251Z,,PK,0,51,0,https://yt3.ggpht.com/Qz5XkvD0_VTWn2SLu9892NhhYIk9CZ2wK3yJAQg-cvo5k_xt0raOdSm1kCHDMPCQox_30tMLFw=s800-c-k-c0x00ffffff-no-rj,,
443,UCQYAwwsl-tl6VLY82NEmFZg,"code link"," Welcome to our YouTube channel code link dedicated to C, C++, and Java programming languages! If you're a student looking to learn these languages in a simple and easy way, you're in the right place. We understand that programming can be challenging, especially when you're starting out. That's why we've created this channel with you in mind. Our videos are designed to break down complex concepts into simple and easy-to-understand explanations. Join us as we explore these languages through practical examples, coding exercises, and mini-projects. ",2020-01-18T16:01:35.889173Z,,IN,40325,177,77,https://yt3.ggpht.com/CzZ2sek5AjH28acRtqiNcufJ97ywgBxzDuePRzraL6I_HLoe4VILWZb5YD83hYHrXdOmoiXCPQ=s800-c-k-c0x00ffffff-no-rj,"Codelink|Clink|Code_link|C_link|Codellink|Cl|Codeinglink|Codinglink|Code link|Codelink hindi|Code l|Codelink India|C link|Coding link|Codeing link","Lifestyle (parent topic)|Knowledge|Technology"
444,UCNy_sFH7g19rvI1SAxf3VqQ,"Pyhton / PHP / C / C++ / JS - Kein Hexenwerk",,2014-02-28T17:46:18Z,,,5007,12,9,https://yt3.ggpht.com/ytc/AIdro_nPd3SQkp6uM7isZL32yBYWhklzeV3CgJ5GjQXZdA8=s800-c-k-c0x00ffffff-no-rj,Python|PyQt4|Arduino|PHP|C++|C#,"Lifestyle (parent topic)|Technology|Knowledge"
445,UC9_tZOKefiudgidqrMaa45A,SimpliLearning,"Tutorial on Computer Programming, compile C C++ program, Operating Systems, Software Evaluation. Basic concept for Beginners. Computer Concept for students. Tutorial from Basic to Expert study topis on various age group ",2020-04-07T06:04:50.045208Z,,IN,1182,26,26,https://yt3.ggpht.com/sMmWP3BLUSIf9jOseJt7G-6pXazabNrpxYXQAAf17_U3d64jgdq5QLB3cOyM7OCk3QDFMbIO=s800-c-k-c0x00ffffff-no-rj,"STRLEN|struct|structure|simplilearning|union|Arithmetic|Memory|operator|EVEN|ODD|SWAP|INTERCHANGE|COMPILER|RECURSION|POINTER|LOOP|WHILE|ARRAY|FACTORIAL|Matrix program|upper triangular program|C language|C compile|matrices in C|transpose matrix|LENGTH OF STRING|C LIBRARY function|copy string|for loop|array of structure|lower triangular|string compare|map of memory|RUN PROGRAM|PROGRAMMING LANGUAGE|IF ELSE","Lifestyle (parent topic)|Knowledge|Technology"
446,UCaJXX5wBBkvmMllC1krOSDg,CodeStorm100,"Welcome to CodeStorm100 – Daily DSA in C++ I’m on a mission to master Data Structures & Algorithms (DSA) using C++, and you’re invited to join the journey! Every weekday (Monday to Friday), I solve 5–7 handpicked DSA problems, covering key topics like arrays, recursion, trees, sorting, dynamic programming, and much more — all explained clearly and coded efficiently. Whether you’re prepping for coding interviews, improving your logic, or learning DSA from scratch, CodeStorm100 is your daily dose of structured coding practice. 🧠 C++ solutions with clear logic and explanation 📅 New videos every weekday (Weekends = Recharge time) 💻 Focused on real-world coding interview prep 🎯 Goal: 100 Days. 500+ Problems. Real Mastery. Subscribe now and storm through DSA with me — one day at a time! ",2025-05-02T11:05:28.835149Z,,IN,272,4,26,https://yt3.ggpht.com/ytc/AIdro_nspOsTSamNj0y-PPtCxi_dLjrzu6MKDPux2Xcl3-cqoi3a3KTrnVdMRxc3I3eEbQVJnQ=s800-c-k-c0x00ffffff-no-rj,"code|dsa|leetcode|codechef|code 100","Lifestyle (parent topic)|Knowledge|Technology"
447,UCDiOsbFs2stPiZpSW5Q-EMQ,"Hasibul Hasan","I will share the knowledge of programming with all over the world by this channel. I will share programming tutorial in c, c++ and java programming and many project of computer science.Please stay with me. Thanks",2014-10-20T18:30:26Z,,BD,15400,120,44,https://yt3.ggpht.com/ytc/AIdro_kz8ILnBXIpXna_vGE9A2QU3_SFfPqiYUAm9i630-Mpytc=s800-c-k-c0x00ffffff-no-rj,"c programming|bangla c programming","Technology|Knowledge|Lifestyle (parent topic)"
448,UCsg6xp1_GGtwqTQNdJmEZJg,"Ahmed Elrefa3y","Computer science courses in simple, logic way. You can find me here:- LinkedIn:- https://www.linkedin.com/in/ahmed-el-refaiy-3522a191 Gmail:- reftechnologyhere@gmail.com ",2019-11-06T13:19:38.279927Z,,,980099,10800,219,https://yt3.ggpht.com/ytc/AIdro_k63PZmITS9ihvqrN5Z-wV2QWUnp2wWCGlvEFDViLOgzRo=s800-c-k-c0x00ffffff-no-rj,,"Technology|Knowledge|Lifestyle (parent topic)"
449,UC_MqDzVSUz0v9wZSTSLWe_A,"Learn Programming","The Programming solution channel will teach programming and coding to their visitors. The programming solution will gives video lectures on programming language like C C++ and Java language. This may helpful for all students and coding and programming learners. This channel also provides the practical knowledge about programming. This channel Will Helps the people to learn programming. In now days the programming is important for all the peoples so we are trying to give good programming and coding knowledge to all the peoples. ",2018-04-04T16:52:30Z,,IN,1688,34,41,https://yt3.ggpht.com/VvKyesHNaoW4vmT1hYhGltOb0rpcHWqeuoqgpp1__gc_GlZB4px0kGYxszRaxfXTbb-SkiUeKAw=s800-c-k-c0x00ffffff-no-rj,"technology|Programming solutions|java language|hackerRank solution|programming language|core java language|c language programs|c language programs in hindi","Lifestyle (parent topic)|Knowledge|Technology"
450,UC-UpPFIAiUwtczYKGd76SKg,"Brian MalloyOn","This Channel contains videos about the proper use of the C++ programming language and about applying C++ and design patterns to 2D video game construction. The graphic art at the top is titled two friends and illustrates my son and our dog Hank taking a walk in the park.",2012-12-24T02:25:11Z,,US,75995,555,37,https://yt3.ggpht.com/ytc/AIdro_kz_LQD8xHhznv7csnFktDsXds5G6LSKdRsjm2QMS-p9Xg=s800-c-k-c0x00ffffff-no-rj,,"Technology|Knowledge|Lifestyle (parent topic)"
451,UCjLbO7G3eTOP8unx8wZxQaQ,"Arjun Singh","here i upload video for c , c++, c#, python. #c #c++ #python #c# ",2018-04-12T05:53:27Z,,,3082,116,27,https://yt3.ggpht.com/ytc/AIdro_mwWTmE9OlPhCiatTDzREfrBCpuGZ1FjP_Guz4MgCw=s800-c-k-c0x00ffffff-no-rj,,"Lifestyle (parent topic)|Knowledge|Technology"
452,UCah6zcM4XRUpG9xhCQoBd0w,"LET'S DO PROGRAMMING",,2022-03-22T05:29:33.13712Z,,,9470,14,8,https://yt3.ggpht.com/4-TDCyF9HcaiCuz5ZwBKavfhfKCBOPlzc_P6Wgi1MjHvzoRiyljUoXpJUQTb7WbpcuXV38IjprM=s800-c-k-c0x00ffffff-no-rj,,"Technology|Knowledge|Lifestyle (parent topic)"
453,UC-oYhrXSaaJ0CTD_VjJBT8A,"Last Minute Coding","Your cooperation is our success ✌️🤗 This channel includes everything on computer programming , so please subscribe and support this channel . Please watch every necessary video till end.",2020-01-20T16:34:51.689033Z,,IN,2931,26,18,https://yt3.ggpht.com/24XmXO5BsnA8NPvXy5pO6OtljmGrCIdHEq7tDoY6peYQsL6WQSD3Ae1mrDYKFEbuOTK_KZ9pVA=s800-c-k-c0x00ffffff-no-rj,,"Technology|Knowledge|Lifestyle (parent topic)"
454,UCgRjj-ZswV2kO2l9doN1F0A,"Learning New Everyday",,2024-04-05T16:49:31.527729Z,,,790,10,17,https://yt3.ggpht.com/-om0xKlxa_6aoKQ5GbedfDxyO7CCoNZ5fRL3FjjAe28EQquCmTbotcT7Q8CyTAN6z8PTqHVC1A=s800-c-k-c0x00ffffff-no-rj,,"Lifestyle (parent topic)|Gaming (parent topic)|Knowledge|Technology"
455,UCvncxqyiiErXU9J6VfxShrA,"Programming Basic C/C++","Hi Dev.",2018-10-27T10:41:22Z,,,7,0,2,https://yt3.ggpht.com/Rve-_Ig-7njgdvjjwBeKx8cBzlTMtgJo5RkJhzWL9vRVRnhhkFKPwv01-gduY7urUODCPCH6=s800-c-k-c0x00ffffff-no-rj,,"Lifestyle (parent topic)|Knowledge|Technology"
456,UCfrg-BEIKC49S_X3Yrsg3OA,PortalCapacitar,"Portal Capacitar é um Portal de notícias, video-aulas, tutoriais, tecnologia, educação e utilidade pública que procura trazer informações úteis, interessantes e divertidas para seu público.",2012-03-25T20:09:30Z,,BR,472289,5040,39,https://yt3.ggpht.com/ytc/AIdro_mKgNW2zPz_6IFPqVoYqDHkdyHdeCFav50L7HAexBSl=s800-c-k-c0x00ffffff-no-rj,"tutoriais|tecnologia|foto|design|noticias|programação|entretenimento|internet|cursos|vídeos|portal capacitar|vídeo aula|edição de imagens","Technology|Knowledge|Lifestyle (parent topic)"
457,UCCwqtWi338wABMLAZ0jMP0Q,"Coding lovers ",,2024-01-07T07:45:34.485794Z,,,349,10,9,https://yt3.ggpht.com/D-cHcFpXpQJJLRRSnOrNBtXfFl3FF9KPX9y2NYZCbyji7hwh-KjYkPuH8oTBeQFnbWqToHv09A0=s800-c-k-c0x00ffffff-no-rj,,"Technology|Knowledge|Lifestyle (parent topic)"
458,UCPd3pC6zXWS5s9MY5YugOWw,"Crack The Code","Welcome to Crack The Code! 🚀 Are you passionate about coding, algorithms, and software development? Whether you're a beginner looking to learn the basics or an experienced programmer seeking to sharpen your skills, you’ve come to the right place! On this channel, you'll find: In-Depth Tutorials: Step-by-step guides on various programming languages, algorithms, and data structures to help you build a solid foundation. LeetCode Challenges: Detailed explanations and solutions for popular coding challenges, helping you prepare for technical interviews and improve your problem-solving skills. Tips & Tricks: Useful programming tips, best practices, and tools to enhance your coding efficiency and productivity. Don’t forget to subscribe and hit the notification bell to stay updated on our latest videos. Let’s code together! 💻✨ Feel free to customize any part of this description to better reflect your style, content focus, or personal touch! ",2024-09-16T06:09:41.525245Z,,IN,292,9,11,https://yt3.ggpht.com/LTsoH80UaY7nhcK9b1tzf9J6APFaW2E9DiJVcpydBQQmDUCf_x5IoZBHDTEh6hEb4rYYOx2m=s800-c-k-c0x00ffffff-no-rj,,"Technology|Knowledge|Lifestyle (parent topic)"
459,UC-2PMxGYxLqGP_wvJDJpAYg,Room_coder,"Welcome to this channel coders !!!👨‍💻👩‍💻 Here you will learn about the world of C Programming and many more !. Subscribe and stay tuned to get all the latest video and post updates 👍",2025-09-07T15:27:30.299942Z,,,4060,12,8,https://yt3.ggpht.com/5R3Fs8Wh3KSVZy-7xTMn7l-4JTs9eb4zh3aML1OPKGDZhHT-jALspUKvQkR728JFKOLPRBtL=s800-c-k-c0x00ffffff-no-rj,,"Lifestyle (parent topic)|Knowledge|Technology"
460,UCv11dOE2bCfOOcdSxqSvgvQ,"Divya Goel","▶Introduction to 'C' Language ▶Benefit ▶TURBO C/C++ Compiler INTRODUCTION TO 'C' LANGUAGE 'C' programming is a general-purpose procedural powerfull programming language developed by Dennis M. Ritchie in 1972 at the Bell Laboratories to develop the UNIX operating system. C is the most widely used computer language. BENEFIT 'C' is an excellent programming language to develop programs for beginners.By using this we can develop different software(s) like: (a)DATABASE (b)OPERATING SYSTEM (c)COMPILER,etc. KEEP IN MIND: In 'C' coding all keywords(reserved words) must be written in lowercase(in small letters). void main() The void keyword specifies that the function does not return a value. main() All codes are written inside main ABOUT TURBO C/C++ Compiler A compiler converts codes written in C language to machine language, so that it can be executed. #learn c programming for free, #learn c programming step by step,#c language by divya goel,#c language for beginners,#c tutorial for beginners",2020-10-30T18:55:27.751326Z,,,11241,57,26,https://yt3.ggpht.com/ytc/AIdro_nEXg8SDaG8joO69YulXR_Z1IJLd2VGOjLMQ16R0mSPKw=s800-c-k-c0x00ffffff-no-rj,,"Technology|Knowledge|Lifestyle (parent topic)"
461,UCubJsEN8xHCJu9rilSDGZRA,"Học Lập Trình C/C++ Với Chuyên Gia","Kênh này chuyên: -Lập trình C/C++ -Lập trình Embedded C -Lập trình Game C++ -Lập trình Đồ hoạ C/C++ -Toán ứng dụng trong Lập trình -Thuật Toán -C/C++ Compiler ",2023-06-01T17:14:34.733204Z,,,0,24,0,https://yt3.ggpht.com/kKhbOsC4uIc1j1n7fV79ZTV4k72XwJ8tdRIOPgb_ZMdkPPl0jxYCAlnAfrvXtFy0eiEpV6aEJ_c=s800-c-k-c0x00ffffff-no-rj,,
462,UCZ5sL4E662VP1ZwC4h85ttQ,"Asher Mancinelli",,2014-12-12T02:30:48Z,,,19525,390,17,https://yt3.ggpht.com/u3YZu45Z5DjxBUEHXtXlTr24xPzVf-Qk-YaTN_Xt3B6-323rallFHxzx687fx-ElagHj8QoQ=s800-c-k-c0x00ffffff-no-rj,,"Technology|Knowledge|Lifestyle (parent topic)"
463,UC1_93tFHjEGkapmqeSlxMww,"Object-Oriented Programming",,2021-01-24T15:05:54.782139Z,,AU,292,9,22,https://yt3.ggpht.com/ytc/AIdro_mT7d4RKc81a638EY9yeTQn4oNbqd8tlfvf52v-z42yaA=s800-c-k-c0x00ffffff-no-rj,"c++|python|oop|Programming|Data Structures|Object Oriented","Technology|Knowledge|Lifestyle (parent topic)"
464,UCuLYP1jLaSED_fXVLB3N8WA,"OriGen Systems","Welcome to our YouTube channel dedicated to providing you with information and resources for internships in Following paid Courses . • Front End Development (Master Class) • Resume Development • Core HTML • Core CSS • Core JS • Core PHP • Learning with Python • Android application development • Hands on C/C++ • Hands on Java • Block Chain - AI ML • Hands on projects • Internships Are you a student or a recent graduate looking for an opportunity to gain practical experience in programming? Do you want to improve your skills and work on real-world projects? Then you're in the right place! Our team will share their insights and knowledge with you, covering topics such as best practices for coding, debugging, and collaborating in a team environment. We'll also provide you Guidance to • Competitions • Paper Publication • developing website Subscribe to our channel today and start your journey towards a successful career in programming! ",2023-05-08T09:30:03.392882Z,,IN,178,12,9,https://yt3.ggpht.com/zILiVv4X9GxfwvsMAJ93lwtR-SHegWPRlLoz1kLs6MxbxqxUXLPtkobeRkxMV9cxA25weNKC=s800-c-k-c0x00ffffff-no-rj,"Origen|advait|Advait|origen|internship|Internship|MIT-WPU|MIT|Origen idea|origen idea|origen system|Origen System|Advait Khairnar|advait khairnar|paid courses|Paid courses","Technology|Knowledge|Lifestyle (parent topic)"
465,UC5aT4StYbRxHFf8NFBKo2Aw,"Learn with missi","C++ programming ",2024-05-04T03:09:38.860677Z,,,210,4,8,https://yt3.ggpht.com/ytc/AIdro_lNx2w2xRVTEXkjaqi8jYPBHG9ZmuQtISt0VCGbwYeaLCPb8U2juNvbLKDYTyD2IccN2Q=s800-c-k-c0x00ffffff-no-rj,,"Technology|Knowledge|Lifestyle (parent topic)"
466,UCz-gdkIPiKZO6cY8PoBEhZw,TESSY,"Automated testing of embedded software TESSY automates the whole unit test cycle including regression testing for your embedded software in C/C++ on different target systems. As an easy-to-install and easy to operate testing tool TESSY guides you through the unit test workflow from the project setup through the test design and execution to the result analysis and reporting. TESSY takes additionally care of the complete test organization as well as the test management, including requirements, coverage measurement, and traceability. Razorcat Development GmbH has been creating testing tools for software development of embedded systems since 1997. The unit and integration testing tool TESSY is certified to IEC 61508 and ISO 26262, and is being used in a large number of software projects across all branches of industry for the verification of safety-critical and high-quality software. More information about Razorcat is available at www.razorcat.com.",2016-07-13T07:45:22Z,,,19174,303,19,https://yt3.ggpht.com/-491ys2gycp-l1FZPsAVYzPUj8m0fRpk3qjpqLl3FL7lsENIqfv2hmFvclwCWB_JJp1FzF2QFQ=s800-c-k-c0x00ffffff-no-rj,,"Lifestyle (parent topic)|Technology|Knowledge"
467,UCPtYJuM2XeLLPpkrSauLhfw,"Programmer C , C++",,2024-03-03T09:18:33.447068Z,,,41,0,3,https://yt3.ggpht.com/rl0-d9IG5Tt77fCUdR5BzBqki5PEZtdfTvGvzeYcw_hgHxjRaHks6XHtwT28QZF0ADMHmqcm=s800-c-k-c0x00ffffff-no-rj,,"Lifestyle (parent topic)|Knowledge|Technology"
468,UCkZEC0X9h6ihWvBKBvhTxaA,Ubaid,"Hello everybody, this is Ubaid Hussain here and i am a B.Tech student in Computer Science and in this channel I will provide you all the information related to the computer and its languages. I hope these videos will help you. Thank You Need your support to grow this channel Share and Subscribe our channel ",2020-02-28T17:58:23.900458Z,,,2024,40,10,https://yt3.ggpht.com/ytc/AIdro_mEBGsYf41NiEiUZZCPkj1oeh7I8lqeGSn3t6rH2a5qqCA=s800-c-k-c0x00ffffff-no-rj,,"Lifestyle (parent topic)|Knowledge|Technology"
469,UCudeIb3S0ZWrHkMAaBPYnPw,"programing__c ","All programing language concepts🖥 Computer science all concept 💻💻 ",2023-06-30T17:39:54.941786Z,,,6789,28,30,https://yt3.ggpht.com/nOSjSwgDL_HPpW1pLa8kV14-ZIkNFq-Qd7UbZ9D_G2LwSgItgBn_ubz9XqdtXl3myr6le4Ra=s800-c-k-c0x00ffffff-no-rj,,"Lifestyle (parent topic)|Knowledge|Technology"
470,UCZBNF4_k6MQ34M1N1U_IUVQ," bro tamil programming "," coputer programming corses: c c++ java HTL CSS Java Scriprit de Are you passionate about coding? Do you want to learn programming in your native Tamil language? Then you're in the right place! On this channel, you'll find step-by-step tutorials, coding challenges, tech discussions, and programming tips all in Tamil. Whether you're a complete beginner or looking to enhance your coding skills, we’ve got something for everyone – from web development to app development, machine learning, and more. What we offer: Beginner-friendly tutorials in Tamil Clear explanations of programming concepts In-depth discussions on popular programming languages like Python, Java, JavaScript, C++, and more Tips and tricks to improve your coding skills Career advice for budding programmers Subscribe and start your coding journey today – let’s code and grow together! ",2024-01-21T01:29:12.438818Z,,IN,269,4,17,https://yt3.ggpht.com/1RJ8_6D5HMCeC36USmysC4khQ7dNH_NJU_FY6w-HBFLfrpibV-_UwX4FmJWnQRxIAG3f1-aTXw=s800-c-k-c0x00ffffff-no-rj,"bro tamil programming|Bro Tamil programming|proramming bro tamil|pro tamil programming tamil","Lifestyle (parent topic)|Knowledge|Technology"
471,UCyF6KOqpzffPjTCq8XAZZVQ,"computer education","in this channel i will teach you the basics of Computer in easy and simple words ",2023-01-03T18:17:40.329132Z,,,2185,152,18,https://yt3.ggpht.com/Vz1UWSo6wefhByJnMXDGOwiw8QGqhtp8HgHjmUV5WUAJALTiS-RBYD6V848LiPuMcDf8M77Efg=s800-c-k-c0x00ffffff-no-rj,,"Lifestyle (parent topic)|Knowledge|Technology"
472,UCcOhmNXD0ppUU9a4VhaQlMw,SkillSolution,,2023-11-14T08:47:03.326436Z,,IN,633,26,30,https://yt3.ggpht.com/rR2lIOBmsbqDLHWa96bqYcAWPab-Q8Zq4kmOOt7o-HSIYKIDEsOOUUOoN0W-MFb4KfhDwsiQIA=s800-c-k-c0x00ffffff-no-rj,,"Lifestyle (parent topic)|Knowledge|Technology"
473,UCReEltdYW690Fg2Kkquo1zQ,Codes_Starter,"Hey Guys In this Codes_Starter channel has only one moto to help for beginners. By this platform I want to help that beginners which have not know about programming. To know about the basic/concept of codes for web development.",2023-03-25T08:51:47.176085Z,,,523,9,19,https://yt3.ggpht.com/aWJdM2ouE46DgCZz8NhvZdzyiKSaT3pE7CfWEZk9VlWifv03srLgoeelym1fEG2kvWdfWhewAA=s800-c-k-c0x00ffffff-no-rj,,"Technology|Knowledge|Lifestyle (parent topic)"
474,UCLWK9eVlzs9zlamqTDXA70w,"C/C++ Gujarati ",,2022-05-24T12:11:13.302093Z,,,45,23,3,https://yt3.ggpht.com/f5W_wuFmpgC8wTeIT3UGOMavsrvyzSmEMbhJ6ce5isg_PIzSmrFdkIUbedlUT9JAtvWqW2_Y-A=s800-c-k-c0x00ffffff-no-rj,,Knowledge
475,UCEWJ9Jdeul1Nac-xJw9nKDg,"DKCODE & Les langages évolués","Cette chaîne est dédiée à l'apprentissage des langages de programmation les plus utilisés. En dehors des langages batch de type JavaScript, Python et C# entre autres. Nous avons privilégié les langages C, C++ et JAVA car ils sont utilisés dans l'implémentation de la majorité des applications les plus connues: - Les langages de programmation de 4e et 5e génération - Les systèmes d'exploitation - Les moteurs de recherche - Les bases de données - etc. La méthode de transmission de connaissance utilisée est l'apprentissage par exemple. Chaque concept enseigné est illustré par un exemple écrit, compilé et exécuté durant la séance. Pour chaque leçon, le code source est inséré dans le premier commentaire de la vidéo. ",2025-04-29T12:11:50.205054Z,,,522,47,24,https://yt3.ggpht.com/4GOJozokAS1NKxCQ5cK0390PI62MYXWy_BV1z7ID92L2luHoFEZBFdbzoSZd-soNxPGy5JnnLe4=s800-c-k-c0x00ffffff-no-rj,,"Lifestyle (parent topic)|Knowledge|Technology"
476,UCmYhTrzzjDZd5WSJ9z6QJIA,"ADARSH ROY","AKTU Wallah - Adarsh provides Most Important questions for AKTU semester exam Let us c solution by yashvant kanetkar C programs Tech tricks ~AKTU Wallah - Adarsh LIKE👍|SUBSCRIBE 🔔|SHARE",2018-01-13T06:05:23Z,,IN,175774,701,144,https://yt3.ggpht.com/ytc/AIdro_n3S0gOX43YC4rPEH-lTpfMCV_Sz9GycL9YrNHXrc0M4clD=s800-c-k-c0x00ffffff-no-rj,"aktu|semester|uptu|upsee|aktu exam|aktu semester|aktu exam questions|aktu wallah|aktu wallah adarsh|adarsh aktu|aktu adarsh|adarsh from aktu|aktu adarsh|aktu se adarsh|adarsh aktu|aktu adarsh Exam|exam preparation aktu|iert adarsh|aktu iert|iert allahabad|iert allahabad adarsh","Technology|Knowledge|Lifestyle (parent topic)"
477,UCIe13nL-2KUYHon9Pr4KqSQ,"Computer Science Learning Portal",,2018-06-02T17:30:06Z,,,10945,184,30,https://yt3.ggpht.com/ytc/AIdro_lvlXbyt75uOMLAD67YqahxEHsKIkvmKF0GxomZMehg3A=s800-c-k-c0x00ffffff-no-rj,,"Technology|Knowledge|Lifestyle (parent topic)"
478,UCxDt5pcGMtapUhs09Dg3XVQ,"Satyam Bhalawi","Safe & Secure INDIA",2018-09-18T05:47:29Z,,IN,12778,78,129,https://yt3.ggpht.com/ytc/AIdro_n4kze0Dz9p0OikVZ81LuIrKHmwPGQYEyrKSumzlG2Zbow=s800-c-k-c0x00ffffff-no-rj,,"Technology|Knowledge|Lifestyle (parent topic)"
479,UChyTmGs8Q7GTj4a3tsQc2DA,"Dyzzet / C++","Меня зовут Дмитрий. Мы с котом Этьеном (Стёпой) ведём канал, посвящённый современному C++. Здесь мы не просто программируем, а решаем практические задачи, пишем алгоритмы и структуры данных. Контент для новичков и опытных разработчиков — от основ языка до сложных алгоритмов! Пишите комментарии, задавайте вопросы и предлагайте темы для будущих видео. Присоединяйтесь! #c++ #cpp #программирование ",2020-04-10T16:22:26.863168Z,ru,RU,24544,407,33,https://yt3.ggpht.com/-3wCZG6SiJJeHh-oIHshsI50TzsbBmZ8VniR_8OkJ-FEwDwS-1NYsRqN4Xl8IGMidq6waKydcA=s800-c-k-c0x00ffffff-no-rj,"программирование|c++|dyzzet|для начинающих|c++ туториал|изучение c++|c++ в примерах|основы c++|создание программы на c++|программирования c++|уроки c++ с нуля|c++ для начинающих|c++ для новичков|c++ с нуля|язык c++|решение задач на c++|практика на c++|примеры решения задач c++|c++ уроки решение задач","Lifestyle (parent topic)|Knowledge|Technology"
480,UCm16JoqquWLDri78bWTM-9w,ReckonTutorial,"☺Hello friends, Welcome to my YouTube channel ReckonTutorial. In this channel you will find videos related to education like web development, C language , Cpp language etc. Everything you will get related to programming so please subscribe the channel🙂",2021-05-25T05:53:09.982647Z,,,1254,17,11,https://yt3.ggpht.com/HCLxnIAeZrioS_gpm2WN1Ez3-qUXNolAJhwvd5OPBbBXoBZeT43ea0dqGJ3isu0S2MDHSuUnEQ=s800-c-k-c0x00ffffff-no-rj,,"Technology|Knowledge|Lifestyle (parent topic)"
481,UCFFz0g_PwIVmOOlvr1hSqZA,"College Coder",,2020-10-24T16:20:24.322193Z,,,21928,101,18,https://yt3.ggpht.com/NnfV5_PvBgvNpyULzRDmAc95M7JWP7IiMfkb2p7C95BSpUz3krGJU8KPA-jASKS3SeHj3_EiG_A=s800-c-k-c0x00ffffff-no-rj,,"Technology|Knowledge|Lifestyle (parent topic)"
482,UC7AZOObk_-GlLRcf4G7-rLA,"Be Coder","#fundamentalofc++ #OOP #datastrucutres #flutter #laravel #graphicdesign AOA, Hello there, Hope you a great of all the time. Self Muhammad Ismail and I am from swat I welcome you to my channel if you are new here please subscribe. Here you will learn all the concepts and practical knowledge of programming like fundamentals of programming Object-Oriented programming and Data structure as well as many other platforms like larval and flutter last not but not a least graphic designing and more if we go ahead so if you want to feel me up and want to learn then please support my channel by subscribing ,like share and comment I will always be there, Thanks for Your given Time regard Muhammad Ismail ",2022-10-25T02:01:58.377934Z,,PK,4266,34,41,https://yt3.ggpht.com/PenKwjEDLb55yXvcGHuBv0BvmEw9oFFxkntq2b2AEMpj5B31hz-NrH_Ec6qrtLB_AMfgDJpy=s800-c-k-c0x00ffffff-no-rj,"Beginners|conceptual|what|why|OOP|C++|advance|subtitle|playlist|becoder|Be Coder|Code With Muhammad Ismail Qazi|How to|Data structure|full courses|in urdu|c++ course for beginners|in hindi|best chennel for programing|best plateform for c++|c++ totorials|introduction to c++|c++ for begginer|road map of c++|be coder|code with muhammad ismail|c++ complete course|c++ playlist|c++ playlist for begginer","Technology|Knowledge|Lifestyle (parent topic)"
483,UCpX8P_Is2hnN0HCRYCnFVRA,"LOGICAL CODER","Hi,, friends here you can learn programming language and also build logical concepts which can help you improving your knowledge about coding. ",2022-07-08T14:14:31.490556Z,,IN,6171,114,28,https://yt3.ggpht.com/vvsVN_cMJmrdSVr1Q6YLW2Sz50Ud7bQSFdqAMpTYfqLzY5oaiP2B-p2movdmji3-Y06gauijXA=s800-c-k-c0x00ffffff-no-rj,"programming|coadingfromscratch|c|coding|java|html|css|javascript|c language|basic coding|logical coder|web development|c problems|C Programming Tutorial: Quick-start guide|A Beginner's Guide to C Language|C Language Tutorial - C++ Basics|c language tutorial|basics of c programming language|how to start coding for beginners|computer programming c language|java tutorial for beginners|c++ language tutorial for beginners|logicalcoder c language|easy coding language","Lifestyle (parent topic)|Knowledge|Technology"
484,UCXNyzWx1Hm9J3xmWfqtMx_g,"Biswajit “Biswajit ghosh” Ghosh","this you tube channel I try to create content c,c++ language ,data structure and algorithm ",2019-04-25T11:55:28Z,,IN,5618,525,123,https://yt3.ggpht.com/ytc/AIdro_nI-XlaHYB6UfFsMGpd7nzCwuJmnWSEjMYvDAITjQ2ZM9w=s800-c-k-c0x00ffffff-no-rj,,"Lifestyle (parent topic)|Knowledge|Technology"
485,UChg61p4VqSBjrdRhngInzaw,krishnapro.A2,"Subscribe channel and like videos",2020-08-03T15:07:51.140628Z,,,7299,51,26,https://yt3.ggpht.com/Nq6jtloSowRenHmGkEKY-G3BlhFajTO7FwYQ7hcSBH-_1fnHodgNGJe1kya2uWLBAie86t99sek=s800-c-k-c0x00ffffff-no-rj,,"Lifestyle (parent topic)|Knowledge|Technology"
486,UCgtUGTfgqmrMmN_jnxflnHg,"Satyam Tech World","Learn Coding with Satyam Agrawal",2021-05-31T09:52:54.673205Z,,,209,16,8,https://yt3.ggpht.com/rF3I_xEt-fASkr1HvXqS2BS83jxhrIpyTHvUBT9BILpgANU8_DhpzU7RGLEb90Wg57I8HN9ZbA=s800-c-k-c0x00ffffff-no-rj,,"Technology|Knowledge|Lifestyle (parent topic)"
487,UCgZSrttmBUaeSKW-3pJWMog,CSwithChetan,"🎓 CSwithChetan – Your Computer Science Guide Hey there! I'm Chetan, and this channel is all about making Computer Science simple and practical. Whether you're just starting out or looking to strengthen your fundamentals, you'll find clear tutorials, code walkthroughs, and real-world projects in C, Java, DSA, and more. 📚 Learn. Code. Build. Grow. 🔔 Subscribe to level up your CS journey! ",2025-05-20T19:38:13.524248Z,,,312,2,15,https://yt3.ggpht.com/Xcw6y-Lj4csDEyww9KNMeyq1FkpA4t_YvvEUaY2JX6ad-QRvaL1RLr51zObOHj66OhUZzu80lg=s800-c-k-c0x00ffffff-no-rj,,"Lifestyle (parent topic)|Knowledge|Technology"
488,UCp50u0tzY7CIqNrZ9fGDTGA,"#Technology Suraj","By Suraj Maurya Doing BCA from Quantum university.. Uttrakhand",2020-04-16T15:55:14.48473Z,,IN,1158,82,10,https://yt3.ggpht.com/ytc/AIdro_lEIu0FAjLz70YS7Aor3BUNUlih7E0moPA2CHZ3KO592A=s800-c-k-c0x00ffffff-no-rj,https://www.youtube.com/channel/UCp50u0tzY7CIqNrZ9fGDTGA,"Lifestyle (parent topic)|Knowledge|Technology"
489,UCRPC39G-PHg-JLJtVZA2uOA,HelloCodeCrafters,"🌟 Welcome to Code Crafters! 🌟 🚀 Crafting Code, Shaping Futures 🚀 Dive into the exciting world of programming with us! At Code Crafters, we're passionate about empowering you with the knowledge and skills to excel in the ever-evolving tech landscape. Whether you're a beginner or a seasoned coder, our channel is your go-to destination for comprehensive educational content.",2024-06-05T12:33:59.657003Z,,IN,421247,868,502,https://yt3.ggpht.com/emjv8bg6ydKE6ch3bsp0ydO8h4puiXH70bu-UZpIgfc5T8bGt2AJe_xka62LXhPSNEPeYUTqCg=s800-c-k-c0x00ffffff-no-rj,"C|C++|DataBase|Coding Tutorials|programming for beginners|learn to code|Web development|JavaScript Tutorials|Python Programming|Coding projects|Software Development|coding tips and tricks|Code Challenges|Front-End Development|Back-End Development|Full-Stack Development|Mobile App Development|Programming Language|C++ for begniers|Debugging tips|coding for kids|Final Year Projects|Basic in Programming|Summer Programming|Latest PRogramming Language","Technology|Knowledge|Lifestyle (parent topic)"
490,UC3bD2Biw-l2A8BkVs_-Kd-A,"LearnCode Basics to Pro","👨‍💻 Welcome to LearnCode Basics to Pro – your complete guide to learning programming the smart way! 🚀 On this channel, you’ll learn the core programming languages every beginner must know: C – The foundation of all programming C++ – For competitive coding and object-oriented design Python – For automation, data science, and web development Java – For Android apps and real-world software projects 🎯 Whether you're a school/college student, BCA/B.Tech learner, or a beginner with zero experience, this channel will help you go from basic syntax to advanced projects. 💡 All tutorials are explained step-by-step in Hindi + English (Hinglish) — perfect for Indian learners. 📅 New videos every week including: Programming Basics Real Projects Logic Building Interview Questions 🔔 Subscribe now and start your coding journey from Basics to Pro! ",2024-12-22T05:34:16.933703Z,,,2180,8,21,https://yt3.ggpht.com/4KDq2DZGZToKJgiEw2Vz0QmpwID830lu2FKjCuDJkgeufrlc-QaYWW2-aJpQM-o5A1eASwSqjQ=s800-c-k-c0x00ffffff-no-rj,,"Gaming (parent topic)|Knowledge|Lifestyle (parent topic)|Technology"
491,UCzDQ9T0wYWEkHO9TQLa4ijA,"Madrid C/Cpp User Group","Videos related to the Madrid C/C++ User Group. More information on our webpage: https://madridccppug.github.io/meetups/",2019-01-26T12:29:32Z,,ES,1023,16,6,https://yt3.ggpht.com/ytc/AIdro_mIu7KlxXXn7TUBJLIUP0YDYbbwcubQuzcU6hN8JB1LmA=s800-c-k-c0x00ffffff-no-rj,,"Technology|Knowledge|Lifestyle (parent topic)"
492,UCGp6R9cGqurVvYsXUSsqo_g,"Code with Faiz ",,2025-08-29T17:47:02.15978Z,,,9444,3,12,https://yt3.ggpht.com/ytc/AIdro_k1Xp3OrktpqNwGhtbo6zA1N8xZfM2-ivxM7ptxl7Dd_E2Ehrne9RE1y1nc08gin6WZJg=s800-c-k-c0x00ffffff-no-rj,,"Lifestyle (parent topic)|Technology|Knowledge"
493,UCgZ0qPls__WEyyA1qCpExug,"C and C++ tips And Tricks",,2016-05-19T10:06:11Z,,,6,4,1,https://yt3.ggpht.com/ytc/AIdro_k4tFvUFuxYxkrz_qM750YBkRp5tR1Z7hHsONSWXha7DQ=s800-c-k-c0x00ffffff-no-rj,And|C++,
494,UCkgHXY6TMDLwtfomRuT6uag,"Bhavith C","""Channel is especially for the person who is from non computer science background"". Here I am going to share my knowledge on C , C++ programming language.. Thanks Mohan Krishna sir ( my first teacher on real time programming )",2013-02-20T16:52:16Z,,IN,0,5,0,https://yt3.ggpht.com/ytc/AIdro_kwK0dyKPj5j403v_rjh2wk0kqwSGIW8uZr3n3V37-apGE=s800-c-k-c0x00ffffff-no-rj,"C++ programming",
495,UCrgjKYhSZPvEf0SEGDm4Pew,"Ejercicios_DC.JAVA C++ C",,2016-10-14T22:07:05Z,,,30,1,3,https://yt3.ggpht.com/ytc/AIdro_lGlQKkRutHAbJ7im6FRILVrfAHlV8aXU6pEQUqj-I=s800-c-k-c0x00ffffff-no-rj,,"Technology|Knowledge|Lifestyle (parent topic)"
496,UCz-mHxDaODtO_1i09NBZAPg,"C Advance Tutorial","Contains C, C++ Advance video. I focus on applications of C Language in real scenario.",2018-11-06T06:41:47Z,,IN,84,13,4,https://yt3.ggpht.com/cDtqHtHDNu8DYFZpxktQABV5TK_7UY2HkkosWBKF7A8vZWPpOE_V5ulJVSjFvqPLE5SiGR1q=s800-c-k-c0x00ffffff-no-rj,"C|C++|Graphics In C|Advance in C|Advance c++|C in hindi|c++ in hindi","Technology|Knowledge|Lifestyle (parent topic)"
