position,id,title,description,publishedAt,defaultLanguage,country,viewCount,subscriberCount,videoCount,thumbnail,keywords,topicDetails
1,UCmjDevp9Y8r-qi-xueD3Izg,"Roger Melo | JavaScript","Te ensino a ser Fluente em JavaScript. ",2018-06-18T14:49:03Z,,BR,2567949,26200,764,https://yt3.ggpht.com/vWoWN8T45haR-Noh9g7dwHM7iAMOlZKPZ9FDHfYa0AaOT-VD7nU4LIdkBrCKRCSp6aENPK7v_Q=s800-c-k-c0x00ffffff-no-rj,"JavaScript|programação|programa|sistema|programador|front-end|frontend|cjrm|reactjs|react.js|vanilla javascript|javascript puro|front end|curso de javascript roger Melo|curso de react roger Melo|curso de react js roger Melo|passo a passo de projetos react js|react js|código javascript","Lifestyle (parent topic)|Knowledge|Technology"
2,UCCmKG_jTmuEhXqioTXbOXOQ,"JavaScript King","Hey, my name is Sahand Ghavidel. I teach and create HTML CSS, JavaScript projects. ",2020-06-09T04:00:07.801193Z,,AU,2773007,92700,11,https://yt3.ggpht.com/patrdR_ZGmBMDXPpeCN5aqqkbaQL1L5sKcIic5Lr_FjERzWUc0_PLBPtM30Wo98-RyrsTV5wmQ=s800-c-k-c0x00ffffff-no-rj,"javascript|js|javascript projects|html css javasript projects|javasctript king|javascript tutorial for beginners|javascript projects for beginners|javascript projects for practice|javascript project tutorial|javascript project tutorial for beginners|javascript projects for web development|html css javascript project|html css javascript|javascript kings 16 projects|javascript king projects|javascript projects for beginners with source code","Knowledge|Technology|Lifestyle (parent topic)"
3,UCky92hx0lZxVBi2BJ6Zm2Hg,"Tips Javascript","About Tips Javascript! Tips Javascript is a community of software developers getting together to help one another out. The software industry relies on collaboration and networked learning. We provide a place for that to happen. Blog: https://anonystick.com Facebook: https://www.facebook.com/TipJS/ Youtube: https://www.youtube.com/c/TipsJavascript ",2018-01-12T05:51:06Z,,VN,5869864,63700,798,https://yt3.ggpht.com/13mT1DVtpVGNVg1bFmzbW1lPcB66AcxhtjDup1b-u-ibcman7Zd-nrTuy6NKbasapM78Gclvug=s800-c-k-c0x00ffffff-no-rj,anonystick|javascript|nodejs|mongodb|rabbitmq|java|nestjs|go|mysql|kafka|elasticsearch|nginx|aws,"Knowledge|Technology|Lifestyle (parent topic)"
4,UCQM428Hwrvxla8DCgjGONSQ,"JavaScript Conferences by GitNation","The best JavaScript talks, the best JavaScript community 🚀 Welcome to the channel of the JavaScript-related family of conferences from GitNation. We organize JavaScript events for a bigger cause — we want the modern tech community to become a better place for developers and enthusiasts alike by encouraging professional growth opportunities, skills evolution, and nurturing the passion for the craft. All the GitNation events: https://gitnation.com/events Get our GitNation Multipass & Subscribe To 10+ Best JavaScript Conferences And Senior Deep Dives from 17€ per month! https://gitnation.com/multipass ",2014-02-12T21:33:14Z,,NL,1432751,16600,633,https://yt3.ggpht.com/-tNKqhMn9OSnChx0ArkcR9vOk9iYyfDcnGvjWDdbpvBpNwt5CXENEYpssW2NyHY97I-zUcUz=s800-c-k-c0x00ffffff-no-rj,,"Lifestyle (parent topic)|Technology|Knowledge"
5,UCicOwFWkuMX0ddFaKCc_E5Q,"JavaScript Academy","Hi there! My name is Adam, and this is my channel Javascipt Academy. I learned so much from the online community about the web, javascript, and programmig, and I want to give back to this awesome community. The main purpose of this channel is to explain web programming, website building with easily understandable animations and examples. Stay tuned!",2020-04-11T09:22:15.605961Z,,,1289851,13900,27,https://yt3.ggpht.com/ytc/AIdro_nARuJkWS56u3s2MWWDOIZLmuanYtwsV3B7j91RxLjzYkg=s800-c-k-c0x00ffffff-no-rj,javascript|js|css|html|webdev|webdeveloper|webdevelopement,"Knowledge|Technology|Lifestyle (parent topic)"
6,UCmXmlB4-HJytD7wek0Uo97A,"JavaScript Mastery","Master modern web development with a project-based approach ",2018-12-25T10:37:24Z,,HR,106286322,1200000,189,https://yt3.ggpht.com/ek0JxMA0h1uXpnYKFL_dYo1ny3LWzAuLwGvaqQwb9Qh2oEQJIPNEPjDrY9yKsvMmIrq_Ooq_=s800-c-k-c0x00ffffff-no-rj,"javascript|reactjs|nodejs|webdev|web development|javascript mastery|learn js","Lifestyle (parent topic)|Technology|Knowledge"
7,UCzoVCacndDCfGDf41P-z0iA,JSConf,"The JSConf YouTube Channel. JSConf is a series of JavaScript conferences from around the world and here we release the conference talk videos for free as fast as we can after every event. Topics include JavaScript, HTML5, CSS, node.js, robotics, etc.",2012-10-09T10:21:46Z,,US,19590425,287000,1746,https://yt3.ggpht.com/ytc/AIdro_ltRigbEjK9HfAhlU6gVdqYyHN7uulgrQfff_RXtLU0e-8=s800-c-k-c0x00ffffff-no-rj,javascript|jsconf|html5|web|programming|software|development,"Technology|Knowledge|Lifestyle (parent topic)"
8,UCRQhZGXC0WK85YRXl7nGX0w,"All Things JavaScript, LLC","We assist you on your journey from a JavaScript novice to expert. From quick JavaScript tidbits to lengthy discussions on the nuances of the JavaScript language, we include it all. I spend an immense amount of time reading about and learning JavaScript. I use this information to create well thought out and effective tutorials. Find tutorials on everything from coersion to closures; from general JavaScript topics, to thorough examinations of important concepts. I design these tutorials to teach. I release a new tutorial each Wednesday. For full courses on JavaScript, visit our website at http://www.allthingsjavascript.com. We also maintain a full list of all our tutorials on our site. Would you like to help keep this channel going? https://www.patreon.com/allthingsjavascript",2016-08-08T23:10:48Z,,US,2649200,38600,253,https://yt3.ggpht.com/ytc/AIdro_msupIgt7EwuGjZMLqDrOpdZn6GLaGzM9NDVscFV7atFD4=s800-c-k-c0x00ffffff-no-rj,"JavaScript|Tutorial|learning|JavaScript Tips|Learn JavaScript|JavaScript explanations","Technology|Knowledge|Lifestyle (parent topic)"
9,UC9WtUscS9EUCaJuazSYjUlQ,"Ministry of JavaScript","Sharing knowledge of JavaScript, TypeScript, React, and NextJS for free. Video Series Released: Modern React JS Tutorials JavaScript Array, Objects, String, Promises Modern JavaScript Concepts. Video Series in progress: Complete Redux with React Complete Redux Saga with React Complete React Query with React Complete NextJS Modern TypeScript Tutorials Testing with React #javascript #react #nextjs #typescript #ministryofjavascript ",2022-08-04T00:58:04.853724Z,,PK,50188,1260,96,https://yt3.ggpht.com/tDH8DsaniKKQ9PSj1CzA2h2emy-BCBpx5wPokYYxwLqLUaT4XkoRarHGli_QDNYTmSXFNvv0Eg=s800-c-k-c0x00ffffff-no-rj,"javascript|typescript|reactjs|nextjs|ministryofjavascript|JavaScript|tutorial|tutorials|redux|redux toolkit|reactjs tutorials|javascript tutorials|react tutorials|redux in reactjs|redux in react","Knowledge|Technology|Lifestyle (parent topic)"
10,UC8IoJlilmVBB5C14vaj8EBw,"King of JavaScript","Hello Everyone I'm making for you javascript related videos. if you want to learn advanced Javascript then subscribe my channel. thanx official website : https://www.kingofjavascript.com/ ",2019-05-25T10:05:18Z,,IN,367913,3870,54,https://yt3.ggpht.com/ytc/AIdro_nmjexnghSsTwp5MvkjGhJ2hZcK423btICJnvqnv7H7xA=s800-c-k-c0x00ffffff-no-rj,"JavaScript|King of JavaScript Youtube|how to learn javascript|advanced tutorials|Hindi Javascript|Learn Javascript in hindi|new javascript technique|javascript tutorials|learn javascript in hindi|advanced javascript tutorials in hindi|latest advanced javascript tutorials in hindi|javascript advanced projects|learn advanced javascript in hindi|advanced javascript projects in hindi|advanced javascript programming in hindi|javascript tips and tricks in hindi","Lifestyle (parent topic)|Knowledge|Technology"
11,UCPifHUzsDwnk-GFrG5v7K_A,"Javascript Ninjas",,2025-08-07T02:13:38.778109Z,,,554,23,26,https://yt3.ggpht.com/qss9RYJ_ScGzylfs95_hBRGeFiSLw4cdigY7JIooadpWiGNi-0xgtPHUmohd7QZrDIv-6rSI_Aw=s800-c-k-c0x00ffffff-no-rj,,"Technology|Knowledge|Lifestyle (parent topic)"
12,UCMzJVrWeaKUotLPWTdx6HuQ,"JavaScript de Zéro","Apprenez en vidéo les bases de la programmation avec le langage JavaScript (ES6+). Si vous n'avez jamais programmé de votre vie et que vous voulez apprendre le JavaScript pour décrocher un job rapidement, cette formation est conçue pour vous ! Inscrivez-vous dès maintenant sur : https://www.javascriptdezero.com. Abonnez-vous à ma chaîne pour apprendre à programmer avec des vidéos en français de qualité.",2018-08-22T10:52:13Z,,FR,364759,9290,71,https://yt3.ggpht.com/ytc/AIdro_kumHe6s1xML50dxsyS0PfWnjISli_v_350Ef8AMRsDjUE=s800-c-k-c0x00ffffff-no-rj,"javascript|algorithme|algorithmie|algorithmique|apprendre javascript|apprendre à coder|apprendre la programmation","Lifestyle (parent topic)|Knowledge|Technology"
13,UCffskGFJqPqpZG8SygHjuOQ,"JavaScript Unleashed","Welcome to JavaScript Unleashed, where we're all on a learning journey together! If you're passionate about JavaScript and its incredible frameworks but still consider yourself a fellow learner, you're in the right place. Join me as we navigate the exciting world of JavaScript side by side. Whether you're a beginner just starting out or someone with some experience looking to level up, this channel is for you. Together, we'll unravel the mysteries of JavaScript, explore its nooks and crannies, and tackle real-world coding challenges. Expect tutorials, tips, and insights that cater to learners of all levels. We'll celebrate our wins and learn from our mistakes, fostering a supportive community that's all about growth. 📌 Connect with me: 🔗 LinkedIn: https://www.linkedin.com/in/rabinosti/ 💻 Need help with your code or project? Hire me on Fiverr: https://www.fiverr.com/rabin0123 ",2023-09-17T07:15:34.608133Z,,,114767,1250,21,https://yt3.ggpht.com/Rpk6yXconWRVWOaWGRsSX_9U96bumnXRgdW-QJvu580VwHvFKm7Whrd3Lvf0PfPhPaG8owtmvaA=s800-c-k-c0x00ffffff-no-rj,"javascript|ReactJS|Next.js|JavaScript|html css javascript|web development|Web Development Tutorials|Modern Web Development|Web Development Projects|JavaScript Projects|Frontend Development|Full-Stack Development","Knowledge|Technology|Lifestyle (parent topic)"
14,UCyUEQd6gp05bO9FfMP4pz2g,"JavaScript Israel","A place for the Israeli JavaScript community to share best practices, new frameworks and efficient tools in order to write cleaner and better code in less time.",2013-03-14T21:58:37Z,,,267532,3180,325,https://yt3.ggpht.com/ytc/AIdro_lbg_jiMzlLfNeLuJKj_a5uZlF50dW6sgs4b1KbXhFOJA=s800-c-k-c0x00ffffff-no-rj,,"Lifestyle (parent topic)|Knowledge|Technology"
15,UC4eDiaxqzk3alzay2fG7x_Q,"Javascript For Everything","Hey everyone! 👋 I'm a full-stack web developer, and welcome to my channel — JavaScript For Everything. I’ve worked at companies like Dream Touch Architecture and Bit Encrypt IT, building real-world apps using React, Next.js, Node.js, TypeScript, MongoDB, and even deploying with Docker & Kubernetes. Here, I’ll show you how to build full-stack projects — things like OTP/OAuth login, real-time messaging with Socket.io/WebRTC, file streaming, payment systems, and multi-vendor eCommerce platforms — all from scratch, just like I’ve done in production. I also cover DevOps topics like Linux, Nginx, and VPS deployments, so you’re not just coding, you’re launching! If you're serious about learning JavaScript in real-world scenarios — not just toy apps — you're in the right place. Subscribe, and let’s build something amazing together! 💻🚀 #javascriptforeverything #javascript #fullstackdeveloper #nodejs #javascriptdeveloper ",2021-05-16T09:26:17.852626Z,,BD,17434,275,109,https://yt3.ggpht.com/NgUkkWR_AtIIB-zEE4oTsZ1KinqxmA0hDXX6FQHBm_jss9FmWMC_JCSGhRwM00HUpoU6idB7I6U=s800-c-k-c0x00ffffff-no-rj,"javascriptforeverything|ccna|gns3|docker|linux|vim|javascript|node|node.js|nodejs|nextjs|next.js|react|react.js|mui|material-ui|networking|git|virtualbox|typescript|bash|redhat|centos|tailwind|tailwindcss|tailwind-css|expressjs|pug|socket.io|websocket|webRTC|javascript for everything|js for everything|riajul islam|web development|packet tracer|linux mint|put templete engine","Lifestyle (parent topic)|Technology|Knowledge"
16,UCJgGc8pQO1lv04VXrBxA_Hg,"Carlos Azaustre - Aprende JavaScript","Construye tu futuro como programador. Aquí aprendes a desarrollar software con las tecnologías que demandan las empresas. Soy Carlos Azaustre, Google Developer Expert (GDE) y Microsoft MVP. Te ayudo a dominar JavaScript, React, Node.js, y el ecosistema de desarrollo web moderno. En este canal encontrarás tutoriales para crear proyectos para tu portafolio y cursos para afianzar tus conocimientos. ¿Listo para programar en serio? 👉 SUSCRÍBETE y únete a la comunidad: http://cazaustre.link/youtube Todas mis redes: @carlosazaustre ",2006-04-26T16:07:31Z,es,ES,11690870,156000,597,https://yt3.ggpht.com/RwgiCUvX7HFmo2qAtnvUsfoGxmyUIa_l_HAEo_3dt5OuJYliyJF8Pnlpr56I74GDyA_f-RawKs8=s800-c-k-c0x00ffffff-no-rj,javascript|tutoriales|programacion|web|ecmascript|es2015|node|node.js|react|react.js|vue|vue.js|screencast|videotutoriales|desarrollo|aplicaciones|apps|webapps|cursos|online,"Lifestyle (parent topic)|Technology|Knowledge"
17,UCZpDsJis8EqdNHgdMCtrePQ,"Full Stack JavaScript","To know JavaScript is to be able to use the language in an actual application. Learn how to utilize JavaScript to build a real world three-tier architecture that is hosted in AWS cloud platform services. Learn the fundamentals of a database tier, a services tier and how to build a UI tier web application. This is based on the three main frameworks of React, Node/Express and MongoDB. Learn how to properly design, architect, develop, test, secure, deploy and manage an AWS platform.",2022-04-09T19:36:42.172038Z,,US,2425,48,9,https://yt3.ggpht.com/kVAK4czwUcxYvRzOxaFn6sfy8Sm5rrxVSMprXDZ9XxIfoMR5F61t_nZPi1suKyFptDQqIvj6=s800-c-k-c0x00ffffff-no-rj,"React|Node|Node.js|AWS|Express|JavaScript|MongoDB|Programming|Software|React JS","Knowledge|Technology|Lifestyle (parent topic)"
18,UCVPBpZM15A8ha0nRoMNS6Dg,"JavaScript Ceará","Comunidade cearense de JavaScript ",2024-06-18T12:28:30.010923Z,,,430,82,6,https://yt3.ggpht.com/LIdsn3-USet0Vlj3kOh3UFZQXwzqCzi8yj22ewjqiJTkrRQGLZRyjC0KtsR6TKICl4uvdYLlfw=s800-c-k-c0x00ffffff-no-rj,,"Technology|Knowledge|Lifestyle (parent topic)"
19,UCw33I4t_I4_6Vg9EhatssZQ,"The Javascript Podcast","Welcome to The JavaScript Podcast! 🎙️ Your go-to source for everything JavaScript—whether you're just starting out or an experienced developer looking to deepen your knowledge. Join us as we explore the world of JavaScript, from the basics to advanced topics like asynchronous programming, frameworks (React, Angular, Vue), Node.js, and even the future of the language with TypeScript and AI. 💡 Topics we cover: JavaScript fundamentals and advanced concepts Front-end frameworks like React, Angular, and Vue Server-side development with Node.js TypeScript vs. JavaScript Debugging, testing, and scaling JavaScript applications JavaScript for data visualization, machine learning, and more! Subscribe now and start your journey to becoming a JavaScript pro! New episodes drop every week. 🚀 Learn. Build. Innovate. With JavaScript. #JavaScript #WebDevelopment #Programming #React #NodeJS #Angular #VueJS ",2024-10-24T16:03:05.970612Z,,IN,3713,1950,39,https://yt3.ggpht.com/ZXzfB7n1P2KFNSSTiEW7yuXkyLSyaI6yxpkIO2pNrXjaV1BLORbJ-LgSM76Lw6gsZPJDbv0Bgw=s800-c-k-c0x00ffffff-no-rj,"JavaScript Basics|JavaScript Programming|Web Development|JavaScript for Beginners|JavaScript Podcast|JavaScript Concepts|Frontend Development|JavaScript Coding|Programming Podcasts|JavaScript Tips|JavaScript Functions|JavaScript Promises|Coding for Beginners|Advanced JavaScript|JavaScript Closures|JavaScript Data Types|Web Dev Tutorials|JavaScript Episodes|JavaScript Deep Dive|The Javascript Podcast|The Javascript Podcast","Lifestyle (parent topic)|Knowledge|Technology"
20,UCHWrUaG5brs2SXs8uIN-Olg,"Minicurso de JavaScript IFRP ","Um minicurso desenvolvido pelos alunos do Instituto Federal de Ciência e Tecnologia do Sudeste de Minas Gerais - Campus Rio Pomba. O Objetivo do curso é dar uma noção sobre uma das linguagens de programação mais populares e versáteis do mundo todo, o JavaScript. Já tem familiaridade com alguma linguagem de programação? O curso é pra você. Não tem familiaridade com nenhuma outra linguagem de programação? O Curso também é pra você. O único requisito do minicurso é ter vontade de aprender! ",2022-10-01T21:28:08.522327Z,,,154,4,9,https://yt3.ggpht.com/5DS5Fi3C-BzCdEVGwj-1ij_uc94pyq-3TSJeDtvoDYNANn-zpYtvcYjv7Tv95ELbSTBoE7PDAA=s800-c-k-c0x00ffffff-no-rj,,"Technology|Knowledge|Lifestyle (parent topic)"
21,UCW9pyonagDWGMCy7V_Kro6g,JavaScript.Ninja,,2015-10-10T08:48:04Z,,UA,5685823,56300,580,https://yt3.ggpht.com/ytc/AIdro_nNuDJaDQnx9ms-y3G35XY4ovYXbId3PDkiRi7_JWCBXQ=s800-c-k-c0x00ffffff-no-rj,JavaScript,"Lifestyle (parent topic)|Knowledge|Technology"
22,UCHm0TelHraygjSGp8103iyA,"Salam javascript","Всем Салам. Меня зовут Заур. Я Senior джаваскриптизер. 7 лет в IT. Работал в Сбер, Epam, VK, Самолет На этом канале делаю ролики про frontend разработку для тебя УЦЫ! Занимаюсь менторством/наставничеством по JavaScript, писать в ТГ @salam_js По вопросам сотрудничества, рекламы также писать в ТГ @salam_js",2023-11-21T07:27:27.409543Z,,,1007900,5690,140,https://yt3.ggpht.com/oP4dEG_ROVNW1NgTQJHfkvxXBfANU4sUKY3RIIl_CKlI5eP-30rJ3CEjS5uuS1q24LTj1ImbDw=s800-c-k-c0x00ffffff-no-rj,,"Lifestyle (parent topic)|Technology|Knowledge|Gaming (parent topic)"
23,UC_JFJPBJTym9oYfM_GX9beA,"JavaScript Guy","JavaScript Guy Platform is the one stop for all your full stack web development tutorials and queries. I am 26 year old IT professional working in India's Top IT multi-national organization. I have spend around 4+ year's with JavaScript and full stack development. Ask your related queries and tutorials, I am ready and happy to help you.",2011-11-24T16:20:34Z,,IN,26362,443,49,https://yt3.ggpht.com/w0KkMr98I75-yVnAKZtJj7eds781EHrwFRt8ZWUTZgOpOcXpsaIgtXLC7d4paMtqIx2yV84-_w=s800-c-k-c0x00ffffff-no-rj,"javascript|javascript guy|JS Guy|javascript guy hindi|java script|hindi javascript tutorial","Lifestyle (parent topic)|Knowledge|Technology"
24,UC3wVXbDNK0LSC-IZ1PQv1zg,"This Week in JavaScript","We understand that staying current can be overwhelming, so we try to provide you with concise information to keep you informed on the go! This Week in JavaScript is a weekly podcast and newsletter made to deliver quick and relevant JavaScript updates in just minutes. You can also follow us on Twitter and LinkedIn “This Week in JavaScript” is brought to you by Jam.dev, the tool you should share with your company if you want them to stop sending you bad bug reports. ",2024-09-05T12:35:57.119913Z,,,2885,114,45,https://yt3.ggpht.com/5_SF6V8V-h3HZ-PVwnrcGtYZMs_xBqqAD1vqFIWEIBcf6YgYZclA_Lo7nQFW9XbbZs5-zBlK=s800-c-k-c0x00ffffff-no-rj,,"Technology|Lifestyle (parent topic)"
25,UCHa8J-xnRYOg5VuudfWpBgg,ColorCode,"Coding Tutorials for regular people! 🎉👨🏻‍💻📽",2016-04-27T19:23:48Z,,US,3943839,98600,114,https://yt3.ggpht.com/ytc/AIdro_kG8d4F4sXkkZiWSP8eoVODSbfI-zsstG_FZdjqonlVYv4=s800-c-k-c0x00ffffff-no-rj,Learn|Code|Coding|Programming|Web|Development|Software|Engineering|HTML|CSS|JS|JavaScript|education,"Technology|Knowledge|Lifestyle (parent topic)"
26,UCkzEOKU959F6_T0OaQBH4VQ,"JavaScript Conference Armenia","JavaScript talks and workshops at JS Conf Armenia events",2018-01-23T05:51:06Z,,US,86678,1280,99,https://yt3.ggpht.com/ytc/AIdro_nRLZPxizE3r8GNfrYn31PKZAzuhi4vvx-251BKTixZUHE=s800-c-k-c0x00ffffff-no-rj,JavaScript|Conference|Armenia,"Lifestyle (parent topic)|Knowledge|Technology"
27,UC_U2eX0tfP3pn55YT_J6fVQ,"Es JavaScript","Ini merupakan channel untuk orang-orang yang mau belajar coding",2023-03-05T11:51:09.308622Z,id,ID,10919,255,35,https://yt3.ggpht.com/FSMhEfKb5tRnLmMgUL0lDPBqO7svWrLP9UgcF3pLUl6MbSzsTr7H7jrG1MroITYFAqnkVQkcow=s800-c-k-c0x00ffffff-no-rj,,"Technology|Knowledge|Lifestyle (parent topic)"
28,UCW5YeuERMmlnqo4oq8vwUpg,"Net Ninja","Black-belt your web development skills. Over 2000 free programming tutorial videos about: - Modern JavaScript (beginner to advanced) - Node.js - React - Vue.js - Firebase - MongoDB - HTML & CSS - PHP & MySQL - Laravel - React Native - Flutter - Open AI - SolidJS ...And many more topics as well :) ",2015-04-08T20:11:22Z,,GB,206175731,1810000,2752,https://yt3.ggpht.com/ytc/AIdro_mk2Ex-8sW03SBlBX7D1EC5skH0kv9rS3rU9IXq2I-q2Zg=s800-c-k-c0x00ffffff-no-rj,"html|css|javascript|tutorials|development|wordpress|mvc|js|python|laravel|responsive|tutorial|tutorials|web design|web development|front-end development|responsive design|beginner html|beginner css|beginner javascript|node js|web design","Knowledge|Technology|Lifestyle (parent topic)"
29,UCIhSu8oj-mLOZGFgsnXIAjg,"School4U | Programming School","🎓 Your Ultimate Hub for Software Engineering and Exam Preparation Welcome to School4U (Programming School4U) — your one-stop destination for mastering Software Engineering and acing entrance exams! Dive into our growing library of tutorials, lectures, and real-world coding projects, covering: 🔴 Software Engineering 🔴 Website Development 🔴 WebApp Development 🔴 Android Development 🔴 IOS Development 🔴 Programming Languages: C, C++, C#, Java, JavaScript, Python and more! Whether you're preparing for university exams or looking to build a strong career in tech — you're in the right place. 🎯 Why Join School4U? 👉🏻 Simplified tutorials for beginners 👉🏻 Real-time examples & projects 👉🏻 Study Material (Notes, Cheat Sheet, Online Documentation) 👉🏻 Interview Preparation & Placements 👉🏻 Complete university-wise syllabus coverage 👉🏻 Motivational guidance & personal support ✅ Everything is 100% FREE! There’s a ton of content and support waiting for you. Start exploring today. ",2024-04-19T13:21:08.516964Z,en-IN,IN,2799246,29200,206,https://yt3.ggpht.com/k17wrWVPkAuVCGA9-jLycaq1yLigzICVTbryLGAEFNZRNsTeWzztAKdD6p9g7BQRZd3tj916XQE=s800-c-k-c0x00ffffff-no-rj,"school4u|school4you|schoolforu|schoolforyou|coding_school4u|codingschool4u|codingschool|coding|programmingschool4u|programming_school4u|school 4 u|school 4 you|school for u|school for you|coding school4u|coding school|coding school for you|coding school 4u|coding school 4 u|coding school for u|programming school for you|programming school 4 u|programming school|programming school4u|coding school4u|manas kumar lal","Technology|Knowledge|Lifestyle (parent topic)"
30,UCbBt6Ks7M5BZx_GHgGO_UNQ,"HuXn WebDev","HuXn is a talented software engineer with a passion for creating stunning user experiences. Having worked with an extensive range of technologies, frameworks, and programming languages - from React and Angular to Python, Golang, and more - his expertise in the field is unparalleled. HuXn's diverse skill set has enabled him to build countless projects for clients around the world, showcasing his ability to adapt and excel in any given environment. However, it was his love for User Interface Design that truly set him apart. HuXn's dedication to honing his skills in this area led him down a path of self-discovery, taking advantage of every resource available to him - from online tutorials to workshops and beyond. With his tireless efforts, HuXn has earned his badge as a truly talented UI/UX Designer. ",2021-03-30T20:23:43.323522Z,,US,7008749,169000,164,https://yt3.ggpht.com/ojm5jnygbYT1l23g94ovEykcM2NV-wAp-W7dzvWzttqaV1sA8tXj3mwicsVUaJyzhBZ_F-9l=s800-c-k-c0x00ffffff-no-rj,"programming|development|MERN|javascript|React|Vue|Angular|Frameworks|softwares|typescript|golang|CSS|css|Sass|html5|python|programming|web development|webDev Academy|front end|back end|full stack|web designs|Front End Frameworks|Backend Frameworks|node js|web designs|adobe XD|advance web development|learn web development|web developer|web development guide|web dev|web dev roadmap|become a web developer|learn programming|programming languages 2021","Knowledge|Technology|Lifestyle (parent topic)"
31,UC9Yp2yz6-pwhQuPlIDV_mjA,"Chris Courses","Software engineer teaching game dev with JavaScript. Sometimes I create films and animated videos. Join the community at: https://discord.gg/hDgDtaCCUK ",2013-01-13T21:38:58Z,,US,18234091,174000,87,https://yt3.ggpht.com/ytc/AIdro_lwNcgszozkLmbCZE4JFi_pNcVMjXJ5BI03fLV2Qb9-rvE=s800-c-k-c0x00ffffff-no-rj,,"Technology|Knowledge|Lifestyle (parent topic)"
32,UCans6tlOzOGqtq-IKMLJR8g,"Frontend Master","Have you ever have any kind of fear against coding. Are you Afraid of Programming. Do you want to learn computer programming. Do You have interest on web development. Do you have interest on Web Designing. Do you want to learn new technology every time. If you have any one of the interest above the this channel is only for you. I provide the best tutorial in a very comprehensive and explanatory way. It becomes easier to learn anything when it is in a language which you feel comfortable. Hence,All the Videos of this channel are completely in HINDI. ************************* WARNING ************************************** Their is chance that you may become a professional programmer or Web Developer after watching whole Series. Soooooooo Watch at your own Risk... ************************************************************************************************************",2011-05-30T15:11:50Z,,IN,10564202,89200,850,https://yt3.ggpht.com/0GWCRfkrPoRwZ6_iMKaGgMwsfu_cj2zB2euRaU80i00GEk_3IWagPBkRf2gNmW5d1yfVCaAXdw=s800-c-k-c0x00ffffff-no-rj,"NodeJS|ReactJS|Javascript|JS|HTML|CSS|ReatNative|Web|frontend|js|ract|vue|website|coding|dsa|programming|interview|Web Development|frontend deveopment|jaavascript interview questions","Lifestyle (parent topic)|Knowledge|Technology"
33,UC4C-YzK75MlxoFUBiurTZMQ,"JavaScript RockStar","RockStar JavaScript lessons",2019-11-10T14:08:15.077436Z,,US,10326,177,58,https://yt3.ggpht.com/ytc/AIdro_lr2bK_aTPBvvaydjfsJMwX0qh8egxsCC1mPNZeYBRSLg=s800-c-k-c0x00ffffff-no-rj,JavaScript,"Lifestyle (parent topic)|Knowledge|Technology"
34,UCXelbvnrttsTldT6n4b4TSw,"JavaScript With Sahil","Learn about web development (HTML, CSS, JavaScript, ReactJS) by building fun stuff!",2016-02-06T13:07:17Z,,IN,705,42,17,https://yt3.ggpht.com/T0kX86Bd-DZHsy4xoV8QXQkiyt3HWkfNI7J5bcw25k5aVNM48qG3m2IWhspDQ3Iu9ugmVHViAw=s800-c-k-c0x00ffffff-no-rj,,"Knowledge|Technology|Lifestyle (parent topic)"
35,UCd7mXvSR0VdylcseQTzN9yQ,"Escola de Javascript","A Escola de JavaScript é uma iniciativa da startup de educação online OneBitCode. O OneBitCode foi criado em 2016 e desde então vem ajudando milhares de programadores pelo Brasil e pelo mundo. Pensando em trazer a qualidade dos cursos OneBitCode para o mundo JavaScript, nasce a Escola de JavaScript, uma escola 100% online que leva até o programador conteúdos atuais, aprendizado rápido e eficiente. Acreditamos que colocar a mão na massa é o melhor jeito de aprender e desenvolver suas habilidades com sucesso! Então, aproveite que você conheceu um pouquinho de nossa história e veja os artigos e screencasts gratuitos em nosso blog para entender nosso jeito de ensinar e como você vai aprender. Seja bem-vindo à Escola de JavaScript \o/",2019-07-23T17:08:05Z,,BR,80324,2290,10,https://yt3.ggpht.com/ytc/AIdro_lI4jU8AxDp96eTacoOxDudh9BoYwHEkjQoqFExC1BTaQ=s800-c-k-c0x00ffffff-no-rj,,"Technology|Knowledge|Lifestyle (parent topic)"
36,UCKdo1RaF8gzfhvkOdZv_ojg,"「 Webschool - JavaScript 」","Canal sobre JavaScript da Webschool.",2015-07-03T19:07:37Z,,BR,477923,9550,170,https://yt3.ggpht.com/ytc/AIdro_kPqIsVzXkYriVAObMRaYXfoecBkStqITw1xT17JPVmlg=s800-c-k-c0x00ffffff-no-rj,webschool|javascript|node.js|mean|js|suissa,"Technology|Knowledge|Lifestyle (parent topic)"
37,UCSgvCfhFj5QSPJM-B21lbtw,"JavaScript Georgia",,2020-02-23T16:39:25.77664Z,,GE,9432,360,8,https://yt3.ggpht.com/ytc/AIdro_l7kUN89URezPcSpsB44Y2yMYD9gkk-KOzDvvG84fBYBA=s800-c-k-c0x00ffffff-no-rj,,"Knowledge|Technology|Lifestyle (parent topic)"
38,UCHDRjfwhLdQjoD9FKv3lgOw,"JavaScript Січ","JavaScript Січ: канал про програмування на JavaScript українською! Підтримати канал можна за адресою: https://base.monobank.ua/39Tq2sVxaxau6d ",2023-02-17T02:49:53.582284Z,uk,UA,249944,8980,93,https://yt3.ggpht.com/kZj2BtE1Oq9J9eO51bbNQ4G-DJN85SDNaNdTSkREir7gstxhNRPDz-iVVhAN1vqErI_Tj_wIUMw=s800-c-k-c0x00ffffff-no-rj,,"Lifestyle (parent topic)|Society (parent topic)|Technology|Knowledge"
39,UCT7pPmmzUgxPv-9IKeA10BQ,"ReactJS Developer Interview Series ","Hi coders, Here, I will be uploading the Front End Developer's interview which I will be going through so that you get the feel and vibe of the interview and you can learn from it as well. My goal is to upload at least 100+ Front End Developer's interviews on this channel. So those who are aspiring or those who want to switch to Front End Developer, please do like, share and subscribe to the channel. THANK YOU ALL! FOR BUISNESS ENQUIRIES : rdev67891@gmail.com ",2022-07-08T11:33:59.125177Z,,IN,4405432,73000,114,https://yt3.ggpht.com/Khp4OkHgxV7BTN3igLe-whg7-iCxrSWlI87ArTSiW518GF0MxDErCOJVJcd4hC-y2fJd1tBhdg=s800-c-k-c0x00ffffff-no-rj,"ReactJS|Front-End|reactjs|react|react.js|ReactJS Interview|Front-End Developer Interview|ReactJS developer Interview Series|FrontEnd Developer Interview Series|ReactJS Interview Questions|Front End developer Interview Questions|ReactJS Developer Interview|react js|learn reactjs|react tutorial|react js full course|reactjs beginner|reactjs crash course|aprender react|reactjs for beginners|react framework|reactjs 19|curso react|react udemy|react curso","Technology|Knowledge|Lifestyle (parent topic)"
40,UCUU89MNmMyU9CFWAGwDI5Sg,"Hello JavaScript",,2022-01-09T17:33:06.047293Z,,US,4405,55,30,https://yt3.ggpht.com/vqMHF-Jt8lOThbpW6qHEUUCbK34zs3oI2briUn2jcoCSu7gTkE4ePSRTUS7Xw0fs1ypn0g1h=s800-c-k-c0x00ffffff-no-rj,,"Lifestyle (parent topic)|Knowledge|Technology"
41,UC8OLZSlFO8cwRo9M30v-TkA,"Byte-Sized JavaScript","Short (~10 min) screencasts on JavaScript and related technologies — https://bytesized.tv/",2016-04-01T05:50:09Z,,US,14288,559,48,https://yt3.ggpht.com/ytc/AIdro_n4sh3MJWvyCfiJV_e6eJvBPbF3iCTzrAT6OEMF5j7yiw=s800-c-k-c0x00ffffff-no-rj,,"Technology|Knowledge|Lifestyle (parent topic)"
42,UCYMuZm39Z5Qc7JZfiYoxemQ,"International JavaScript Conference","International JavaScript Conference is the global hub for the Fullstack JavaScript Engineering community. Our mission is to connect the Software Developer, Fullstack Engineer, Architect, Consultant, C-Level, Directors, Leadership & Product Owner premier events worldwide and continuous knowledge sharing. ➡️ Expert Insights: Stay updated with articles, live webinars, session recordings, and insights from leading minds in JavaScript, Angular, React, and Node.js. ➡️ Exclusive Resources: Download valuable whitepapers, cheat sheets, and magazines crafted by industry experts. ➡️ Live Events: Join the iJS conferences, workshops, and bootcamps, where the community gathers in person. Dive deep into essential topics like Angular, React, Node.js, Next.js, Generative AI in JavaScript, Web Architecture, and Testing & Security. ",2017-03-22T15:43:45Z,,DE,386765,5670,165,https://yt3.ggpht.com/S9jj_y5cvQyyDwaPswAVoLzdprPDNvFrr_SLs6c9AXHTdUSI5ruH1kGpJK9_rRFfSvcPKpx8IQ=s800-c-k-c0x00ffffff-no-rj,"ijs|international javascript conference|javascript conference|javascript tutorials|javascript frameworks|videos for developers","Knowledge|Technology|Lifestyle (parent topic)"
43,UCHgQksMdEjBlwr24txEB6Jw,"Curso JavaScript","O curso de Javascript é projetado para os que desejam dominar a linguagem de programação fundamental para a criação de conteúdo dinâmico na internet. Ao longo deste curso, os participantes terão a oportunidade de adquirir conhecimentos sólidos sobre os princípios básicos do Javascript e aplicá-los no desenvolvimento de aplicações web interativas e responsivas. Prepare-se para uma jornada empolgante, onde cada linha de código é uma nova página em seu livro de magia digital. Vamos lá, aventureiro! O mundo do Javascript está esperando por você. 🌟🚀 ",2023-12-07T20:58:38.482871Z,,,381,134,5,https://yt3.ggpht.com/RLyA0RWzzgU9QCIy_NZPb_NFNVOPoSwlD1LGRXYJtS9niqdWP8FDsOig4K-Em6Zj0w0brVleIFk=s800-c-k-c0x00ffffff-no-rj,,"Lifestyle (parent topic)|Knowledge|Technology"
44,UC4EWKIKdKiDtAscQ9BIXwUw,"Lydia Hallie","I’m a software engineer and sometimes post videos! 🙏 All animations are made with Apple Keynote ",2018-03-07T18:26:14Z,,,1809268,112000,9,https://yt3.ggpht.com/89XSViN1j67dPtLO-BecRT8DU2DBTFyRB7Vd6eZFVoXGpUJz8kyvXzOl53fwozVxgsWv-dKVXw=s800-c-k-c0x00ffffff-no-rj,,"Lifestyle (parent topic)|Knowledge|Technology"
45,UChxKKzAKbt-jw2GoY-6H-qA,"Technical javascript","The videos uploaded on this channel are uploaded for entertainment purposes only. Kalyan Matka is the most popular and leading of Satta Matka. Kalyan matka started from 1972 as per the record it also founded by Mr. Ratan Khatri with Main mumbai matka (Now days Main Bajar). Over the year it had been taked over by Mr. Kalyanji Bhagat and now running by certain group of people. Satta Matka Kalyan is a type of played in a few elements of India, for example, Mumbai and Rajasthan. The start of Matka action is from Mumbai and started in the Sixties. Ratan Khatri and Kalyanji bhagat are the pioneers of this popular playing activity of India, and that they have been the wears who used to oversee the Satta Matka Kalyan business organization in Mumbai. It has been operate on the same concept like Main mumbai matka. There are same panel and jodi concept. Satta Matka Kalyan depends on irregular number determination and An important wagering pattern in ",2018-10-27T09:00:03Z,,IN,465141,148000,37,https://yt3.ggpht.com/I4RQaL44l3nS8C0IrCHTZhGAts5OEckhMuTni-TR_qql1nXifY-_hosiZ4fYoTIpMPfFwgGpoQ=s800-c-k-c0x00ffffff-no-rj,Kalyan|matka,
46,UC3XGlNq8O5hZlZBJlSFB4jg,"Radu Mariescu-Istodor","I have a PhD in Computer Science and I want to teach you things. I publish: 1. Courses I teach at the university 2. JavaScript project tutorials 3. Entertaining videos about coding 4. Advice I give to my students 5. Some weird things. You'll see... ",2011-10-07T15:06:37Z,,FI,1840695,39900,427,https://yt3.ggpht.com/ytc/AIdro_nMFgu_A8hjwyfhtaCWDy5SLvM128j2yZ-xKoSC4xafJi0_=s800-c-k-c0x00ffffff-no-rj,"programming|web|tutorials|funny|education|entertainment|algorithms|html|javascript|canvas|computer science|application development|vanilla javascript","Lifestyle (parent topic)|Knowledge|Technology"
47,UC2Jwo4Q0s-ucjGseHP8XUSQ,"HolyJS — конференция для JavaScript‑разработчиков","Ближайшая конференция: HolyJS 2025 Autumn, 20—21 ноября, Санкт-Петербург + online. Подробнее — по ссылке ниже. HolyJS — первая и пока единственная профессиональная конференция по JavaScript в России (не путать с конференциями по фронтенду). Говорим исключительно о JS-технологиях: коснемся и бэкэнда, и десктопа, и работы с железом — и никаких докладов про agile, scrum, оптимизацию работы коллектива и управление командами. Основные темы: — Backend — Tools — UI/UX — Architecture — Graphics — — — — HolyJS is a conference for all JavaScript developers (whether frontend or otherwise). It covers different aspects of JS development, ranging from specific frameworks to battling technical debt. The bottom line is that the program contains a lot of useful technical knowledge. ",2016-06-21T16:32:08Z,,RU,3216501,32100,812,https://yt3.ggpht.com/MkPjsdDToHl_XpMnoyAZ4AlMogrMJ1t6L1THztL6EadfFwp-yI8b7hKKVVsDJnQFJxdWJmJr-3o=s800-c-k-c0x00ffffff-no-rj,"HolyJS|конференция|JavaScript|JS|джаваскрипт|веб-программирование|веб-разработка|Node.js|ECMAScript|ES6|ES7|WebGL|IndexedDB|WebAssembly|Dijkstra|DOM|webVR|Gulp|Webpack|БЭМ|FlowType|web development|web programming|Network API|Web Notifications|JS engines|Progressive Web Apps|Electron app|Babel JS|Babel JavaScript|Web developer workflow|JS UX|Payment Request API|Functional programming|VR интерфейс|React js","Technology|Knowledge|Lifestyle (parent topic)"
48,UCIh_M12Ebt2B96aDSfQAImA,"Education Purpose","New Video Every Day at 8 AM IST Learn Something New... ",2022-12-27T14:57:51.608732Z,,,71923,1380,37,https://yt3.ggpht.com/yM0a6V6a21x_46B7aXhkn6IVByELmIBzH47DjTlSStoD1iWvMob3YfTnEXzXhy_E0nP6ls6WBw=s800-c-k-c0x00ffffff-no-rj,,"Knowledge|Technology|Lifestyle (parent topic)"
49,UCShZmic3ZZdh9sZ6UA144Cw,"JavaScript Competency Center","Welcome to Javascript Competency Center channel! On this channel you learn how to build Javascript solutions for free with experts, how to build your Engineering career. You might learn modern engineering world of IT industry with us. JavaScript Competency Center channel is your source for online education in the areas of web development, frontend web development, backend web development, programming, coding! No matter if you are looking for a tutorial, a course, a crash course, an introduction, an online tutorial or any related video, we do our best to offer you the content you are looking for. ",2021-06-05T12:19:54.24182Z,en,,125956,2290,136,https://yt3.ggpht.com/q8we6he2jfvTmHCyBPCgwDYbJbr9hxACWDsOMb5vz1dnQ7Yz6oHgMg1aBcMylGar0WUUKGIwoQ=s800-c-k-c0x00ffffff-no-rj,"javascript|js|education|learning|frontend|front-end|nodejs|modern|web|epam|technical|nextjs|next|react|next|welcome|course|how to","Lifestyle (parent topic)|Technology|Knowledge"
50,UCvjgXvBlbQiydffZU7m1_aw,"The Coding Train","All aboard! The Coding Train is on its way with creative coding video tutorials on subjects ranging from the basics of programming languages like JavaScript to algorithmic art, machine learning, simulation, generative poetry, and more. Choo choo!",2006-07-03T18:24:29Z,,US,131875175,1760000,1287,https://yt3.ggpht.com/jx7pgOZeAW4tzBUOW3WVTCi8_RJEWZkJS4AiThnYvoS8TaL5zPwOk0gqBftyya9EMhOm80Yhgw=s800-c-k-c0x00ffffff-no-rj,java|javascript|processing|teaching|programming|beginner|tutorial|coding|challenges|art,"Technology|Knowledge|Lifestyle (parent topic)"
51,UC9We8EoX596-6XFjJDtZIDg,"GoJS JavaScript Diagramming Library","www.gojs.net Questions? Contact us by email at gosales@nwoods.com, phone at (603) 886-5780 x117, or our contact form at https://www.nwoods.com/contact.html. Our goal is to respond to all inquiries within one business day. Please note our timezone is GMT-5. GoJS is a feature-rich JavaScript library for implementing custom interactive diagrams and complex visualizations across modern web browsers and platforms. GoJS makes constructing JavaScript diagrams of complex nodes, links, and groups easy with customizable templates and layouts. Northwoods Software Corporation is a privately-held company, founded in 1995 by a group of engineers with a shared vision for providing superior graphical user interfaces. We have grown to become a world-class supplier of interactive diagram components and class libraries across a variety of platforms. We are a company created by engineers for engineers. We pride ourselves on quality software design and excellent developer-to-developer technical support.",2012-10-22T18:16:51Z,,,278982,2800,23,https://yt3.ggpht.com/ytc/AIdro_nqMZzCjdKd0yFAdtOozzk7DFIj9NQEhOTp0pdX7PMCHw=s800-c-k-c0x00ffffff-no-rj,html5|canvas|javascript|library|diagrams|flowcharts|workflow|bpmn|mindmap|graphs,"Knowledge|Technology|Lifestyle (parent topic)"
52,UCldyi11QYNXYXiLjVbyw5dA,"CodeHelp - by Babbar","Description Hi Guys, This Channel aims to provide with Curated Education to Students who want to grow, improve, learn and do something Big in their life. So, Learn the Curated Stuff and also show your friends and Juniors the Right Path. Contribute in making a community that is Self-Sustainable. To the Point, Short and Practical - These 3 terms defines our Content",2020-01-07T18:32:03.549544Z,,IN,100507694,790000,369,https://yt3.ggpht.com/st0tjHROqHEs6scfJ0ZVyMPP1_bh18WJ7l4zAjR4yRf-9sX-eFz2heChzXkiF2TL2tyo2fj_mg=s800-c-k-c0x00ffffff-no-rj,"Love Babbar","Technology|Knowledge|Lifestyle (parent topic)"
53,UCW0eJJ8gq___MoGcpKsxDTA,"Javascript Games",,2019-04-08T11:03:08Z,,BR,13805,174,42,https://yt3.ggpht.com/ytc/AIdro_kS3tsPR-d3wV0MxK9NDD91ssSIt21-bdXjfLveJveAZA=s800-c-k-c0x00ffffff-no-rj,"Javascript|Curso|Básico|Iniciante|Aula|Programação|Curso Javascript|Curso Básico de Javascript|Aula de Javascript|Programação Básica|Programação Iniciante|Programar sozinho|Aprenda a programar sozinho","Lifestyle (parent topic)|Knowledge|Technology"
54,UCYvRIDurwFGTXONz2FQR7Vw,"The JavaScript Way","The JavaScript channel where Junior Web Developers can learn a bit more about the JavaScript tools used both in front-end & back-end development. Help me to improve my channel: https://ko-fi.com/thejavascriptway ",2023-03-23T08:02:57.50536Z,,PT,111011,1230,65,https://yt3.ggpht.com/baIQpUC3L-5ZEvzFySmccaw0bh66Dz-CfN32hdJ3rC9Bh_1HWIfdZuPF2sW4nE_-VZBjztPqaVo=s800-c-k-c0x00ffffff-no-rj,"next-js|chakra-ui-tutorials|tailwind-css-tutorials|javascript tutorials for beginners|react js|web development for beginners|responsive websites|nextjs 14|nextjs seo|nextjs clerk auth","Knowledge|Technology|Lifestyle (parent topic)"
55,UCbVHxZH1jyO_ZUrdvP4msgg,"JavaScript Drama Club","Want to learn JavaScript and have a blast doing it? Join the JavaScript Drama Club! We offer engaging tutorials, coding challenges, and a supportive community. Subscribe now and let's code together!",2024-08-04T16:06:02.179739Z,,IN,2029,133,20,https://yt3.ggpht.com/Q97Dh9oyCSawUvawYEsNLAVbWPcS2lLwf-LewiO3KGE1fRKmf4KgWodWtIXZccgUy9xR57pf=s800-c-k-c0x00ffffff-no-rj,"Coding|ES5|ES6|Youtube|Frontend|Javascript|Backend|Fullstack|Advanced JS|Javascript in Telugu|Javascript Drama Club|Web Development|Web Development in Telugu|Coding in Telugu","Lifestyle (parent topic)|Knowledge|Technology"
56,UCiCak8qN5ffde0sKT63RkLw,"Sanat's Javascript Mastermind",,2023-06-06T05:00:44.459873Z,,IN,15264,432,140,https://yt3.ggpht.com/_s9hQOMLo66coYFXMNrFNDkis8DSTJ3o7A-1DV0jA6tXFo1_yVCno2m3DDItwa4TVsrQtbpG2BE=s800-c-k-c0x00ffffff-no-rj,,"Technology|Knowledge|Lifestyle (parent topic)"
57,UCTBGXCJHORQjivtgtMsmkAQ,"Steve Griffith - Prof3ssorSt3v3","The videos on this channel are largely about web design & development with a good dose of mobile development thrown in just for fun. I started doing web development back in 1997. My current day job is Coordinator of the Mobile Application Design & Development Program at Algonquin College in Ottawa, Canada. http://www.algonquincollege.com/mediaanddesign/program/mobile-application-design-and-development/ I hope that these videos help people learn to love JavaScript as much as I do. For best results it has been shown that watching tutorials at 1.5 speed helps to improve both understanding and retention.",2013-09-16T18:30:43Z,,CA,13994490,105000,935,https://yt3.ggpht.com/ir8U3eSuOwEa-9d4tE3l-61u4pttVRz9Wbm-dJ3kw9ivOUVz6rylK7IFgwOFoTsPVlzJkTTUi1A=s800-c-k-c0x00ffffff-no-rj,"Web|Mobile|Design|Development|JavaScript|SteveFlix|ProfessorSteve|Prof3ssorSt3v3|Cordova|React|Android|HTML|CSS|MySQL|NodeJS|Node|PHP|Vue|Angular|iOS|Express|VueJS|ReactJS|PWA|SPA|Steve Flix|React Native|mobile first|responsive design|responsive web|progressive web app|professor steve","Knowledge|Technology|Lifestyle (parent topic)"
58,UCspAVjkY-pmtsBs56eGwpsw,"Vaishnavi Srivastava","Let's learn, code, and grow together. For collaboration : svaishnavi908@gmail.com ",2023-10-06T11:32:37.469214Z,,,115690,2870,51,https://yt3.ggpht.com/vKuqP8N_7ChrWBLOvv6KitEbuoGw2Ht2S6Ck-yRKIwbCwIUNfVLwn1ANR4tUnqXcAqJKO49y8w=s800-c-k-c0x00ffffff-no-rj,,"Lifestyle (parent topic)|Knowledge|Technology"
59,UCw3LzfWsv-xXTFI6Q4Y4SwQ,"Tech with Nader","Hey everyone! 👋🏽 I love technology and programming a little too much. I hope to share that passion with all of you through this channel via tutorials, interviews, podcasts and shorts related to all types of technology. To start, most of the content will revolve around programming topics such as: - Learning to code 💻 - Javascript 📜 - Python 🐍 - Full-Stack web development 🚀 - Interviews 👩🏽‍💼 ",2022-09-15T00:41:46.486633Z,,CA,989636,14100,152,https://yt3.ggpht.com/5B0OCcHr9dCze9wWN3aNLGI72j_E7ydM0q5Lv0_w82m2hYKZCr7Rxw8fN3SgvN_4T9fcDKvKdQ=s800-c-k-c0x00ffffff-no-rj,"javascript|coding|devops|databases|react|reactjs|nodejs|node|typescript|python|learn javascript|learn coding|learn programming|computer programming|web development|full stack|front end|back end|computer science|software engineering|software development|cloud computing|learn js|learn react|learn node|learn nodejs|web developer|software developer|technical interview|coding practice|javascript practice|javascript exercises|learn python|system design","Technology|Knowledge|Lifestyle (parent topic)"
60,UCoaix_CcU6Wi4fZOCzXAZLQ,"Ibrahim Khan","This channel is all about Education, Modern Technology, Mathematics, and Modern Web & App Development. Specially for those learning from Saylani Mass IT Training (SMIT). Here you will find JavaScript tutorials from basics to advanced ES6+ concepts, along with Frontend and Backend development. You will also get educational videos on Math, Science, Programming, and Modern Web Technologies like HTML, CSS, TailwindCSS, JavaScript, React.js, Node.js, Express, MongoDB, and much more practical knowledge. Learn coding with real concepts, patterns, and projects. Subscribe for more educational and development videos. #ibrahimkhan #smit #javascript #es6 #webdevelopment #saylani #frontend #backend #ibrahinmaths ",2020-07-02T12:02:07.529786Z,,PK,96192,1940,292,https://yt3.ggpht.com/nUoGt9ABSsU1mDuhr_IqWdBeKj03JtEIEKfkAVxbapmsxHOqgE4GHSxaCHulQ1spAtBg_ACD=s800-c-k-c0x00ffffff-no-rj,"technology|mathematics|Ibrahim Maths|new maths book class 10 sindh board|maths lecture|class 9 maths|class 8 maths|trigonometry formulas|maths class 10|class 11 maths|math solution|solutions math solver online|ibrahim khan smit|ibrahim khan javascript|smit trainer ibrahim khan|modern app development|saylani it training|ibrahim khan saylani|ibrahim smit web developer|saylani ibrahim khan|smit modern web dev|smit modern web and app ibrahim khan","Technology|Knowledge|Lifestyle (parent topic)"
61,UCGI37m2jth7Fx1i1GyihGKw,"San Diego JavaScript Community","We're a 2000+ member strong community full of some amazing people who love San Diego. Sandiego.js was started in 2011 by Patrick Crowley and Kevin Ball and has grown at a fast pace since its inception. Zeeto, Dev Bootcamp and Zesty.io are our gracious hosts. If anyone is interested in setting up new topic-focused meetups, please let us know via a github issue, email, or by poking us on the shoulder at any meetup. http://sandiegojs.org https://github.com/sandiegojs",2013-04-16T18:29:42Z,,,9034,77,69,https://yt3.ggpht.com/ytc/AIdro_k0fOERZBDZohkN9JI_VqA8a6Ls11t_oAE1-tju9sU6Iw=s800-c-k-c0x00ffffff-no-rj,,"Technology|Knowledge|Lifestyle (parent topic)"
62,UCZ9Wq5uBtG3zDrNx0ztXhDQ,"Давай Попробуем: JavaScript","Коротко и ясно про Web-разработку для новичков. Мой Instagram: https://www.instagram.com/roman__tymoshchuk/ ",2013-08-02T13:53:57Z,,UA,1700375,23500,94,https://yt3.ggpht.com/ytc/AIdro_lZC3WVsjQNTOpP6z4H22Rl6s93CQt5ewFp6Be_y7_C_D0=s800-c-k-c0x00ffffff-no-rj,"js|web|javascript|develoring|разработка|react|html|css|front-end|верстка|анимация|animation|vue|фронтенд|реакт|ангуляр|it|google|youtube|apple|gsap|freelance|фриланс|freelancer|фрилансер|айти|upwork|апворк|программирование|frontend|backend|fullstack|html верстка|верстка сайта|войти в айти|айти как начать|фриланс как начать","Knowledge|Technology|Lifestyle (parent topic)"
63,UCruCfN8Vl393WbDA7UkbSjA,"JavaScript Br",,2019-01-15T23:57:05Z,,,461,61,15,https://yt3.ggpht.com/ytc/AIdro_lzFtush6KAotX_47uA7V61SGlK5fT67-_Ts-6jm1fElxQ=s800-c-k-c0x00ffffff-no-rj,,"Technology|Knowledge|Lifestyle (parent topic)"
64,UCWAfQAy2FJH92ivjlIQFx0A,"PDF Form JavaScript","This channel is dedicated for helping freelancers/individual/professionals with PDF Form JavaScripts whether it be for Adobe Acrobat Pro or Adobe Livecycle (now AEM). You can become a patron and support us at : https://www.patreon.com/pdfformjavascript Also you can join our Facebook Q & A Group: https://www.facebook.com/groups/pdfformjavascript ",2012-02-13T12:23:24Z,,IN,396213,1720,95,https://yt3.ggpht.com/GMzVC1CYDNRPIacqbYLgGUsjS1qWEoOE6pJonxWQLcwJTPE8HSvUqZtDAE0u-VWTtDPhppKj=s800-c-k-c0x00ffffff-no-rj,"JavaScript|Livecycle|PDF Form|PDF Interactive Form|Adobe Acrobat FIllable Form|Adobe Forms|PDF Form Script|PDF Form JavaScript|Adobe Acrobat Form|PDF Editable form|AEM Form|Designer Form|Pdf script|pdf javascript|editable from|how to make pdf form|make pdf form","Technology|Knowledge|Lifestyle (parent topic)"
65,UCHOct5XImFZ3DKSnbdqeZDw,"Ana no País do Javascript","Oi! Esse será o meu ""caderno"" no qual vou incluir o que eu estiver estudando. Meus vídeos de ""study with me"" serão um pouco diferentes. Invés de mostrar um cenário bacana e estético (que não tenho) e a minha cara estudando (que não vou mostrar mesmo hehe), vou mostrar exatamente o que estou estudando, diretamente da tela do meu computador. É uma forma de documentar o que estou aprendendo, mas estará disponível para quem se interessar e estiver nessa jornada de estudar Javascript também.",2021-03-28T12:29:39.733249Z,,BR,411,17,19,https://yt3.ggpht.com/ytc/AIdro_lp8cCmTjQrJjEUbv7WaHaqLB8iduXNAJX2CSDpoVjj1g=s800-c-k-c0x00ffffff-no-rj,,"Technology|Knowledge|Lifestyle (parent topic)"
66,UC7hS50rKA62YY2P6Yqj1jeg,"Web Development: HTML, CSS, and Javascript","For hundreds of shorts on web development search for ""shorts John Sweeney HTML, CSS, Javascript."" That playlist is at https://www.youtube.com/playlist?list=PLEAZKu-Cicr9MgmYng-KhMU-4VlSldd_p",2012-11-28T02:57:11Z,,US,188484,403,718,https://yt3.ggpht.com/dSi-ue_oz2fc4serOzGkZJQpQPlxJ_kwrNmL2exNc64oA7cZMz2asXXT2tvp5FbYSk0-zw1kMyk=s800-c-k-c0x00ffffff-no-rj,"HTML CSS javascript","Lifestyle (parent topic)|Technology|Knowledge"
67,UCv9bWHC0DIn-Xb7ALNoOGWQ,w3schools.com,"Learn coding and become a web developer for free with W3Schools.com",2014-08-26T07:53:20Z,,NO,16820953,467000,362,https://yt3.ggpht.com/Jzh-VfliIJvWX-jBOFRXfCUpDdhInOokGZQshKlET4H-u1OLl_80GY-2wwe8gvQwFoSzeeYzNg=s800-c-k-c0x00ffffff-no-rj,W3Schools|Education|IT|coding|WebDevelopment|HTML|CSS|SQL|Python,"Technology|Knowledge|Lifestyle (parent topic)"
68,UChcK6lTdP5xZCrK8a79ID8w,"CS World Telugu","👋 I'm Swathi Mothukuri, Software Engineer. This channel is my attempt to teach computer science technologies in an easy-to-understand manner in Telugu. I share knowledge on various programming languages and technologies which includes: - HTML - CSS - JavaScript - Angular - React JS - Node JS - Python - Git - Databases ... many more will come. ",2021-08-21T04:07:34.402919Z,,IN,9736705,65900,995,https://yt3.ggpht.com/8zuEzYzhj5yO1NHW6BFgckkNgBcVdTCAPmN12RQ5YWiGD6zvhNuS39L-aKalMcQh4MMKfMPDVg=s800-c-k-c0x00ffffff-no-rj,"python|angular|learn coding in telugu|learn python in telugu|python course for beginners|web development full course|python tutorials for beginners|html tutorials for beginners|html crash course|css tutorials|java script tutorials|learn javascript in telugu|how to start web development|python interview questions|node js in telugu|express js|react js in telugu|javascript interview questions|react js for beginners|angular tutorials in telugu|cs world","Technology|Knowledge|Lifestyle (parent topic)"
69,UCkUWDKByhIbPVzu1H47cVow,"7urtle JavaScript","Programming in JavaScript with focus on functional programming and @7urtle libraries.",2021-06-10T04:09:55.536044Z,,,126322,721,17,https://yt3.ggpht.com/uplMg5cqu_2_h2RSb8ecraL4k6buZUYQeVibWvDLY1cGiG5mP7ItRmrG_vN9Eg0QZSUwS0WJ=s800-c-k-c0x00ffffff-no-rj,,"Knowledge|Technology|Lifestyle (parent topic)"
70,UCcrVLou4c_oW1YZTfWj2tIA,"JavaScript Domination","Welcome to the ultimate hub for JavaScript developers, learners, and creators who want to go from beginner to advanced and truly master modern JavaScript. On this channel, you’ll learn everything from: ✅ JavaScript basics — variables, functions, arrays, loops ✅ Advanced JavaScript — closures, promises, async/await, event loop ✅ Modern ES6+ features — arrow functions, modules, destructuring, spread/rest ✅ DOM manipulation & Browser APIs ✅ JavaScript projects to sharpen your coding skills ✅ Best practices for frontend & full-stack development Whether you’re preparing for coding interviews, building real-world web apps, or simply leveling up your coding game — this is the space to code smarter, not harder. 💡 Subscribe now and start your journey to becoming a JavaScript pro who can confidently build the modern web. #javascript #learnjavascript #webdevelopment #coding #frontend #fullstack ",2024-08-30T13:11:38.284598Z,,IN,1325,14,8,https://yt3.ggpht.com/tKn1HCuEsMg3kmfTlnnwH51m6kM_pZGse4GzrCmyYYlPyvZhjYT5DKggXZYv5Jj2pPXiN7LygvI=s800-c-k-c0x00ffffff-no-rj,,"Lifestyle (parent topic)|Technology|Knowledge"
71,UC8yKDGK6LYJJ6O6O712WKWg,"javascript ",,2025-04-30T18:42:16.634186Z,,,63,16,3,https://yt3.ggpht.com/LoUNj-yeJrP01I-I6bnU5spd3n9jVN7bv5wzHbulz1O2YNCl_wKB6GRIDLvLsMYH4y86ZGI6Mg=s800-c-k-c0x00ffffff-no-rj,,"Electronic music|Music (parent topic)|Pop music"
72,UCTyA9nEnigI0bzckvdZqS4w,"Learn with W3Schools","🚀 Welcome to Learn with w3Schools - Your Ultimate Coding Companion! 🚀 🌐 In this channel I will be teaching you web development, Flutter, Android and programming with our step-by-step tutorials brought to you by the Learn with w3Schools channel! Whether you're a beginner or an experienced coder, we've got you covered with in-depth lessons on HTML, CSS, JavaScript, Bootstrap, jQuery, Node.js, React, Python, Java, and more.📚 ✨Key Focus Areas:🚀 💻HTML & CSS: 💻JavaScript: 💻Bootstrap: 💻jQuery: 💻Node.js & React: 💻Python & Java: 🎓 Why Learn with Us? Best Coding Tutorials Using W3Schools as Reference notes Website Hands-On Learning: Practical examples and real-world projects. Website: codewithdrzeeshanbhatti.com 🔗 Connect with Us: 👉 Subscribe: https://www.youtube.com/@LearnwithW3Schools 👉TikTok : https://www.tiktok.com/@learnwithw3schools 👉Instagram: https://www.instagram.com/@learnwithw3schools/ #w3schools #LearnWithw3Schools #CodingTutorials #WebDevelopment #Programming101 ",2023-11-29T03:54:31.830352Z,,US,460535,15000,373,https://yt3.ggpht.com/nmDWlvN7tJiZmqZ5uoaSfRTsveM1aI_KaNuga9kaFR_DX-q0EVU-0zo8xROfcYax4chJrGn3=s800-c-k-c0x00ffffff-no-rj,"W3Schools|javascript|w3schools.com|programming|C#|Learn with W3Schools|W3Schools Tutorials|W3Schools html|w3schools html tutorial|w3schools css|w3schools python|web development|code with mosh|html coding 101|coding 101|learn with w3schools|html for beginners|html tutorial|learn html|learn coding|html and css|javascript 101|javascript for beginners|javascript full course|C# in 10 days|C# full course|wrschools C# tutorial|java tutorial","Lifestyle (parent topic)|Knowledge|Technology"
73,UCPaVy8A6uhrKT4S6bU6Z8RQ,"Programming Shikhbo","Welcome to ""Programming Shikhbo"" YouTube channel. On this channel, you'll find high-quality tutorials on Programming, Web Development, and Freelancing, all presented in Bangla. Whether you're a beginner looking to start your coding journey or an experienced developer looking to expand your skills, this channel has something for you. We cover topics like React, JavaScript, Tailwind CSS, CSS, Bootstrap, Git & GitHub, HTML and other essential tools for modern web development. Subscribe and join us as we dive deep into the world of programming, with easy-to-follow, step-by-step tutorials designed to help you build your projects and enhance your coding skills. ",2020-11-30T04:52:52.56384Z,bn,BD,1144340,11200,515,https://yt3.ggpht.com/xSSuMGWViob1cYJR6D1xBk2aOpWI7uQ4_Y7oaroAWj1vkBSbolfdZ-nBYiKCWQhp3LmyK4FReCI=s800-c-k-c0x00ffffff-no-rj,"Fiverr|HTML|css|javascript|python|react|web|freelancing|html|bootstrap|tutorial|css3|html5|react.js|technology|education|programming shikhbo|node js|web design|web development|javascript ES6|MERN Stack|how to|bangla tutorial","Lifestyle (parent topic)|Knowledge|Technology"
74,UC3N9i_KvKZYP4F84FPIzgPQ,"Akshay Saini","Namaste, I'm Akshay Saini, mentor and founder at Namaste Dev. I have worked as a Software Developer for big companies like Uber & Paytm. I've 10+ years of coding experience, and now I've left my job to pursue my passion for teaching full time. In this channel, you will find content for Interview preparation, Tech Tutorials, and my Tips and Tricks to advance with your career. You will find useful videos about Frontend Interview Tips, My Interview Experiences, and core concepts of Javascript. My videos have reached over 1.2M subscribers and I have trained over 100K students globally. If you are a frontend enthusiast, I welcome you to join our Tech community at Namastedev.com Hope this channel adds value to your frontend journey! Cheers, Akshay Saini Would love to connect with you, LinkedIn - https://www.linkedin.com/in/akshaymarch7 Instagram - https://www.instagram.com/akshaymarch7 Twitter - https://twitter.com/akshaymarch7 Facebook - https://www.facebook.com/akshaymarch7 ",2019-01-31T03:06:23Z,,IN,55309910,2090000,174,https://yt3.ggpht.com/ytc/AIdro_md2CfeGP7cDguRmrpRdM3a1r_gOniMzennD6141VLFw70=s800-c-k-c0x00ffffff-no-rj,"javascript|frontend|akshaysaini.in|javascript tutorials|javascript interview questions|frontend interview questions|frontend tutorials|web developer interview questions|akshays saini javascript|akshay saini uber|akshay saini web engineer|akshay saini frontend developer","Lifestyle (parent topic)|Technology|Knowledge"
75,UCkpdAU1vfhOKb5SvKfKNzUQ,"Teacher Trek","Welcome to Teacher Trek (My First Video was uploaded at 16 June 2025) — a free education platform on a journey through the fascinating world of programming concepts. Whether you’re a student looking for extra help, a curious mind exploring new topics, or someone striving to strengthen coding skills, you’re in the right place What Teacher Trek Does: Breaks down complex concepts like HTML, CSS, JavaScript, DOM manipulation, React, DSA, algorithms, and interview prep into clear, easy-to-follow tutorials Offers 100% free learning, hands-on projects, coding challenges and articles to help you build a strong portfolio teachertrek.in Why Subscribe: Learn at your own pace, with no cost barriers Access a growing library of structured, beginner-to-advanced content Gain confidence for interviews and real-world coding tasks Join a supportive learning community ready to explore programming together Join us on Teacher Trek and make programming accessible, enjoyable, and easy to understand! ",2021-01-19T02:46:48.252805Z,,IN,4496,1850,112,https://yt3.ggpht.com/JWmU3pu2zBgs9upNPNAeqBDOoxxAEaLkw4JPLbuvGVRgYwnQvJvrXnrkhVcho4NWHyZTLUAsLw=s800-c-k-c0x00ffffff-no-rj,"Coding|Coding|Javascripishere|JavaScript|bestjavascript|bestjavascriptonyoutube|Learn JavaScript|Master JavaScript|Learn Frontend|Master Frontend|JavaScript Pro|Best JavaScript Tutorial|JavaScript Tutorial|JavaScript From Beginner To Advance|Frontend From Beginner To Advance|JavaScript Tutorial In Hindi|CSS Tutorial In Hindi|Master JavaScript In Hindi|Best JavaScript Course On YouTube|Coding Using JavaScript In Hindi|JavaScript Logic Building|JavaScript Is Here","Technology|Knowledge|Lifestyle (parent topic)"
76,UCaotSkI149hlHe_H6GDCJzA,Jozi.JS,"JavaScript has become one of the most popular and widely used programming language in the world. In a large part, this is due to the amazing community and eco-system around the language. Jozi.JS exists to try and foster a community in Johannesburg, a meetup group dedicated to all things JavaScript! The group meets on the third Thursday of the month from 18:30 to about 20:30. There are typically two speakers, on different topics: a ‘lightning talk’ of 15 minutes and a full presentation of 45 minutes. https://www.meetup.com/Jozi-JS",2017-08-27T09:15:18Z,,ZA,5116,203,60,https://yt3.ggpht.com/ytc/AIdro_k5L3kOxDM0zMg2Y7LFr8TAH_TXm1NABJmevp4EM6nx5Q=s800-c-k-c0x00ffffff-no-rj,JavaScript,"Lifestyle (parent topic)|Technology|Knowledge"
77,UCOV4mgyCDS4aB_Tb9OU88VA,"Just For Code","CodeCrafters: Unleashing the Power of Programming Started from 10-6-2022. This channel has been created in 2018. But i started my journey on YouTube since 10-06-2022 Welcome to Just For Code, your go-to destination for all things code! Whether you're a beginner looking to learn the basics or an experienced developer seeking advanced techniques, this channel has something for everyone. Join our community to explore tutorials, tips, and tricks on programming languages, web development, software engineering, and more. Let's dive into the world of coding together and unlock the possibilities of technology! keywords HTML CSS BOOTSTRAP Python JavaScript NODEJS REACTJS NEXTJS Java C++ C# PHP Ruby Swift Kotlin Go Programming tutorials Learn to code Coding tips Web development Software engineering Programming languages Code projects Coding for beginners Advanced coding techniques Coding challenges With An EMAIL FOR YOUR SUPPORT AND GUIDE. justforcodeservice@gmail.com ",2018-03-31T01:11:40Z,,IN,537155,5420,1566,https://yt3.ggpht.com/93oF4ihUe_GRrKq-AlT1zM2kU5mzeX3IMjykubhJcNGTfkwjMZONpDvKBEeYT3gEgesfx-pCyA=s800-c-k-c0x00ffffff-no-rj,"hindi|code|coder|just for code|gust for code|for code|hindi explaner code|jst fr cod|Programming tutorials|Learn to code|Coding tips|Web development|Software engineering|Programming languages|Code projects|Coding for beginners|Advanced coding techniques|Coding challenges","Technology|Knowledge|Lifestyle (parent topic)"
78,UCcAHdnv6ketQ_-AtrlKRvUQ,"JS Simplified","👨‍💻 Welcome to JS Simplified, where programming complexities meet straightforward explanations. Led by Nazar Pashazade, our channel is your gateway to mastering JavaScript with ease. Join me as we unravel complex concepts and simplify them into bite-sized, easy-to-understand tutorials. Whether you're a newbie or a seasoned developer. Let's embark on this journey together and make JavaScript learning fun and accessible for all Happy coding! 🚀",2019-09-03T07:05:50Z,,AZ,266021,1780,119,https://yt3.ggpht.com/bLmKDldGM_TVIJWVcU7SyKRvHcpIbc1H2-x4OeUUBkBqPclfLmrJIr9HmsHC5u3cIeAZ830gxg=s800-c-k-c0x00ffffff-no-rj,"javascript|programming|tutorials|typescript|frontend|backend|sql|postgres|interview questions|easy explanation|tyepscript tutorial|career tips|remote jobs|mock interviews|full stack","Lifestyle (parent topic)|Technology|Knowledge"
79,UCGT8sh9T27ZqXjyPdODdP8g,"JavaScript Room","JavaScript Room is a blog about web development. The project started as an Instagram blog and spread to other social media platforms over the time.",2018-01-21T16:42:41Z,,NL,80592,550,33,https://yt3.ggpht.com/ytc/AIdro_kAw3VlFBxpGz9oPpvLVbJmQFodz8FCzTYBUo2KTLyxiSA=s800-c-k-c0x00ffffff-no-rj,javascript|programming|webdevelopment|development|developer|programmer|coding|coder|frontend|webdev,"Lifestyle (parent topic)|Technology|Knowledge"
80,UCaYr5yxgOyk599Mnb3TGh-g,"tapaScript by Tapas Adhikary","Learn Programming fundamentals, Full-stack concepts, and Web Development using JavaScript, ReactJS, Next.js, and its ecosystems. Hello Developers, Welcome to tapaScript 👋. SUBSCRIBE to the channel so that you do not miss the in-depth learning experience. I am your teacher Tapas Adhikary, a developer passionate about UI, UX, Web Development, JavaScript, React, Next.js, Nodejs, Open Source, and FullStack engineering. I have dealt with code and computers since 2000, when I got into Computer Science and Engineering. Since 2004, the last 19 years have been an outstanding journey for me, learning and building production-ready software. I am on YouTube to teach you all I have gathered over these years. My passion for teaching, content creation, and building Open Source communities taught me about building and learning in public. I have been creating written content on my blog ""GreenRoots Blog', FreeCodeCamp, CSS-Tricks, and other publications. Let's GO. SUBSCRIBE and JOIN. ",2007-10-26T17:42:38Z,en,IN,1417940,34800,270,https://yt3.ggpht.com/KQf6tTyo_XyrmfOsmE1rl06qtMaF-zjD7EdrxNHyDv78LnIRbJ_kUvH0qb1gXDLUrIO8AoAR1w=s800-c-k-c0x00ffffff-no-rj,"javascript|reactjs|react|next.js|css|tailwindcss|career|node.js|git|github|HTML|tapaScript|API|GraphQL|database|Programming|Fundamentals|web development|project building|content creation|open source|full stack|interview preparations","Knowledge|Technology|Lifestyle (parent topic)"
81,UCh84012dEUE076wM2CVFN9A,"Erick Wendel","Bem-vindo ao meu canal! Aqui você encontrará tutoriais em vídeo sobre JavaScript avançado. Vou te ensinar sobre o funcionamento interno do Node.js, como a linguagem JavaScript funciona e as novas funcionalidades que estão por vir. Além disso, tenho vídeos sobre minhas experiências como palestrante internacional, onde já ensinei para mais de 100 mil pessoas em mais de 10 países diferentes. A maioria dos meus vídeos são em português brasileiro, mas tenho uma playlist chamada ""Conteúdo em Inglês"" com vídeos que não existem em nenhum outro lugar na internet. Como: recriar o Node.js do zero, usando V8 e libuv e implementando o protocolo WebSocket usando JavaScript. Se você quer se tornar um especialista em programação, usar as tecnologias mais modernas do mercado e triplicar seus ganhos, este é o canal para você! Então inscreva-se agora e não perca nenhuma das minhas dicas exclusivas!",2014-05-31T02:51:18Z,pt,BR,6928158,136000,1013,https://yt3.ggpht.com/cLAE_lJwip-8tMS6Ff1OgJixrKumu56n5cauxsnw5uIMy01SSjCMY6jAdYI6LRsigJTp-boHNBg=s800-c-k-c0x00ffffff-no-rj,"erickwendel|erick|mvpbr|googledevexpert|node.js|aws|programming|expert|earnings|Coding|AWS|hackerzao da zl|node.js developer|tutorial javascript|tutorial nodejs|modern technologies|software development|programming tips|developer skills|programming mastery|technology education.|Erick Wendel|course creation|Javascript Fundamentals|Node.js for beginners|cloud programming|professional development|programming education|programming courses|software development.","Knowledge|Technology|Lifestyle (parent topic)"
82,UCeuekJqfKyWcWcKIwgkDMPQ,"CODE with Sufyan Shaikh","Hello , guys on this channel You Learn about How To Make Projects and programming language Tutorial and Information about New technology . And also sharing experience about tech , programing, about Life and many more. So Guys please subscribe channel. If you read this than you are the member of this family. Please subscribe for more information, coding, programing, tech. etc Please Support To Make Huge Family Keep support Let's go for big ..... Really Thanks for Support and love. Thanks.. For business and Collaboration enquiries : shaikhsufyan1811@gmail.com ",2022-06-18T05:23:28.534949Z,,IN,2517853,13500,1355,https://yt3.ggpht.com/bqwAPAZBBr1tChyRf__2VPR7smLT4gw17vGwB9BSxbzpYiDqM1HcpuYDK5H_H_-YBm-23-56Dg=s800-c-k-c0x00ffffff-no-rj,"Sufyan|Coding|Engineering|Placements|Projects|Courses|html|css|javascript|project|DSA|shaikh|coding|tech|html|css|javascript|tutorial|websites|engineering|college|placement|coding|sufyanshaikh|Sufyan shaikh|SUFYAN SHAIKH|Aman datarwal|Anuj bhaiya|Nishant chahar|code with sufyan|love babbar|easy tutorial|computer science|code instinct|code with sufyan|code with shaikh|how to make website|how to make website using html css|javascript tutorial|javascript project","Lifestyle (parent topic)|Knowledge|Technology"
83,UC0ip5NszcZutEOkHvyEbsJg,"Zerando Javascript","canal de programação voltado à nossa grandíssima linguagem Javascript, falando sobre a sintaxe, algoritmos, estruturas de dados e criação de projetos e indo da programação básica à avançada. se inscreve aí e me ajuda a bater a meta de 10000 inscritos até o fim do ano ",2023-12-30T14:27:49.669065Z,,BR,137,16,4,https://yt3.ggpht.com/-L9tpRvJTTdtnJxgkkMhBEtsk2itS-nqASd_W5tXqHoDB11iEYMZOt1adIiPBRkG6cJJbmvrO0E=s800-c-k-c0x00ffffff-no-rj,"javascript|programação|algoritmos|estruturas de dados|web dev|programção web|zerando javascript|javascript avançado|ciência da computação","Technology|Knowledge|Lifestyle (parent topic)"
84,UCB6dvaWu0N8uVq2yKsZ5s5g,SuperSimpleDev,"Hello I'm Simon Bao! My goal is to help people get into the tech industry! ",2020-08-29T07:24:41.646839Z,,CA,34432216,757000,37,https://yt3.ggpht.com/ytc/AIdro_laf9dDyNATE1_RdVUKthwnwT9TSm9N0my0jL2H8gCvjw=s800-c-k-c0x00ffffff-no-rj,"coding|programming|technology|supersimpledev|supersimple.dev|learntocode|learncoding|learnprogramming|javascript|reactjs|nodejs|full-stack|software education|learn to code|software engineering|web development|learn programming","Knowledge|Technology|Lifestyle (parent topic)"
85,UC7tUsO3S7424TMcgSCUOCow,"JavaScript Chile","Bienvenidos al canal oficial de JavaScript Chile, la comunidad de desarrolladores apasionados por la tecnología y el ecosistema JavaScript. Nos dedicamos a conectar a profesionales y entusiastas de la programación en Chile para compartir conocimientos, experiencias y oportunidades en el mundo del desarrollo web y de aplicaciones. Nuestra misión es fomentar un ambiente de aprendizaje continuo, crecimiento profesional y colaboración en la comunidad de desarrolladores de JavaScript en Chile. Organizamos eventos, talleres, charlas y encuentros para discutir temas de actualidad en el mundo del desarrollo, así como para explorar nuevas tecnologías y herramientas relacionadas con JavaScript. Únete a JavaScript Chile para mantenerte actualizado sobre nuestras actividades y eventos, así como para interactuar con otros miembros de la comunidad, intercambiar ideas y ampliar tu red de contactos profesionales en el ámbito de la tecnología. ",2015-03-30T15:54:26Z,,CL,62262,2290,165,https://yt3.ggpht.com/TNaWeNTHW3dtNVxoAo92rpbucyoq6xTinmwmWdbqASkqAbb78KaHmr9X2HGeI7wwxbHHfAJj=s800-c-k-c0x00ffffff-no-rj,Node.JS|Node|javascript|tutorial|tutoriales|coding|screencast|meetup|noders|tecnología|react|angular|vue,"Technology|Knowledge|Lifestyle (parent topic)"
86,UCKba1Zc3ZFgHHd4pdNUvkjw,"JavaScript for Humans","I'm Bheru Lal Gameti, working as a Full Stack Developer. Apart from that, I create videos on this channel to help people with Interview preparation, Tech Tutorials, and my personal Tips and Tricks to advance their careers. Currently, I am making videos about Frontend Interview Questions and core concepts of JavaScript. Go ahead to the video section and do check out all of them. Cheers, Bheru Lal Gameti Would love to connect with you, LinkedIn - https://www.linkedin.com/in/iambherulal Instagram - https://www.instagram.com/javascriptforhumans/ ",2021-01-27T20:15:06.681707Z,,IN,1922,22,41,https://yt3.ggpht.com/33NllAidmPVa60O4BYKmy1FMFERkJU5eqG6EhUicRLPez_DS17c1Vn78CccycriEJn0tmQA9=s800-c-k-c0x00ffffff-no-rj,,"Lifestyle (parent topic)|Knowledge|Technology"
87,UCLW3Y98e5ywRoTD4C7HdWow,"JavaScript Morocco","This is a place for the Moroccan JavaScript passionate developers who are interested to learn more about JavaScript, share best practices, recommended architectures, new libraries and efficient tools.",2020-05-25T08:11:14.442435Z,,MA,5796,481,6,https://yt3.ggpht.com/Rw5sIiP6RNXw515n7A1LQ5JpCFE2-6fMlUFUa9NpdwWBVjy3CJF-WGd4TZKuca2glnl5n517oSQ=s800-c-k-c0x00ffffff-no-rj,,"Lifestyle (parent topic)|Technology|Knowledge"
88,UClmcDeaz6DrSJ85-E3fY3Pg,"JavaScript DeNoobAPro","Bienvenido a nuestro canal JavaScriptDeNoobAPro, en el que te enseñamos a ti, que eres un novato, a aprovechar nuestro conocimiento de programación y desarrollo web. Aprende con nosotros FrontEnd y BackEnd. Encontrarás videos tutoriales en español de JavaScript, Apis de JavaScript, React Js, HTML, CSS, FlexBox, Firebase... y mucho más, para que puedas aprender por tu cuenta lo que quieras de manera libre y gratuita. ",2020-09-22T16:34:27.957191Z,,ES,352968,7850,96,https://yt3.ggpht.com/ytc/AIdro_ldEsYwkR33fzMWMTIjVQxMCdlUiIvu360pPXatmWxhsbo=s800-c-k-c0x00ffffff-no-rj,"javascript|js|html|css|mongodb|nodejs|firabase|react|reactjs|frontend|backend|desarrolloweb|educacional|programacion|programación|css3|html5|wireframe|javascriptdenoobapro|next.js|diseño web|tutoriales gratis en español|aprender javascript|aprender a programar|aprender desarrollo web|vs code|javascript de noob a pro|aprender javascript desde cero","Knowledge|Technology|Lifestyle (parent topic)"
89,UClNFeG4Smv1G7PIl9YCLkfA,"Nova Designs","Master web development topics in an easy way https://www.buymeacoffee.com/novadesigns https://ko-fi.com/novadesignscreative #novadesigns #webdesign #webdeveloper #websitetips #webdevelopment #webdevelopmentforbeginners #css #html #js #javascript #responsivewebsite #react #reactjs #reactdevelopment #coding #reactjs #reacthooks #tailwindcss #webdevtutorial #programming #coding #frontenddevelopment #backenddev ",2023-11-12T09:37:35.932839Z,,US,1658231,54500,72,https://yt3.ggpht.com/OtO6tCDjPSx4XZKj4AQdI4jXHoaIaKv_UU2Q_3uw4chk3ifTyhMFSBYJaoMjySb-ihS_ILd7Nw=s800-c-k-c0x00ffffff-no-rj,"websites|novadesigns|javascript|html|coding|css|react|web developer|web design|web development|front-end development|nova designs|website template|front-end tutorial|website tutorial|next js","Lifestyle (parent topic)|Technology|Knowledge"
90,UCR9VBZdHH4i5i17VDGfywFw,"JavaScript por exemplo","Aprenda JavaScript com exemplos passo a passo. Vídeos excelentes. Ideal para iniciantes.",2017-01-16T07:23:50Z,,,0,9,1,https://yt3.ggpht.com/JUXaNVcbKNTc9ElqI_2zSsoaSTYeRA-J2_fgXhBmLLvdsMvRXK6vRymQnP0CHGvN0LjKvObvM2s=s800-c-k-c0x00ffffff-no-rj,"Programming|Code|tutorial|java|c#|php|android|javascript|Computer Science",
91,UC29ju8bIPH5as8OGnQzwJyA,"Traversy Media","Traversy Media features the best online web development and programming tutorials for all of the latest web technologies from the building blocks of HTML, CSS & JavaScript to frontend frameworks like React and Vue to backend technologies like Node.js, Python and PHP",2009-10-30T21:33:14Z,,US,228190449,2390000,1017,https://yt3.ggpht.com/ytc/AIdro_mLysKc36lc_FVk2j777olWvLOjgDz6NCNGdiQBnAKRENM=s800-c-k-c0x00ffffff-no-rj,"Programming Tutorials|Web Development Tutorials|Web Development Videos|Web Design Tutorials|Learn Web Design|Learn Programming","Knowledge|Technology|Lifestyle (parent topic)"
92,UC5orLOk0NbEddCdPfDvIuZA,"Relevant Javascript","Only relevant information. Javascript tutorials for beginner and intermediate level web developers. https://www.youtube.com/@relevantjavascript8743?sub_confirmation=1 In this channel you will find easy tutorials and interview questions related to javascript. ",2021-06-18T09:41:26.741621Z,,IN,37705,380,57,https://yt3.ggpht.com/NiPleh7qUW-n86LOel1hAw1wCwVg6qz8LjeUFlcBQVCLcgUM89dPgbJzzS_vovYZ_BnMCg5llQ=s800-c-k-c0x00ffffff-no-rj,"viralshorts|shorts|short|Javascript tutorials|Javascript for beginners|latest javascript tutorials|new javascript tutorials|learn js|JavaScript DOM Manipulation|The ultimate JavaScript interview guide|js tutorials|relevant js|relevant javascript|javascript interview questions|javascript tutorials with english subtitles|javascript tutorials in english","Lifestyle (parent topic)|Knowledge|Technology"
93,UCoOajN1o9uLi1sEHoTpIbUg,"JavaScript Jam",,2021-03-11T00:26:56.73348Z,,US,201984,912,61,https://yt3.ggpht.com/ytc/AIdro_mAhEeG3jrkn8klwn2H7YB5ILURkp0EcfQ2M9pzOV9zpg=s800-c-k-c0x00ffffff-no-rj,"JavaScript|Jamstack|Developer|Front End Development","Technology|Knowledge|Lifestyle (parent topic)"
94,UCRzLTOpPAKPenQR4mYQJj5g,"Homem Javascript","Aqui você encontrará uma combinação perfeita de vídeos técnicos e opiniões especializadas sobre o fascinante mundo da programação. Acredito firmemente na filosofia de aprender ensinando, e estou empolgado em compartilhar meus conhecimentos e insights com vocês. Prepare-se para mergulhar em tutoriais práticos, dicas valiosas e discussões envolventes, tudo com o objetivo de aprimorar suas(e minhas) habilidades de programação, afim de impulsionar nosso crescimento profissional. Junte-se a mim nessa jornada de aprendizado e descoberta! ",2023-05-15T12:59:20.253924Z,,,4721,228,2,https://yt3.ggpht.com/CGm2aPHwe9zOv-VtaNuOGWN6iJCInXJOxlh-JJAzFMsQqp5cXQwQlf52HcAP9YQHdOP0eG9YGw=s800-c-k-c0x00ffffff-no-rj,,"Knowledge|Technology|Lifestyle (parent topic)"
95,UCuWZvXIeoDzZKCzpTuC5krQ,"Sangam Mukherjee","Sangam Mukherjee is an Indian software developer, YouTube educator, and founder of AceDevHub — a platform teaching full-stack web development and DevOps. He also works as a Senior Engineer (L5) at Target and has over 7.5 years of experience building scalable, performant web applications. 🌐 Website: https://acedevhub.com 💼 LinkedIn: https://www.linkedin.com/in/sangam-mukherjee-400488134/ 📸 Instagram: https://www.instagram.com/sangam_mukherjee/ 💻 GitHub: https://github.com/sangammukherjee1996 ",2022-03-27T00:12:05.758371Z,,IN,3917816,80200,68,https://yt3.ggpht.com/yFwmPvl5nisVdhoWqbxCZpVRlUTjyJQv43Lvmmq0kG1MWpGzOvOKYWKouJZkvQLdGp9RmtNpfQ=s800-c-k-c0x00ffffff-no-rj,,"Knowledge|Technology|Lifestyle (parent topic)"
96,UClQ4o8ekS-GSbhjDAB4313Q,"Suraj Jha","Welcome to the channel where code meets clarity. My name is Suraj, and here you’ll find in-depth tutorials, insightful breakdowns, and hands-on projects in web development, tech, and artificial intelligence. Whether you’re a beginner starting your programming journey or an experienced developer looking to explore modern stacks and AI tools, this channel is designed to make every concept easy to grasp and simple to apply. I believe in a minimalist, purposeful approach cutting out the jargon so you focus on real learning and practical skills. Expect long-form content covering: - Modern web frameworks and libraries (Next.js, React, JavaScript) - Fullstack development best practices - Building and deploying real-world projects My mission is to empower you to build, create, and innovate in today’s fast-evolving tech landscape. Subscribe for clean code, honest tutorials, and a thoughtful approach to tech always direct, always Suraj ",2024-10-21T09:05:16.044266Z,,,227504,8650,50,https://yt3.ggpht.com/lXfswcRbO880tJOSl6DBlqPAmQrM8uFXWYs1vStCWqdyHR-89lsyQhfBaxcX6z7Zyoa9QJ5ZeA=s800-c-k-c0x00ffffff-no-rj,,"Lifestyle (parent topic)|Technology|Knowledge"
97,UC6dlZqAiqHvvHbXCsIr1Jig,"Thorabh Codes","Full Stack Developer - Part Time Gamer Hello there! I am a corporate trainer and programmer with years of experience in the tech industry. I have a passion for helping others learn and develop their skills in programming, software development, and related fields. As a trainer, I specialize in creating tailored learning programs that meet the needs of individuals and teams. I understand that everyone has different learning styles and needs, and I strive to make my training sessions engaging and interactive to maximize knowledge retention. As a programmer, I have worked on a variety of projects and have experience with various programming languages such as Javascript, Python, & Java and their frameworks and tech stacks Thank you for taking the time to read my introduction, and I look forward to training and learning with you! Instagram : https://instagram.com/saurabhgupta8?utm_medium=copy_link Telegram Group : https://t.me/+KrO6RjF2lhc1Yzll ",2017-02-26T10:37:26Z,,IN,243536,5480,77,https://yt3.ggpht.com/W0pXIdKezQBXxD8Y7kcwidlEqhdTYj2Kn9LxMVfs8X2MesJAUl55qqRF6x4PCJ219PtXfc0yl3A=s800-c-k-c0x00ffffff-no-rj,,"Technology|Knowledge|Lifestyle (parent topic)"
98,UCz4LNOw6U7ncyOSx73u_YMQ,"JavaScript & Friends","JavaScript and Friends is a not-for-profit 501(c)(3) organization, supported by a team of volunteers. We are all active or aspiring software professionals, and we are excited to bring together a diverse group of JavaScript enthusiasts and friends to learn and network. We want to contribute to the cultivation of a welcoming, inclusive, and dynamic tech scene throughout the Midwestern United States, and beyond. JavaScript and Friends will organize software conference , user group meetups and other educational events which would promote aspiring students to consider software programming as career and provide a medium for experienced software developers in the region to be current and updated with latest technology advancements in the fields around JavaScript. For updates subscribe to our mailing list : http://eepurl.com/gubqeb",2019-08-27T15:44:58Z,,US,22309,431,88,https://yt3.ggpht.com/ytc/AIdro_kSp9w5Yj9KZd-ai8LfXUy2ke3ceWBR1IqcCYkk0ydg6w=s800-c-k-c0x00ffffff-no-rj,"JavaScript|Angular|VueJS|React|Conference|CodeNewbie|Web Development","Lifestyle (parent topic)|Knowledge|Technology"
99,UCSQ4J7x0kINUXfcu34W4YOA,"Kostia Bazrov-WORK (JavaScript)","Всем привет! ПАГНАЛЕЕЕЕЕЕЕЕЕЕЕЕЕЕЕЕЕЕЕ !!!!!!!!!!!!",2010-10-16T23:50:25Z,,US,541283,3510,273,https://yt3.ggpht.com/ytc/AIdro_lPa34917mZvfdWOHLT5CLF8hkMKyLBe01l81FVqfV_YTmI=s800-c-k-c0x00ffffff-no-rj,imacros|javascript|js|vue|kostia7alania|vuejs|frontend|javamentor|hexlet|coursehunter,"Lifestyle (parent topic)|Knowledge|Technology"
100,UCaB0ljfhktjY5CZpVErTVJg,"Practice JavaScript ","JavaScript is only hard when you don’t build real-world projects. In this channel, I will walk you through the journey of practicing the language. It will cover more than 100 JavaScript projects. You will also actively access coding challenges, multiple-choice questions and quizzes on my website. HTML, CSS and JavaScript go together – therefore, this is a chance to sharpen your skills on how to structure and style. Practice JavaScript (a project-based learning channel) will help you to learn and understand the language from the beginner, intermediate, to expert level. Tune in, break projects into smaller tasks, complete them step-by-step, and perfect your skills the easy way. Be a Problem Solver in this technological age. 🔔 Subscribe - to be the first one to access my JavaScript project tutorials. -------------------------------------------------------------------- Channel Milestone September 05, 2023 - 1st video, 0 subs, 0 views ",2023-09-01T06:12:22.428786Z,,,791,11,9,https://yt3.ggpht.com/rktbvBr2Ir4HzFYLv7_wmCFLjLtUMVILuhTodJcw1N64PyK4OUTEaH-AVV-u2E1cgH0MMeK3Wg=s800-c-k-c0x00ffffff-no-rj,,"Knowledge|Technology|Lifestyle (parent topic)"
101,UCIPZVAwDGa-A4ZJxCBvXRuQ,RoadsideCoder,"Interview Preparation, Web Development and Competitive Programming / Coding Tutorials. ",2020-06-25T07:47:58.963154Z,,IN,18328261,167000,477,https://yt3.ggpht.com/yombgclSKeuwDBzfGYtEN12w8o91pE5n4AT0kX4a8VYmUCaeXqMGnMQ7aU0553bEBjKcDYHX=s800-c-k-c0x00ffffff-no-rj,"react js|web development|react js projects|javascript tutorials|react js tutorials|web development tutorials|css tutorials","Technology|Knowledge|Lifestyle (parent topic)"
102,UCUv1y2drIqzmzzEk73ZcpgA,"CU JavaScript","Channel for recordings of the Champaign-Urbana JavaScript meetup (Illinois, USA). Find us on MeetUp at https://www.meetup.com/C-U-JavaScript",2018-11-12T17:12:09Z,,,4802,24,37,https://yt3.ggpht.com/ytc/AIdro_ng_cpwQyZ8eemv3kiI8GRXyQcQ8VIRr7qYPnsk5gtMiQ=s800-c-k-c0x00ffffff-no-rj,,"Lifestyle (parent topic)|Technology|Knowledge"
103,UCWEPDt7xYWqzmyO21xDsx2g,"İstanbul JavaScript Topluluğu","İstanbul JavaScript Topluluğu, JavaScript topluluğunun gelişimine katkıda bulunmayı hedefleyen bir organizasyondur. İstanbul JavaScript Topluluğu olarak, bilgi ve deneyimlerimizi paylaşma fırsatı sunarak JavaScript dünyasının gelişimine katkıda bulunmayı hedefliyoruz. ",2023-12-11T16:05:10.7184Z,,TR,32227,1310,41,https://yt3.ggpht.com/mICHDYkTPn13FXEH_JyuQroxxlFPvKN0kzlVi8UZPBv-0uTQyKiBEhE7HxaDNKyrmqkrJS4KbQ=s800-c-k-c0x00ffffff-no-rj,,"Technology|Knowledge|Lifestyle (parent topic)"
104,UCFGNHkHzf3hXXtSS3fzCEAg,"Praveen Classes","👋 Hi Everyone! I’m pleased to introduce myself as a professional trainer in technologies like JavaScript, ReactJS, Angular, Node.js, Express.js, MongoDB, PostgreSQL, GraphQL, Git, GitHub, Tailwind CSS, Bootstrap, and Redux Toolkit. At Edupoly, we offer complete software development training including Frontend, Backend, Testing, and AWS/DevOps, all led by top industry professionals. 💼 With 50+ company tie-ups, we provide internships and help place our trained students in real-world job roles. Join us to learn the most in-demand skills and launch your tech career with confidence! 🚀 We train professional software engineers that companies love to hire. My blog: https://edupoly.in/ Contact us on 9561214818 #Praveenclasses #reactjs #angular #javascript #html #css #webdevelopment #telugu #frontenddevelopment #mern #mean #java #python #testing #devops #nodejs #dbms #besttraininginstitute #interviewquestions #programming #aws #technology ",2016-01-22T17:10:11Z,en-IN,IN,488318,8750,764,https://yt3.ggpht.com/fZz6KJckJwV0N-yrEj-WWBm9zvUVu4HOt94x4RlEG6nPUYNTtNmXEZ5eORw5MnKZG7Rh4c-ysw=s800-c-k-c0x00ffffff-no-rj,"webdevelopment|Reactjs|angular|javascript|webdevelopment|training|telugu|classes|edupoly|software|solutions|fullstack|training|programming|coding|Praveen classes|frontend backend webdevelopment|reactjs fullstack|#angular fullstack|java fullstack|python fullstack|technology training|software technology|software solutions|best training institute|best training institute in kukatpally|interview questions|interview questions and answers|best training institute in telugu","Technology|Knowledge|Lifestyle (parent topic)"
105,UCqbKYDb7SVLsGP0123Hbzdw,"JAVASCRIPT STORE","I’m Viswesh Subramanian. I’ve been a professional software developer for about 10 years. In this channel, I share delightful javascript solutions and tips.",2017-08-25T23:43:54Z,,US,117727,820,8,https://yt3.ggpht.com/ytc/AIdro_nvppX3JRtMLXg-bcE2WVdSSYWug_cWNt9BYHsMob-Q=s800-c-k-c0x00ffffff-no-rj,javascript|tutorials,"Lifestyle (parent topic)|Technology|Knowledge"
106,UCol6j6JUUnrGuH2DQMunFNQ,"Javascript Developers","Front end masters is all About Programming Languages, Bootstrap Design, React Tutorials, Angular, React Native, MongoDB, Courses and Web Development Tutorials.On this channel you will also get the Programming Courses for free. This channel is all about programming tutorials, projects and more. In this channel we gonna learn about : 1 ) Responsive Web pages 2 ) Create Html, CSS, Bootstrap Design 3 ) JavaScript Tutorial with Jquery 4 ) Php Tutorial 5 ) Design Tutorial 6 ) Design Web pages 7) Wordpress Design 8) Working with some projects. 9) React 10) Angular 11) CSS 12) Sass 13) Courses 14) Projects 15) And More... So, if you have any question please ask me i can help you. Subscribe to the channel for Latest Video. Follow us on Facebook and Instagram the link is on channel art section. So stay tune..... for more....! Thank You :)",2020-07-28T05:25:28.200867Z,,IN,3007,41,88,https://yt3.ggpht.com/ytc/AIdro_nxKoKjUvEU28h2lh9UMpQW4BzXX1i4Dinbfee99VdFdQ=s800-c-k-c0x00ffffff-no-rj,"javascript|react|css|flexboxcss|graphql|js|development|coding|es6|ecmascript|upwork|developers|hindi|front end|frontend masters|javascript tutorial|css tutorial|service worker|Javascript Developers|j developers|js developer|javascript devlopes","Technology|Knowledge|Lifestyle (parent topic)"
107,UCVdk4JVWUen3POukhqS2KaA,"Simply JavaScript","Welcome to Simply JavaScript We have created this YouTube channel to help students and professionals learn programming languages like JavaScript and Java in an easy way. We have successfully helped many individuals who do not have professional degrees and have only completed 10th or 12th grade to secure developer roles by teaching them JavaScript, Node.js, and Java. The students who were only 10th or 12th grade graduates are doing well in their careers now, so we thought why not provide the same content on YouTube and help those in need. At Simply JavaScript, our mission is simple: to empower and assist students and professionals who want to excel in the world of coding. Whether you're just starting out or looking to enhance your programming skills, we've got you covered. ",2023-07-01T03:54:04.220757Z,,IN,9208,290,37,https://yt3.ggpht.com/GXk6tZK_3pfF3jyLhXgYRDXv4K-pR62h2jODppQP4D6cvFNfhgnALPUBke3oMHZnp0DJiQR5b5U=s800-c-k-c0x00ffffff-no-rj,"coding|sajid sir|javascript tutorial|sajid sir javascript|nodejs tutorial|javascript bascis|free javascript course|free learning","Technology|Knowledge|Lifestyle (parent topic)"
108,UCibWNTi1mhGcQXYU-oi1kfg,"Around JavaScript","Hellooo Guys, My Name is Ravi Trivedi and I am a junior Web developer and I'm very very passionate to teach Web Technologies. Like, Share & Subscribe to my channel. If you have any questions please feel free to ask, I'm here to help you. Thank you Thank you so much...",2017-09-20T03:50:43Z,,IN,9084,29,30,https://yt3.ggpht.com/nFql4T7Qx149DD-Fa0Sap2qZougUu6sLFAN1tC8U6fqBPl7Hk67y4BTvfoYk4kN5EAasKedWWcQ=s800-c-k-c0x00ffffff-no-rj,"web development tutorial|javascript tutorial|html tutorial|css tutorial|html css tutorial","Lifestyle (parent topic)|Technology|Knowledge"
109,UCNcyTWUVP8PHt_1JtV7Q6ww,"JavaScript Bits","Learn JavaScript and ES6 bit by bit",2016-11-05T22:42:06Z,,,7345,140,8,https://yt3.ggpht.com/ytc/AIdro_mumAik17HHbnQz4Y9uQCgJNuTJRibmUipYAcMCXNOkDw=s800-c-k-c0x00ffffff-no-rj,,"Knowledge|Technology|Gaming (parent topic)|Lifestyle (parent topic)"
110,UC7hmN0oYPtp9urOVm7BdUKw,"Everyday JavaScript","Hello Friends, This is a channel started by me to spread the new topics and concepts that I learn in JavaScript, Angular, ReactJS, PhoneGap and may other frameworks. If you like the content, do like, subscribe and comment on the channel. If you have any queries I can help you solve, please mail me on javascript.everyday@gmail.com. If you want me to explain any concepts, please add it in the comments section. I will try to do my best in explaining it. Thank you, Everyday JavaScript Team",2019-06-05T17:53:52Z,,IN,43323,1560,101,https://yt3.ggpht.com/ytc/AIdro_lkY3LEryZJo3ct-A2Es3UV3UiBwJgMMH2aMSi4e4-IbA=s800-c-k-c0x00ffffff-no-rj,"typescript|javascript|html5|css3|front end development|web development tutorials|learn javascript|learn frontend development|learn javascript concepts|javascript fundamentals|you dont know js|kyle simpson","Lifestyle (parent topic)|Knowledge|Technology"
111,UCOnua_HEqu6vGX8MSlwjJXg,"DEATH BY JAVASCRIPT","Uhh internet hell Tik tok coming soon! ",2011-10-09T05:46:55Z,,US,304001,666,1720,https://yt3.ggpht.com/-9xm17LM07IXGHjX5XomKqxOgQMtE_s91w0ubhYLP3WVRvsuaZIhfg9C_xdjbZwR9-FAxCkm=s800-c-k-c0x00ffffff-no-rj,"Comedy|Podcasts|Music|nightcore|absurd|surreal|avant-garde|nonsense|bizarre|illogical|trippy|dreamlike|satirical|AI-generated|Spirituality|wisdom|manifestation|meditation|spiritual|manifest|inspiration|motivation|knowledge|wisdom|dream|pop culture parody|social commentary|alternative comedy|AI videos|Music remixes|Artificial intelligence|podcast clips|law of attraction|personal growth|personal development|spiritual awakening|subconscious mind","Pop music|Music (parent topic)|Electronic music|Hip hop music"
112,UC6GEHdme1ZOOC5tLY7s25AA,"JavaScript in South Africa Conference","The videos from the 2017 & 2016 JavaScript in South Africa conferences. Website: www.JSinSA.com Twitter: @JSinSA Thanks to @etbal for his awesome photo that we've used in the banner!",2016-08-12T15:11:41Z,,,14671,157,29,https://yt3.ggpht.com/ytc/AIdro_k0s_XFAUM2w1HFi14dZOok_WRGrP_jQ43TS8niLs9T-Q=s800-c-k-c0x00ffffff-no-rj,,"Technology|Knowledge|Lifestyle (parent topic)"
113,UCIDpi35k6mUhfGAVX9U58Xw,"Hyderabad Javascript","jS Hyderabad is a community for Javascript developers in Hyderabad. We organise meetups, workshop, tech talks and conferences in javascript space.",2017-12-08T05:36:57Z,,IN,802,31,18,https://yt3.ggpht.com/ytc/AIdro_loWoTh5Ao_CpHJzip9RkYwlBHpZWsjTO8_ZKL1WCw=s800-c-k-c0x00ffffff-no-rj,,"Lifestyle (parent topic)|Knowledge|Technology"
114,UCge0MjWF28OpU-4DimX0R5g,"Coding JavaScript",,2016-12-04T02:46:35Z,,,0,943,0,https://yt3.ggpht.com/ytc/AIdro_nM_abaOm-JBBcKWEKAuX7oLw_VpC4ri4dtOvygnUH6vw=s800-c-k-c0x00ffffff-no-rj,,"Lifestyle (parent topic)|Knowledge|Technology"
115,UCXcvCnXthaKTl1K7yNsWpLQ,JAVASCRIPT,"Pure JavaScript, and libraries and frameworks , and discussion of the code inside of popular or developer generated modules.",2019-10-30T08:15:28.046628Z,,,135,109,7,https://yt3.ggpht.com/ytc/AIdro_mZ6n89ZUpWDH9CUaJzqjUppBgK7szS3YnU9CHoV7JlgQ=s800-c-k-c0x00ffffff-no-rj,,"Lifestyle (parent topic)|Knowledge|Technology"
116,UCBSMXkcesZvdt3VYHKHLU0A,"Jack of Javascript","This channel is all about programming and about the conceptual understanding of the concepts involved in it. We will learn all the Web technologies like HTML5, CSS3, Javascript, Typescript, Angular V4,5,6,7,8,9 and NodeJS one by one. Please watch this space for more.",2018-02-08T19:59:51Z,,,3096,154,26,https://yt3.ggpht.com/ytc/AIdro_mu6GyIA1yfnsuPxk_7VgohRE_cBEOSUfiU0Q0HsJOvFg=s800-c-k-c0x00ffffff-no-rj,"Java|J2EE|J2SE|C++|AngularJS|Angular2|Angular4|Angular5|Java 8|Java Tutorials|Core Java|Advance Java|Java Programming|Java Fundamentals|Learn Java|Coding Java|Programming in Java|Data Structure|Angular 2|Angular 4|Angular 5","Lifestyle (parent topic)|Knowledge|Technology"
117,UCo9xTRmg1SqQ5JSsA2fAgJw,"Coder's Gyan","Hi, my name is Rakesh. I share simple, practical tutorials on web development and programming - mostly around JavaScript, MERN stack, and now even AI with JS. You’ll find: 1/ Step-by-step projects you can actually use 2/ Clear explanations of tricky concepts in Hindi 3/ Tips that make coding easier and more fun If you’d like to go deeper, I’ve also created some structured courses here: https://codersgyan.com ",2020-01-11T21:17:14.817044Z,,IN,9537787,133000,386,https://yt3.ggpht.com/ytc/AIdro_lRwr5YJ2Kejccyz3QveN0_HaXU75vE7Agh5hbZmYriKg=s800-c-k-c0x00ffffff-no-rj,"programming|html|css|react|golang|generativeAi|genai|web development in Hindi|web development|make website in Hindi|javascript tutorials|technology tutorials|crash course","Technology|Knowledge|Lifestyle (parent topic)"
118,UC57PxkNVTyu5jstVXRqyF4Q,"SIMULAB JavaScript","Nesse canal estamos testando modelos de vídeo aulas de Física básica dimensionadas para telas de Smartphones. É um projeto piloto, onde vamos aplicar alguns pressupostos teóricos mas também aprender com os erros. O objetivo é desenvolver um modelo de produção que atenda as demandas específicas da instituição onde trabalho. Cores de fundo, tamanho, cores e quantidade de texto, tipo de locução, legenda, esquemas gráficos, uso das animações (originais e feitas em JavaScript) estão ainda em fase inicial de teste. Críticas e sugestões são muito bem vindas.",2018-02-19T12:52:59Z,,,40,25,1,https://yt3.ggpht.com/ytc/AIdro_kFSwr4BdtO1vmIKAzIBXagpj7IQvPX0ZD8eTxuJ54=s800-c-k-c0x00ffffff-no-rj,,
119,UCnp44RDTgGbL8v0ATWU0Yzg,"JavaScript Junction","This channel examines the features of the JavaScript programming language",2023-03-26T18:20:37.547223Z,,,2933,14,9,https://yt3.ggpht.com/C15s735XmE1bn0xungtwpNZCZIU_4gGD2CENhqEoGvEC_A0uSW6ddpRmbqwITQKeBRWswm5NVw=s800-c-k-c0x00ffffff-no-rj,,"Technology|Knowledge|Lifestyle (parent topic)"
120,UCwoFrC-ScrC-OzBRewVD9HQ,"JavaScript Jayden",,2022-05-09T09:41:53.518262Z,,,7880,596,4,https://yt3.ggpht.com/c1uG5qEZqnkO8jg-0qmldp1a_mWN4pOOPhg1lhEKFel9VdDSBkcqwnFiRVzJLL-Kgr3ycfTI=s800-c-k-c0x00ffffff-no-rj,,"Gaming (parent topic)|Action game"
121,UCDezHlQN79VWarlRgvmim-w,"Kevin Ghadyani - JavaScript","See what real coding is actually like for a professional who works on real products! ",2015-04-15T04:08:11Z,,US,166410,2980,80,https://yt3.ggpht.com/rIcaEZyPj8FiQR3jgwhmTMHFVgODb8en3QRsh4BlcVNymtMammkvPiIEtJpRFDNx8RiqQUQetA=s800-c-k-c0x00ffffff-no-rj,"programming|javascript|reactjs|redux|redux-observable|rxjs|hooks|developer|development|react hooks|software engineering|software development","Technology|Knowledge|Lifestyle (parent topic)"
122,UCHLDPEGW_aIrjuCbF4zPQ4w,"Hi JavaScript","Welcome to Hi JavaScript, Explore the world of JavaScript, ReactJS, and NodeJS with us! From beginner tutorials to advanced techniques, we've got you covered. Subscribe now for coding tips and tricks. Let's code together! #javascript #reactjs #nodejs ",2024-03-16T10:49:00.728317Z,,IN,448,5,16,https://yt3.ggpht.com/FK1885n5Az9CyUJnojzVa_xdJp9-y5XjWY4YG1S_88GK_qproAk_WCAPfhYwCmftMLNnHjCnIA=s800-c-k-c0x00ffffff-no-rj,"javascript|reactjs|javascript tutorials|learn javascript|javascript course|javascript interview questions|javascript interview questions and answers|js tutorial for beginners|js tutorials|reactjs tutorials","Lifestyle (parent topic)|Technology|Knowledge"
123,UCWXrrck9baavw9uM6Oi9vyg,"Rock JavaScript","Hello everyone! My name is Aneta, I'm a software developer and university lecturer. Join me to learn about JavaScript and other frontend technologies! New videos all the time! Have fun coding! ",2021-09-25T08:39:52.080515Z,,,11530,328,52,https://yt3.ggpht.com/-Aj6CZagK4ut6vWjSnXMvNPEQUxHdjPlVjidKnvwoURG_vU0d-dO8pwTbYjHxuJF0CTU66y-yg=s800-c-k-c0x00ffffff-no-rj,javascript|react|reactjs|webdev|webdeveloper|frontenddev|frontenddeveloper|coding|programmer|js,"Technology|Knowledge|Lifestyle (parent topic)"
124,UC6YUiKxJyWaFvYDkJwRvZGQ,"What the JavaScript","We talk about everything under the shade of JavaScript",2018-07-01T19:36:27Z,,IN,474626,2670,35,https://yt3.ggpht.com/ytc/AIdro_ndcOksuRrXziKo0v0ffTnrnEVpmRVmoZmWYIgXXzCYLw=s800-c-k-c0x00ffffff-no-rj,,"Lifestyle (parent topic)|Knowledge|Technology"
125,UCHlhFMtxdm2cAFYRbdA5QqA,"Atlanta JavaScript","Monthly meetups in Atlanta for JavaScript developers featuring technical speakers, code jams, and networking. Find upcoming events at atlantajavascript.com.",2013-03-28T01:18:36Z,,,22744,378,76,https://yt3.ggpht.com/fYJkh8Up3nS42ycd9ZBs_GeHZy6FIVKEbwsMVJcaJzp4OXf2j4y6j18scVlw8-qGIRMgcwUH=s800-c-k-c0x00ffffff-no-rj,,"Technology|Knowledge|Lifestyle (parent topic)"
126,UCWAsDVvdEhBgwUa95Foc8tg,"JavaScript Mentor","A JavaScript community for sharing my online workshops and mentorship sessions and others' amazing talks all about JavaScript, React, Angular, Redux, Vue.js and etc.",2017-04-01T08:27:26Z,,IR,15263,281,14,https://yt3.ggpht.com/ytc/AIdro_k6GXju3eiKUrgVUrgL3FYYeidMPZ-xl6vaZjJfEHtGB2c=s800-c-k-c0x00ffffff-no-rj,javascript|mentorship|react|redux|angular|angular2|rxjs,"Lifestyle (parent topic)|Technology|Knowledge"
127,UC1ejMHQ1uyewCiCBHIIr8Uw,"JavaScript Tests","Never stop learning",2023-10-21T07:24:16.601201Z,,RU,164,1,8,https://yt3.ggpht.com/lNKsNuz77lp5Q2cWYIaUpehsQPYA5A3p6hOTcN7DI04LlIO3qqqiBzYkaYJXUUN70l_fhJ_IMr8=s800-c-k-c0x00ffffff-no-rj,,"Technology|Lifestyle (parent topic)"
128,UC5qYq6IWRqM2SYpIM_9Xp8A,procademy,"Our core mission is to develop and deliver accessible, high-caliber software education through comprehensive online courses offered entirely free of charge. This initiative is rooted in the conviction that the collaborative exchange of knowledge is paramount to effective learning, and that the provision of educational opportunities represents a significant and impactful contribution to individuals and society as a whole. These meticulously structured courses are designed to mirror the depth and comprehensiveness found on established paid e-learning platforms. By removing the financial barrier to entry, I aspire to reach and empower a diverse group of learners, particularly those with the inherent potential and strong motivation to acquire valuable software skills but who may lack the economic means to afford traditional training programs. Achieve proficiency as a high-quality software engineer by embracing the mantra of procademy ""Learn . Code . Repeat"" for continuous improvement. ",2020-06-30T12:44:41.268123Z,,IN,12485780,71400,1485,https://yt3.ggpht.com/ii4RqlK25UDVaQ1eDswVSFpACYBNWkFHtDt524VWEeYoCI5kEmy2RUH80LycPWpkcH-KVQJn0Q=s800-c-k-c0x00ffffff-no-rj,"javascript tutorial|javascript course|best javascript course|typescript tutorial|typescript course|best typescript course|angular tutorial|angular course|best angular course|node js tutorial|node js course|best node js course|react tutorial|react course|best react course|mongodb tutorial|mongodb course|best mongodb course","Knowledge|Technology|Lifestyle (parent topic)"
129,UC9MmyicGIveu0AId8OFAOmQ,"JavaScript Centric","Namaste 🙏🏻, Welcome on this channel ❤️. I am Ravi, a JavaScript Developer and worked on different javascript technologies and framework. On this channel, Every week I am uploading👨‍💻 videos related to javascript, nodeJS, react native, reactJS, and other technologies. I spend an immense amount of time reading about and learning JavaScript. I use this information to create well-thought-out and effective tutorials. Subscribe to 'JavaScript Centric', If you want to learn javascript and other javascript-based technologies and frameworks. Thanks for visiting on about section of our channel. ",2019-05-19T17:10:22Z,,IN,153006,682,39,https://yt3.ggpht.com/tVaVneG-nmiE4Kf5YWGriEocRyAYzHoveSkAuCXFc0_2_elyHWOaUFLWb611XD3QrVmU1ToSXA=s800-c-k-c0x00ffffff-no-rj,"javascriptcentric|JAVASCRIPTCENTRIC|JavaScript Centric|JAVASCRIPT CENTRIC|javascript centric|javascript centric channel|javascript centric ravi sharma|Javascript centric|ravi sharma Javascript centric|ravi sharma javascript centric channel|ravi javascript centric|ravi sharma javascript centric channel|javascript centric channel|react native tutorial|react native best channel|react native channel|react native for beginner|react native projects","Knowledge|Technology|Lifestyle (parent topic)"
130,UCNLC6j4gINcr9dAbrkeP5LA,"JavaScript Gems","Welcome to JavaScript Gems 💎 - Your Gateway to Unlocking the Magic of JavaScript 💪 Let's code, create, and innovate together 🤝 🌐 Contact: 📷 Instagram: @javascriptgems (https://www.instagram.com/javascriptgems/) ",2023-08-15T07:10:21.347819Z,,IN,11494,35,11,https://yt3.ggpht.com/gHMBEINe2Iz3gNYai8Uf_NYsWjLUQTlCXA2JfQOcIgNKBEKbJqisiLfYH0h0DSv59vHMjJv8=s800-c-k-c0x00ffffff-no-rj,"javascript|coding|programming|nextjs|javascript tutorial for beginners|javascript full course|javascript mastery|javascript gems|javascript project|javascript interview questions and answers|javascript course|javascript for beginners|javascript crash course|javascript functions|coding for beginners|coding interview|programming for beginners|programming in javascript|reactjs tutorial for beginners|reactjs tutorial|next js 14|next js tutorial|nextjs portfolio","Lifestyle (parent topic)|Knowledge|Technology"
131,UCOEs79Zkf6cq4HJ0dY29oxQ,"Javascript Tutorial For Beginner","This channel very suitable for people who wants to learn javascript from beginner till advanced. Here will be explain step by step from very beginning about javascript theory to advanced along with code snippet explanation associated with each topics.",2017-06-15T13:20:06Z,id,,260,4,54,https://yt3.ggpht.com/ytc/AIdro_l8eo8-U6Hq182HvGSivhWsfhg3pOCinNGPXomA3iYdj_2Aq9hR3pP-TUmOw-mA8K_Hzw=s800-c-k-c0x00ffffff-no-rj,,"Technology|Knowledge|Lifestyle (parent topic)"
132,UCOxWrX5MIdXIeRNaXC3sqIg,"Lama Dev","Web development tutorials for everyone. Learn JavaScript, React.js, Next.js and Node.js, find inspiration for HTML, CSS, and web design. Become a web developer with Lama dev. Social Media: X/Twitter: https://x.com/lamaWebDev Facebook: https://www.facebook.com/groups/lamadev Instagram: https://www.instagram.com/lamawebdev Discord: https://discord.gg/yKremu4mPr For business inquiries: contact@lama.dev ",2021-02-13T20:00:39.293872Z,,PL,28507860,359000,103,https://yt3.ggpht.com/ytc/AIdro_luF-nK_BZqKzocE3qJoPsgRpL88k9zVsyUsZc3evTj8w=s800-c-k-c0x00ffffff-no-rj,"javascript|html|css|react|developer|mern|lama dev|web development|react native|ui design|mern stack|for beginners|react projects|react tutorial|react course|learn react|coding channel|programming channel","Lifestyle (parent topic)|Technology|Knowledge"
133,UCH1iiVWZDrTr_q5Q0x-kP6g,"Juntes aprendendo Javascript","Together we'll learn to code Junt@s vamos aprender a fazer aplicativos e websites",2016-10-22T04:12:19Z,,,14,1,1,https://yt3.ggpht.com/aAaK-us0IePR8bjMt5E9QOkattcVr51GAwshvxcxQTDNC4Ry540nj7I9UUewGTQskk-1LZtx7A=s800-c-k-c0x00ffffff-no-rj,,
134,UC4KX_Xf_r3biMZzxPjqTuFQ,"Awesome JavaScript TV","In this channel we explore the world of JavaScript. Be it server side or client-side. Basically we are about exploring the most beautiful JavaScript libraries and packages.",2022-02-20T00:44:25.937145Z,,,8565,44,46,https://yt3.ggpht.com/CpNVlkoq-4G_fQS20FRweVczpm-pMJTsUgKNOCzfS6A0BFBwuV_7eaW5cLY9qFHkYOKuqQIG=s800-c-k-c0x00ffffff-no-rj,"NodeJS|JavaScript|NPM Packages|Awesome JavaScript|JavaScript Libraries|NodeJS Libraries","Technology|Knowledge|Lifestyle (parent topic)"
135,UC3wrfm9ZF6Pms3QNWS1G9bA,"javascript with gorgin","hello everyone i'm gorgin master software engineering and also a full-stack developer for 5 years and now i'm youtuber and freelancer in this channel i wanna talk about somethings cool about javascript or somethings more general about programming that every programmer should knows so if you are already a programmer i hope this channel helps you to achieve next level! at the end don't forget to subscribe! ",2021-06-20T21:32:50.088222Z,,US,22711,117,11,https://yt3.ggpht.com/B4oGRmzNzcofhkXLQHzwNEqLCXkA3YcDv-EIjtH7Q290rGeJL-RLl53j9FiQixHi9WJu-2eY=s800-c-k-c0x00ffffff-no-rj,"javascript|ecmascript|mongo|mongodb|nodejs|node.js|js|encryption|node js|java script","Lifestyle (parent topic)|Knowledge|Technology"
136,UCbaQjnpFFUWhip8FNfn4y9Q,"JavaScript Talks","JavaScript News, Tips and Tutorials",2020-06-18T21:07:22.68059Z,,IN,119850,953,116,https://yt3.ggpht.com/KLnB_yoyZ42nMCrx2cpqa-aR77AygTQSQMnSsWxCTUjvT4OyhjzcqDnhFGnZk8yl88TYKsf30g=s800-c-k-c0x00ffffff-no-rj,"Javascript|React|NodeJs|react.js|frontend|React tutorial|web development|web development tutorial|frontend tutorials|javascript tutorials","Knowledge|Technology|Lifestyle (parent topic)"
137,UCVTYFQxzHqUCKyub9RIKZCA,"1 minute JavaScript","Learn JavaScript in 1 minute",2021-01-24T19:11:22.88152Z,,,5095,43,41,https://yt3.ggpht.com/ytc/AIdro_lhOmm_gLF0GoIHfipyZWvqDatfX-HH_CXawjSSAVJ2Xg=s800-c-k-c0x00ffffff-no-rj,,"Knowledge|Technology|Lifestyle (parent topic)"
138,UCXJ2-dZx9nbGZQyFK_CCVwQ,"Styled JavaScript","Stay curious, dive deeper and keep going.",2011-10-15T19:31:30Z,,UA,63276,1800,37,https://yt3.ggpht.com/ytc/AIdro_mxbcCOD8OoWe10dcGlJ-uzsJdOo1A1PzrEw6whu-1s3_4=s800-c-k-c0x00ffffff-no-rj,"front-end|javascript|css|design|performance|frontend development","Knowledge|Technology|Lifestyle (parent topic)"
139,UCuT0rj__qEq_ZO3kYwun4Qg,"Yahu Baba","Welcome to Yahu Baba — a professional learning hub for Programming, Web Development, and Mobile App Development in Hindi/Urdu. Our mission is to simplify complex coding concepts and guide learners from beginner to advanced levels through structured tutorials and real-world projects. Instructor Name : Sanchit Soni Designation : Full Stack Developer (Freelance) Experience : 20 Years Profile : https://www.linkedin.com/in/sanchitsoni/ You can visit our official website : www.yahubaba.com ",2018-03-05T19:52:37Z,,IN,85468680,360000,936,https://yt3.ggpht.com/Itzr-J9uIC38LKhyfWU06hI_-qvDUS7zAaRT7lW_JRlvzycJOhoM2AMa4A0UQ5tUkvAn0H2Xvg=s800-c-k-c0x00ffffff-no-rj,"yahoo baba|hindi tutorial|programming in hindi|learn web design in hindi|learn programming in urdu|coding tutorial|programming tutorial|php tutorial|javascript tutorial|css tutorial|yahu baba|mern development|mongodb tutorial","Lifestyle (parent topic)|Technology|Knowledge"
140,UCFgYt45doyBIo6c_Vobo_ww,"JavaScript Explained","Welcome to our JavaScript Explained! Our goal is to help you learn and master JavaScript, one of the most popular programming languages used in web development. Our videos are designed for beginners and intermediate-level coders, with easy-to-follow instructions and examples that will help you build a strong foundation in JavaScript. We cover a wide range of topics, from basic syntax and data types to advanced concepts. So whether you're looking to start a career in web development, or you simply want to add JavaScript to your skill-set, we're here to help you achieve your goals. Subscribe to our channel and start learning JavaScript today! Thank you for watching! ",2023-04-18T19:32:37.935993Z,,,18548,69,11,https://yt3.ggpht.com/a9-RQz0bQo-CdOL8f4BtjiSzCoP2y1kHhTs3GczWioPEEzgbEf61iXlx_iv5ep5rZ_qGJOOpHg=s800-c-k-c0x00ffffff-no-rj,,"Technology|Knowledge|Lifestyle (parent topic)"
141,UCUFyjaRo4DPOJd1YNliIsGQ,"Refactorings for JavaScript and TypeScript","Code Assists and Refactorings for JavaScript and TypeScript",2022-07-08T11:51:19.26999Z,,IN,121738,213,175,https://yt3.ggpht.com/IgZIOhrHhwIR-wPtpMN2S-vsMFcErRGrS6ioI932_Jz3wiH68XOpb9zSFGh61-ns5qBVd6-y=s800-c-k-c0x00ffffff-no-rj,"Angular|Typescript|Javascript|Refactor|oops|vscode|action|cjs|codemod|convert|cts|ecmascript|es2015|es2016|es2017|es2018|es2019|es2020|es2021|es2022|es5|es6|extract|inline|javascriptreact|js|jsx|keybinding|languages|lint|linting|lodash|mjs|modernization|modernize|mts|react|refactor|replace|ts|tsx|typescriptreact|angular|angularjs|switch|remove|replace|Code assists|code cleanup|code actions|clean code|legacy code|programming languages|quick fix|if else|console log|quick fix","Technology|Lifestyle (parent topic)"
142,UCqOZIH3exJEgz9J6N4BLYwA,"JavaScript Quiz","Welcome to our newest YouTube Shorts channel - your go-to destination for quick, fun, and challenging JavaScript quizzes! Dive into bite-sized brain teasers designed to test your coding knowledge, hone your skills, and keep you entertained on the go. Whether you're a seasoned developer or just starting out, our quizzes cover a wide range of topics, from basic syntax to advanced concepts, ensuring there's something for everyone. Join our community of JavaScript enthusiasts, hit that subscribe button, and let the learning begin, one short quiz at a time!",2024-05-12T13:27:52.025736Z,,,145,0,10,https://yt3.ggpht.com/0ycfg6l30bDxh6MEOfHEZS3cPkWRscj4TGTMAZHg8_WvvhMjrcgQKT6Hvqrd4QH8PjYZwrMAyg=s800-c-k-c0x00ffffff-no-rj,"javascript|quiz|guess the code|coding challenge|beginner javascript|javascript practice|fun with javascript","Lifestyle (parent topic)|Technology|Knowledge"
143,UCuE_9lHb0a3GmkGvcjJK1GA,"JavaScript Will Rule","Learn through projects using HTML / CSS / JS / GATSBY / REACT",2017-06-10T11:44:09Z,,IN,8271,291,28,https://yt3.ggpht.com/ytc/AIdro_nrVWaNZpoEignQOy8oR-b-tUgNsb0d0VTPaGEXbbr03nw=s800-c-k-c0x00ffffff-no-rj,"Front End Development tutorials","Lifestyle (parent topic)|Technology|Knowledge"
144,UCtJq04Cs5C3Z_WJxa_gW6JA,"Leo Medina - Javascript Developer",,2018-09-27T04:37:41Z,,MX,479404,7300,132,https://yt3.ggpht.com/ytc/AIdro_nHOwnwJokF9x0Miy7Gwmz_idPTzFwn0SyfNJC305MYEA=s800-c-k-c0x00ffffff-no-rj,,"Lifestyle (parent topic)|Knowledge|Technology"
145,UCYi23MnKBKn0yLZKBrz5Bfw,"JavaScript: under-the-hood of","Hi I'm Craig This is a channel dedicated to examining and learning about the mechanisms inside of (i.e. internals) of different tools and libraries inside the JavaScript ecosystem. Current topics we will include are: - Web bundlers (e.g. webpack) - Apollo's query components - React hooks - Source maps - Type systems (e.g. TypeScript) - Test runners (e.g. Mocha) - GraphQL - Linters (e.g. Eslint) - Auto formatting (e.g. Prettier) Full articles on my blog (https://craigtaub.dev/). Thanks",2020-04-07T12:08:55.502413Z,,GB,13399,709,12,https://yt3.ggpht.com/ytc/AIdro_n3FV4Pzz4pRB3_LoTTn12yOv2c-parZjLGvR5KP0vxmQ=s800-c-k-c0x00ffffff-no-rj,,"Lifestyle (parent topic)|Knowledge|Technology"
146,UCYyP417LXXWjTV67qRaSeyg,"Manila JavaScript","This is the official YouTube page of Manila JavaScript where we post videos of talks, demos and seminars during the Manila JavaScript monthly meetup!",2016-07-24T16:45:43Z,,,843,52,11,https://yt3.ggpht.com/ytc/AIdro_mmb3rh1yQ8DX6K2myVUg6oGuyNmMzJP1DGu8g2LNTmXQ=s800-c-k-c0x00ffffff-no-rj,,"Technology|Knowledge|Lifestyle (parent topic)"
147,UCZgIVn2C4oGLVIaevuDiGuw,"ADA, HTML, CSS, JavaScript Tutorial","The ADA 30 years later. Are we there yet? Accessibility is a human right. Every time we leave accessibility out, we leave people out. Everyone we exclude becomes disabled. ADA tutorial will cover all the Web Accessibility Guidelines and screen reader testing. In addition, my tutorial videos will cover NVDA, JAWS, VoiceOver, and TalkBack. After completing this course, you can start a career as ADA Tester/ ADA SME / Accessibility Product Owner. #ADA Tutorial #ADA Testing #Web for all ",2022-09-17T17:48:24.256592Z,,US,74434,404,34,https://yt3.ggpht.com/ytc/AIdro_lqULl_zl4kd2Kqu-NGfQAeRgktPwzB-Z0A1Snc5T96-MRs7PMnyyGHCmsAyOOuHNpt5Q=s800-c-k-c0x00ffffff-no-rj,"IT|Section-508|ADA Tutorial|WCAG 2.0|WCAG 2.1","Lifestyle (parent topic)|Knowledge|Technology"
148,UCv5J6PPrR25tW0ixps5dbeg,"Javascript Programmer","I am a FullStack Engineer passionate about programming and technology. I enjoy guiding newcomers to coding. If you enjoy working with JavaScript please consider subscribing. ",2022-06-04T23:16:45.970885Z,,US,10032,222,30,https://yt3.ggpht.com/scT1Ujd4OVcBDVqNc9uqVvJqo2Ue6NdT4uEGmXaj5QJTSfhWZul07L_wrKgZvivDbBb7JZk2dw=s800-c-k-c0x00ffffff-no-rj,"javascript|React|Nodejs|hooks|javascriptprogrammer|programmer|tutorial|express|material-ui|css|sass|java|programmer|graphql|sudiparyal|react|mern|javascriptprogrammer|javascript programmer|programming tutorials|web development tutorials|web development videos|Learn Web Design|learn programming|learn js|javascript developer","Knowledge|Technology|Lifestyle (parent topic)"
149,UCkjoHfkLEy7ZT4bA2myJ8xA,GreatStack,"Welcome to “GreatStack” (formerly Easy Tutorials). My name is Avinash and I'm a Software Developer with several years of experience in full stack and AI-Powered application development. I like to teach aspiring web developers at ""GreatStack"" how to code and get their dream job. Please subscribe to my channel for the upcoming tutorials. Thank You :) Channel managed by: Avinash & Team GreatStack Enquiry: avinashdm@outlook.com",2015-03-24T19:21:04Z,,IN,113252376,1210000,665,https://yt3.ggpht.com/SxtxAT2eoNsERZyC-2Q9t3YhFC0IPhlaYOFA8rciY3BkhfoR9VPAx5n8A8L6QNG3vjFXSsB7rQ=s800-c-k-c0x00ffffff-no-rj,"HTML|GreatStack|Easy Tutorials|Website Design|web design tutorials|html tutorials|css tutorials|html and css tutorials|ui design|ui/ux design|html and css|html & css|beginners tutorials|Great Stack|ai projects|saas project|react js|next js|react js tutorial|vibe coding","Lifestyle (parent topic)|Technology|Knowledge"
150,UCkblWTi8MOhsNvtb-mzO7Iw,"HTML, CSS & Javascript - How-to in 1 minute",,2018-09-01T14:04:36Z,,,16691,76,28,https://yt3.ggpht.com/ytc/AIdro_maPetaYlp8l3lSBhbzapGpa0PTOUnWJvAvK86po2rCDA=s800-c-k-c0x00ffffff-no-rj,,"Lifestyle (parent topic)|Technology|Knowledge"
151,UCTTj5ztXnGeDRPFVsBp7VMA,"Baumannzone - Programación con JavaScript","Ingeniero de software y creador de contenido. Canal de tecnología y desarrollo web con JavaScript, HTML y CSS. También hablamos de Vue.js, Node.js, Firebase y Testing. ",2019-09-12T12:48:58Z,es,ES,21369,1270,38,https://yt3.ggpht.com/MQOOI8QOaq3vFwJY-_CuRY09A-pCESP7eUfU0wzhvFxGs8798UJq8BUr45yULNwjDiuSbz2KuA=s800-c-k-c0x00ffffff-no-rj,web|javascript|software|fullstack|desarrollo|developer|css|vue.js|programación,"Knowledge|Technology|Lifestyle (parent topic)"
152,UCVtN6Y0chxCvbcfzDIMD8Bg,"Chicago Javascript Meetup",,2017-07-20T18:04:36Z,,,11022,103,22,https://yt3.ggpht.com/ytc/AIdro_nXTtwH-T09W6GJgfkhWlTRVG_RK8DwCdVXjDF9NNE1mg=s800-c-k-c0x00ffffff-no-rj,,"Knowledge|Technology|Lifestyle (parent topic)"
153,UCljkqHQLmfVn9oL-L5lAzcA,"JavaScript - ByExamples",,2020-09-12T22:55:34.236724Z,,AU,22679,260,64,https://yt3.ggpht.com/ytc/AIdro_kGU--YnGraeiluymoAkzyUHgz6IjEOcABcSX3DWgc=s800-c-k-c0x00ffffff-no-rj,"Javascript|Learn Javascript|learn javascript with the help of actual projects|javascript by examples","Technology|Knowledge|Lifestyle (parent topic)"
154,UCSrMuZ7W7Rlri47BK4f1Z1A,"JavaScript with Marek",,2011-10-09T02:49:05Z,,CA,17562,380,13,https://yt3.ggpht.com/i-ELQOoEJM_d3ajzved8IK-tCdm6aheG8f7RHuQ6l4SvGAVAwmnny4avHr-0fIHf2DhOT5TjqQA=s800-c-k-c0x00ffffff-no-rj,JavaScript,"Technology|Knowledge|Lifestyle (parent topic)"
155,UCaetpfaOjCgEuXGQKXLWf_Q,"Only JavaScript",,2021-09-06T07:49:39.515922Z,,IN,85,4,3,https://yt3.ggpht.com/ytc/AIdro_mV9ZEac7RzPRT41iu9zNSTiFISmS-SrX6vMoce38cTiomZA5hxEIgjyjP4YaOPJfc6DQ=s800-c-k-c0x00ffffff-no-rj,"Onlyjs|js|Javascript|deepuweber|onlyjavascript|jsonly|javascriptonly|learn js|javascript tutorial|javascript tutorial|javascript beginner|javascript example|only javascript|javascript tutorial|javascript course|javascript beginner|only javascript|only js|js only|javascript only","Knowledge|Technology|Lifestyle (parent topic)"
156,UCfbBwpz9OFGf4IjHCTBFWVg,"Toronto JavaScript",,2013-10-15T21:41:55Z,,,4324,94,10,https://yt3.ggpht.com/ytc/AIdro_lrAVvEXZ6VduVX24bquNhrXSRxxZA7mP_DsHh83p1J5A=s800-c-k-c0x00ffffff-no-rj,Toronto|JavaScript|TorontoJS,"Knowledge|Technology|Lifestyle (parent topic)"
157,UCRusqsREGWYn4EHZX4Tofqw,"Milwaukee JavaScript User Group","A group for JavaScript enthusiasts and those looking to learn JavaScript in the Milwaukee area. We meet monthly to talk about different JavaScript and topics and are open to anyone from beginners and those who have been using JavaScript for years. Also be sure to join us in #JavaScript channel on the Milwaukee developer slack. Get an invite at http://mke-slack.herokuapp.com/",2013-08-05T17:28:01Z,,,11343,110,26,https://yt3.ggpht.com/ytc/AIdro_leD7PS_0OR2Fba1EI5Lzhzk8QZOHHRE-sVHgzJBuQliA=s800-c-k-c0x00ffffff-no-rj,,"Lifestyle (parent topic)|Knowledge|Technology"
158,UCtdhQ5dsnKkd85d80IOzUvg,"Սովորել JavaScript","Այլ ալիքը նախատեսված է սկսնակներին JavaScript լեզվի դասընթացներ տրամադրելու համար։ Բաժանորդագրվեք, և ակտիվ մասնակցեք քննարկումներին։ Տեսանյութերի մեկնաբանություններում հարցեր և խնդիրներ բարձրացրեք, գրեք ձեր դիտողությունները։ Դասընթացը վարում է RenderForest ընկերության ծրագրավորման թիմի ղեկավար Էդգար Մարուքյանը։",2019-02-01T12:00:58Z,,US,52530,1630,10,https://yt3.ggpht.com/ytc/AIdro_lVnf5MckhsMPAa34U1ylqW8lexrhql1a5vg6XUaMkwMQ=s800-c-k-c0x00ffffff-no-rj,javascript|tutorial,"Technology|Knowledge|Lifestyle (parent topic)"
159,UCyH4i2twA5tdJhZVcSoNZRQ,"RabbitWerks JavaScript","Hey everyone! Welcome to the RabbitWerks JavaScript channel. I primarily host livecoding streams which feature a variety of different frontend and sometimes backend projects. As well as the occasional coding tutorial upload. On this channel we love all frameworks, but tend to gravitate towards Vue.js in most projects. The livecoding series format is essentially an in-depth and easy (i hope) to follow project based tutorial series where we build different apps start to finish, all debugging included!! What and why is RabbitWerks? RabbitWerks is as much of a concept as it is a name. It refers to the motion of ideas. How they are always ever-changing in some ways, and yet are fixed in other ways. One idea leads to another, which leads to another, in-turn creating a cycle. A loop that symbolizes how javascript and development in general is a never ending rabbit hole. So many networks and tunnels of directions and code syntax to discover and explore! ~Thank you!",2018-08-11T04:59:48Z,,US,21171,750,92,https://yt3.ggpht.com/ytc/AIdro_nDeZedd_yJ4aoQ4cPtVLGJu9JGVN4rCb68hU5IThvy5Q=s800-c-k-c0x00ffffff-no-rj,"javascript|programming|js|coding|vue|vuejs|vuex|nodejs|node|frontend|backend|fullstack|web development","Knowledge|Technology|Lifestyle (parent topic)"
160,UCY38RvRIxYODO4penyxUwTg,"Dave Gray","Web Development tutorials with full courses on HTML, CSS, JavaScript, React, Node.js and more! My goal is to help you learn how to build the web. Teaching helps me learn, too. I work full-time as a Solutions Architect / Developer and part-time as a university web dev instructor. Thank you for subscribing, supporting my channel and sharing the videos you think may help others. Keep striving for progress over perfection. And a little progress every day goes a very long way. Milestones: July 20, 2020 - 1st video Jan 1, 2021 - 1k subs April 2021 - 4k watch hours Nov 2021 - 10k subs Jan 21, 2022 - Video at 100k views Feb 16, 2022 - 100k watch hours Feb 19, 2022 - 1m views Dec 13, 2022 - 100k subs Dec 2022 - Over 1m views in 1 month April 7, 2023 - 10m views May 26, 2023 - 1m watch hours Sept 22, 2023 - Video at 1m views Dec 25, 2023 - 250k subs ",2017-04-13T00:32:35Z,,US,36684706,429000,461,https://yt3.ggpht.com/nv365KiAJyURPEBZyCh0SV3hSBnZXbvVXrzRwcNDfgUpXPn9-3_4PY0SkQrAJWnzQOxKqfUtrQ=s800-c-k-c0x00ffffff-no-rj,"javascript|tutorials|coding|programming|python|html|css|php|html5|css3|js|react|reactjs|node|node.js|nodejs|express|expressjs|mongo|mongodb|frontend|backend|web development|web dev|react js|javascript for beginners|learn javascript|javascript tutorial|coding for beginners|learn how to code|coding tutorial|programming for beginners|learn programming|programming tutorial|html for beginners|learn html|html tutorial|react for beginners|learn react|react tutorial","Knowledge|Technology|Lifestyle (parent topic)"
161,UC8butISFwT-Wl7EV0hUK0BQ,freeCodeCamp.org,"Learn math, programming, and computer science for free. A 501(c)(3) tax-exempt charity. We also run a free learning interactive platform at freecodecamp.org",2014-12-16T21:18:48Z,,US,931714204,11400000,2047,https://yt3.ggpht.com/ytc/AIdro_lGRc-05M2OoE1ejQdxeFhyP7OkJg9h4Y-7CK_5je3QqFI=s800-c-k-c0x00ffffff-no-rj,"nonprofits|developer|programmer|javascript|python|technology|math|coding|css|html|linux|coding bootcamp|learn to code|software engineer|full stack|front end|web development|web design|data science|learn programming|machine learning","Lifestyle (parent topic)|Technology|Knowledge"
162,UCbq7R2j-MkZ_FA9lBP4VTdw,Javascript,,2015-05-24T14:09:01Z,,,2995,91,63,https://yt3.ggpht.com/ytc/AIdro_mhYMd8eRIZw_raiPQ_0axWm9uyydiERTzQTiAUmcLwaXTp-LIqnfZZsPeFGM2BjEvxXw=s800-c-k-c0x00ffffff-no-rj,,"Technology|Knowledge|Lifestyle (parent topic)"
163,UCBO8YP8Bq9FT_Icz2wxIjfw,"The JavaScript","Welcome to Your JavaScript Buddy — a channel dedicated to helping you learn and master JavaScript in a fun and beginner-friendly way. Whether you're just starting out or looking to improve your skills, this channel offers simple tutorials, real-world projects, helpful tips, and solutions to common coding problems. You'll also find guidance on debugging and understanding key JavaScript concepts. Join the community and grow your coding confidence one video at a time. Subscribe now and let’s code together!",2016-05-21T06:50:16Z,,,23,2,3,https://yt3.ggpht.com/LvA5tCMGK8XpYBJKgevLBzqiNiJfWFKRAxBPpW5fHg1GAuHDlFKzG5ojQsikwrFq-bJA4kIlf-o=s800-c-k-c0x00ffffff-no-rj,,"Technology|Knowledge|Lifestyle (parent topic)"
164,UCRSFZt0URpegRPg-xoe0o9Q,"Saint Louis JavaScript Meetup","Hang out and discuss JavaScript tips, tricks, hacks, and frameworks with fellow scripters in the Saint Louis area. Show off cool stuff you've done and discuss developments in the greater JS community.",2014-02-10T17:02:10Z,,,30981,179,24,https://yt3.ggpht.com/ytc/AIdro_nZO0Eiw4bnkqKBNVPfdT8z3A9KvRhDsp00knfLjnHhbA=s800-c-k-c0x00ffffff-no-rj,STLJS|JS|JavaScript|STL|programming|web|development|applications|node|node.js|nodejs|browser|computer|community,"Lifestyle (parent topic)|Technology|Knowledge"
165,UCNPqvFJs4VAamC_FfTSl7dA,"Modern JavaScript","Description All things about MODERN JavaScript programming. Become a better programmer no matter what your current skill level is. I want to create a path for everyone that loves programming to keep getting better. We are going to cover it all. I also want to help people on the path of getting their first programming job with JavaScript. We will explore how to learn, what to learn, and how to gain enough credibility to land that first job. Not everyone (including me), has a computer science degree from a top university. I started my journey 20 years, broke into programming, and have been doing what I love for the last 20 years. I want to help you break into the industry and get your first programming job or expand your skills and get a better job. We will explore: - What to learn - How to learn - How to build up enough credibility to get that first job ",2023-01-02T12:30:40.461509Z,,US,16696,80,42,https://yt3.ggpht.com/goW8ce6-XPLbXSHkM_A93arHPdPxGFp0feDKuL6QvZN0spZblQFhVlLa3Rn7AaG4pIBddN8R6KU=s800-c-k-c0x00ffffff-no-rj,,"Lifestyle (parent topic)|Knowledge|Technology"
166,UCFclqohwL872nyXMtwmxxfQ,"WorkDevs Plugins, HTML, JavaScript","Equipe De Developers Venda De Plugins Aula De Php Aulas HTML",2017-10-24T23:03:35Z,,,0,15,0,https://yt3.ggpht.com/ytc/AIdro_kjkW1Lmunirk-veY0djgg2Cd-ipBp54h_NfXTSzHqRdg=s800-c-k-c0x00ffffff-no-rj,,
167,UCKzXL_wgDk2PhdFjAQ5a39Q,"JavaScript Stubborn Coder","This channel is all about JavaScript Programming language, It's mission is to teach people what javascript can do for them. It starts from the very basics, gradually making it's way upto advanced level, where user builds an ability to create any program he/she can think of",2020-10-04T08:11:28.935985Z,,AE,2902,40,42,https://yt3.ggpht.com/RHWuQHQMYBKPF_LA8-LP4FCk7_Aowg4cTm-Qc11GEabal3XpbRZwi1u15rjt4KdHMG24cNHv=s800-c-k-c0x00ffffff-no-rj,"javascript|programming|coding|computer programming|web technology|learn programming|website programming|creating websites|how to create website|javascript programming|javascript coding|how to code|create computer programs|create softwares|how to create softwares|how to code softwares","Technology|Knowledge|Lifestyle (parent topic)"
168,UCAiMg1zvSVTj1h6v1KiRFrQ,"JavaScript NZ","The outlet for all JavaScript New Zealand related media.",2015-10-07T03:05:30Z,,NZ,75190,658,89,https://yt3.ggpht.com/ytc/AIdro_kIebW0oP5uSzWprNskbL1pKZQw7UsEkJXnrdV2yQYz8mQ=s800-c-k-c0x00ffffff-no-rj,"JavaScript|nzjscon|New Zealand","Lifestyle (parent topic)|Society (parent topic)|Knowledge|Technology"
169,UCJYTMGbtBliMSG8gadRHK2Q,"JavaScript Air","JavaScript Air is a live video broadcast podcast. The episodes run over Hangouts on Air live every week and get uploaded to YouTube and an audio podcast afterward. Topics include all things around JavaScript and Web Development.",2015-11-14T14:45:29Z,,US,97163,3960,46,https://yt3.ggpht.com/ytc/AIdro_nB8k18UMUdimChkBJMfft24wlZ9Nj6CWJwCvOy0TY3Eg=s800-c-k-c0x00ffffff-no-rj,JavaScript|podcast,"Lifestyle (parent topic)|Technology|Knowledge"
170,UCKPbiit_j8ycmkutM0wVzdA,JavaScript.ru,,2007-06-30T11:06:32Z,,RU,7638086,46900,276,https://yt3.ggpht.com/ytc/AIdro_mjVKATXc9wkqJfJ3PH4hbo8YD0PkBdwF_EVLfifQZTpA=s800-c-k-c0x00ffffff-no-rj,,"Technology|Knowledge|Lifestyle (parent topic)"
171,UCJqXkOwrq7uBn-sn_Fvce9Q,AsmrProg,"Hello, It's me Reza Mehdikhanlou and welcome to my channel ""AsmrProg"". Here I upload ASMR programming tutorials related to HTML, CSS, Sass, JavaScript, React, PHP, Frameworks such as Bootstrap and more along with creative UI/UX Designs, CSS Animation and Effects. You in this channel will learn how to Create Responsive Websites and web apps using modern languages, frameworks, and libraries! AsmrProg is a community for web developers from all levels to learn and grow their skills in front-end and back-end web development. I hope that you will learn something & to stay tuned subscribe to the channel to get latest updates so do Subscribe to our channel and press the bell icon to get notification first. You can support me only by subscribing my channel! i don't want money support! ",2022-07-26T11:58:28.050297Z,en,TR,23303775,406000,156,https://yt3.ggpht.com/fErwCZk3mSh4RW0KhIDlsdLF8r5myXKcg2tHeVPyLoVR86rnkSb5II1s4v1lC7Muqd5asy0Ruxw=s800-c-k-c0x00ffffff-no-rj,"asmrprog|coding|programming|bootstrap|asmr prog|asmr programming|web design|asmr coding|no talking programming|no talking coding|frontend development|asmr web programming|keyboard asmr|asmr javascript|coding tutorial|html css tutorial|web design tutorial|html css javascript|bootstrap tutorial|frontend design|frontend tutorial|complete website|responsive design|responsive web design|web design bootcamp|web design coding bootcamp|web coding bootcamp","Lifestyle (parent topic)|Technology|Knowledge"
172,UCL-LarRFFQcYdyqFhJ2Pw4w,"JavaScript Armenia","We run the JavaScript Armenia community 🥷 ",2018-11-30T11:28:21Z,,AM,16017,425,34,https://yt3.ggpht.com/ADgYCd8NLl-XvjkCi611nn83IFEBEjnafZ-Pif0_Z_R8ZYdd-kclH0APSX0ut0OdvL08Dd1lzA=s800-c-k-c0x00ffffff-no-rj,nodejs|node|javacript|web|programming|comunity,"Technology|Knowledge|Lifestyle (parent topic)"
173,UCdcofE-IXAIJM54DisNhmlQ,"Игорь Антонов — про JavaScript и разработку","Привет! Меня зовут Игорь Антонов. Когда-то я преподавал профессиональные курсы по JavaScript, React и Node.js в HTML Academy и писал статьи в журнал ][акер (https://xakep.ru). А теперь делюсь знаниями на своём авторском канале. Пишу код почти 19 лет. До сих пор нравится программировать и делиться знаниями. В своём канале публикую уроки по JavaScript, разбираю задачи и рассказываю про нюансы языка. Изучаете JavaScript? Присоединяйтесь! ",2010-05-25T00:39:24Z,,RU,112562,3900,50,https://yt3.ggpht.com/wT2jeerefAHYnhFm99bPJjTB5P0jj9h6Xr_KfYbZ0S515WDRgOFLvTfCZ1f7eju6NKVY8Qqt=s800-c-k-c0x00ffffff-no-rj,,"Technology|Knowledge|Lifestyle (parent topic)"
174,UCEqc149iR-ALYkGM6TG-7vQ,"Franks laboratory","Creative coding experiments, generative art & game development with vanilla JavaScript & HTML canvas. No frameworks and no libraries. Every project is explained line by line as I write the code using just plain vanilla JavaScript & HTML5 canvas element. If you want to SUPPORT me you can use the links below and get some one my EXTENDED classes! :) https://www.udemy.com/course/learn-creative-coding-with-vanilla-javascript/?referralCode=7C560D4661C5C59262BB https://www.udemy.com/course/learn-game-development-with-javascript/?referralCode=69874A38D543D7F510F2 https://www.udemy.com/course/learn-html-canvas-pixels-particles-physics/?referralCode=F7977062A4BC964A1F5E https://www.udemy.com/course/remake-retro-games-with-javascript/?referralCode=2ACCA21F16FE78E631F7 Get Skillshare FREE for 1 month: https://www.skillshare.com/en/r/profile/Frank-Dvorak/507488567?gr_tch_ref=on&gr_trp=on ",2019-07-31T12:24:31Z,,GB,4083694,87700,122,https://yt3.ggpht.com/ytc/AIdro_lUm61DtuV0Mi1ECaYf10ZJIeAexR9NugGAZQnbrzqJ0g=s800-c-k-c0x00ffffff-no-rj,"JavaScript|frontend|webdev|web|development|Animation|Effect|guides|HTML5|CSS3|javascript|html|html5|css3|javascript|fractals|html canvas|vanilla javascript|front end web development|creative coding|html canvas|html5 canvas|vanilla javascript|javascript tutorial|vanilla js|vanilla js tutorial|javascript animation tutorial|creative coding|creative javascript|vanilla js tutorial|css animated effect|css animation|generative art|particle systems|game development","Gaming (parent topic)|Knowledge|Technology|Lifestyle (parent topic)"
175,UCorTdFn5brnRXcZcvvbAeZw,"JavaScript Gato","Let's Dive Deep into Javascript beyond the basics with Purrgrammer Cat😺",2022-10-17T01:36:11.076531Z,,,43192,56,42,https://yt3.ggpht.com/2ecTEiXSxD0k0RYS206VLKubYvlXj4zr3rL_SL69XcqOoI2iLMYV-Dqxg2NSh61uW420mW1qvw=s800-c-k-c0x00ffffff-no-rj,,"Technology|Knowledge|Lifestyle (parent topic)"
176,UCyRG29nqawSKNmhAtAC941A,"Javascript Wild",,2021-10-27T01:26:53.52707Z,pt,,28,4,1,https://yt3.ggpht.com/b94YKDO7EnIoJVqNEoHNZESCOe2xlD09dtXo21gWhGumU2U5hQ-fO48ejKpdMtblrZeo-AirTg=s800-c-k-c0x00ffffff-no-rj,,
177,UCpDh9ixvvgCMdGzZazRIjHg,"Javascript Lover","Web Development And More ...",2021-04-06T18:32:51.664825Z,,EG,2068,37,10,https://yt3.ggpht.com/ytc/AIdro_lP6pV0VnkEkOOY1TKbeJ_iXzV7bA049ZPo6IFASry25A=s800-c-k-c0x00ffffff-no-rj,"javascript|javascriptlover|web|webdevelopment|html|html5|css|css3|react|reactjs|developer|bootstrap|jquery|angularjs|script|learn|java|frontend|backend|vuejs|nodejs|php|github|git|asp.net|slider|modal|normalize|matrializ|c#|js|plugin|wordpress|course|Express.js|api|ajax|axios|ejs|ejs5|ejs6|databases|sql|MongoDB|Mongoose|Deploying|Application|Challenge|dom|bom|web developer|javascript lover|mohamed script|learn javascript|full stake|command line|net core|web team|c sharp|javascript plugin|web training|js course|javascript course|Web Application|js dom|js bom","Knowledge|Technology|Lifestyle (parent topic)"
178,UCzF74mnOmqSqogqpWrCC1tQ,"Art of Javascript","Hey, I’m Nitish Mankeshvar — a developer who loves teaching, building, and thinking out loud. This channel is where I: Teach coding in a way that’s clear and project-driven (React, Node.js, etc.) Help frontend devs grow into fullstack thinkers Share ideas about creativity, productivity, and life in tech Build cool stuff, explain how it works, and talk about why it matters Whether you’re here to level up your dev skills or just curious about the dev life from a real, human angle—welcome. Let’s grow together. ",2024-04-17T16:46:57.826756Z,,,14584,67,28,https://yt3.ggpht.com/T5-V2tNcdi4ge4vO2-hGo0-AEKlnimiz-7Dn6LGTtbsD06mdTnn74aRHJXnAFkszLn_z3hNW5pE=s800-c-k-c0x00ffffff-no-rj,,"Lifestyle (parent topic)|Knowledge|Technology"
179,UCJ5bPdk6J1Zvaz7onePKQGA,"Tech Jashwanth","Hellooooo🤩🤩, Naa Peru Jashwanth and Nenu one of the ""Big 4"" companies lo full-stack web developer ga work chesthunna. I currently have 1.5 yrs of Professional experience. Meeku job kavali. Job ravali antey meeku skills undali. Aah skills ni nerpinchey channel ey mana Tech Jashwanth Channel. Telugu lo, Scratch nunchi asala neeku tech related knowledge leka poina parledhu. Neeku clear ga ardham ayyela explain chestha😎. Endhuk antey nen kooda meelaga own ganey nerchukunna kabatti. Enti nammatledha? Mana channel lo edhoka video choodandi.... Meekeh ardham aipoddhi. Skills develop cheskovali ankuntey..... Ventaney mana channel ki subscribe cheseyandi😁😁. Every Friday kottha video release avthndhi. Aaah video ni alaa follow aipondi, meek endhuk Raadhoh chooskundham. Happy ga osthadhi. All the best🤘🤘 Subscribe mukyam bigiluu🔥🔥 Linkedin: https://www.linkedin.com/in/jaswanth-sadaram?utm_source=share&utm_campaign=share_via&utm_content=profile&utm_medium=android_app ",2024-09-15T13:02:37.213628Z,,IN,657834,17000,95,https://yt3.ggpht.com/27sar-8LfOdhsOSihQlM4VqC2DjUVcCB5oAh46msb8Hn6u2tE6H2U2eu_sKr-bslVZaNyKyIHA=s800-c-k-c0x00ffffff-no-rj,"tech|Web development|iN TELUGU|WEB DEVELOPMENT IN TELUGU|TECH 2025|tutorial in telugu|java script|javascript 2025|full-stack web develpment course|telugu tutorials|beginner tutorials|tech jashwanth","Lifestyle (parent topic)|Knowledge|Technology"
180,UCgo3821y1qqziPWhKtpnvcw,"Javascript - Typescript",,2014-07-12T14:27:09Z,,,608,34,5,https://yt3.ggpht.com/nZYlB8f3fnmSAQhRUwtoGz6t1CaIo9rHSHuG53xcEDPEctlCffMFxJqnS6NsFTD4jUWxAq7lyYI=s800-c-k-c0x00ffffff-no-rj,,"Lifestyle (parent topic)|Knowledge|Technology"
181,UCBPvW72CMAilA8klYogSqtw,"Javascript Janice","Jiayuan (Janice Liu) of the Bronx High School of Science, Class of 2017, teaches you JavaScript, the programming language of the web. All are welcome to enjoy these fun, free educationsl videos, but Janice especially hopes to inspire other girls to discover that Computer Science isn't just a ""guy thing"" and that they can learn to code too! Functions, button events, loops, arrays--all the basics are covered in these engaging, step-by-step video presentations--so let's get started! Full starter and solution files are available for download from the info box. Prerequisite: Basic HTML and CSS",2016-09-25T00:44:23Z,,,1505,25,10,https://yt3.ggpht.com/ytc/AIdro_lacjd9I3VFGJJdOd_NxQMo0zRr71fzAo-0vv0OGZs-TQ=s800-c-k-c0x00ffffff-no-rj,,"Technology|Knowledge|Lifestyle (parent topic)"
182,UCoR1tk-JgNm5_AnWIg0tsFA,"LEARN JAVASCRIPT","Learn JavaScript.",2019-11-28T23:52:31.60385Z,,GB,58215,153,188,https://yt3.ggpht.com/7fp6D2LnGoI3yRclyqmur3tf-XXDBpStmOHEod8AAccFxDubV_mHmfXQEwArV9nULfWSFF8Esek=s800-c-k-c0x00ffffff-no-rj,javascript,"Lifestyle (parent topic)|Knowledge|Technology"
183,UCU_5O4YphmPw_R4_RTIopPA,"Javascript in Hindi","I explain javascript concepts in Hindi by adding some fun to it. Follow me on twitter https://twitter.com/UnboxingJavasc1 ",2020-07-25T14:18:14.278939Z,,IN,41648,1140,16,https://yt3.ggpht.com/azvVg8-NaisrXQ3qeeoJv8oKiojy5BjdvbLPnDT9oUhxQKNHqk78VQSDg7TAIEb93jAoBD4Epz0=s800-c-k-c0x00ffffff-no-rj,"javascript|nodejs|hindi|promise|callbacks|async/await|expressjs|full stack","Lifestyle (parent topic)|Knowledge|Technology"
184,UCc7gpqMnnOSbU_F2-5MVVZw,"Sheryians Coding School","The Sheryians Coding School is a step towards helping our Indian audience to learn modern design and coding practices.",2020-08-07T12:45:27.551897Z,,IN,65417344,616000,580,https://yt3.ggpht.com/t8z86Svc4diX-k6VHCZ7AY0EFgVin91qLZigPwJLnavVaB0YPa0etWa-c7bG1BUEcbB4U4im=s800-c-k-c0x00ffffff-no-rj,"sheryians|sheryansh|shery|sheryans|sehereyan|sairiyansh|sairiyans|coding|sheryash|sher|shreyans|sheryianscoding|webdevelopment|coding school|sheryansh coding school|sher coding school|shreyansh coding|harsh sharma|sarthak sharma","Lifestyle (parent topic)|Knowledge|Technology"
185,UCZvv8EtSuh9PUhUBv0f8_CA,"Javascript Ninja -Bangladesh","Welcome to JavaScript Ninja, your premier destination for mastering web development! With over 10 years of experience in full stack development and 6 years in educational roles, I have guided thousands of learners to achieve their career goals in the tech industry. At JavaScript Ninja, we provide detailed tutorials and comprehensive guides on a wide range of topics, from the basics of HTML and CSS to more advanced subjects like React JS, Node.js, MERN Stack, Headless CMS, PHP, and Python. Our content is designed for everyone from beginners who are just starting out, to seasoned developers looking to deepen their knowledge. Subscribe to JavaScript Ninja for regular updates featuring the latest tools, cutting-edge techniques, professional tips, and practical applications that will keep your skills up-to-date and market-ready. Join us on your journey to becoming a skilled full stack developer and excel in the dynamic world of web development! ",2017-05-16T13:54:27Z,bn,BD,425827,8080,329,https://yt3.ggpht.com/mkHaJfOh3qi7I8zbDt7mtnO1NySdRQZriUmvoeW4xORezzA4QgotVJI3xsb58kJo7fYdDM6Vr_E=s800-c-k-c0x00ffffff-no-rj,"node.js|Web Development Tutorials|Web Design Tutorials|Learn Programming|javascript bangla tutorial|bangla javascript tutorial|bangla programming tutorials|react bangla tutorial|Node.js bangla tutorial|react js|node js|MERN stack","Technology|Knowledge|Lifestyle (parent topic)"
186,UCeeQKQfOrQK1aiYCHwfWkCA,"Longswitch Javascript Academy","Learn JavaScript frameworks for free with Longswitch JavaScript Academy.",2024-05-10T15:51:52.446417Z,,IN,336,15,9,https://yt3.ggpht.com/0DzQ2NZn0vOZu-ejpcFqDOBhmpcGg2HbrRHBFRreZg7ywvl-umHPdtFB_aU1ULD8hh7U-eckXg=s800-c-k-c0x00ffffff-no-rj,"JavaScript|Coding|Programming|Longswitch|ES6|free|JavaScript Tutorial|JavaScript for Beginners|Variable Naming Conventions|Web Development|Learn JavaScript|JavaScript Variables|Coding Best Practices|JavaScript Basics|JavaScript Naming Conventions|Web Development Tutorial|Coding Tutorial|Programming Tutorial|2024 JavaScript Guide|JavaScript Tips|Academy Longswitch|Longswitch Javascript|Longswitch Javascript Academy|Javascript Crash Course|Javascript Bootcamp","Lifestyle (parent topic)|Knowledge|Technology"
187,UCRMI_7WSiNHe2590vTMNKdw,"JavaScript Kingdom","Master JavaScript, ReactJS, NodeJS: Tutorials, Projects, and Coding Tips!",2018-12-26T17:34:59Z,,IN,1966,47,11,https://yt3.ggpht.com/ytc/AIdro_mdmvQjhM7f5cY0N1FG8uFsGGnpUCI0AuwU84slN8hfUg=s800-c-k-c0x00ffffff-no-rj,"javascript|reactjs|nodejs|coding|JavaScript kingdom|reactjs interview|web development|Coding Tutorials|Full Stack Development|Coding Projects|Learn to Code","Lifestyle (parent topic)|Technology|Knowledge"
188,UC7uzuZJIYzcxV9JJ1yAtHHg,"Complete Coding by Prashant Sir","👉 Why choose Complete Coding? One-Shot Courses: Learn HTML, CSS, JS, React, C, C++, Java, Python, and more in just one video! Easy to Understand: Perfect for beginners! We use simple words and real-world examples. Expert Guidance: Courses are led by seasoned programmers to give you the best learning experience. 👉 Features 📚 Comprehensive Library: Access a wide range of courses and tutorials. 📥 Download & Offline Viewing: Learn anytime, anywhere! 📈 Progress Tracking: Keep tabs on your learning journey. 💡 Quiz & Exercises: Test your skills with quizzes and coding exercises. 👉 Who should download this app? 👨‍🎓 Students looking for quick and easy coding tutorials. 👨‍💻 Professionals who want to brush up on the latest technologies. ",2021-07-25T05:31:02.3933Z,,IN,16808565,274000,94,https://yt3.ggpht.com/BQVUuRtVtau71dBT6Wa1kzM05YPbaLm3dhZe-wMij2t7YO2AKBLTGe8sAqwlX-oDoaMvD-M1qQ=s800-c-k-c0x00ffffff-no-rj,"html|css|javascript|java|c|React|Redux|git|github|nodejs|express|expressjs|node|mongo|mongodb|coding for beginners|coding class|coding kaise seekhe in hindi|programming for beginners|programming in c|programming in python|knowledge gate|computer programming|python tutorial|computer programming language|knowledge gate programming|mern stack|introduction to programming|programming for problem solving|let us C","Technology|Knowledge|Lifestyle (parent topic)"
189,UCOdMsopNUlncKUeyLuyT4CA,"Learn Javascript With Celebrities","Welcome to ""Learn JavaScript With Celebrities""! 🎬👩‍💻!!!!! Learn JavaScript with the voices of your favorite celebrities! Our channel offers fun, beginner-friendly tutorials narrated by top celebrity voices, making coding more entertaining and accessible. Why Subscribe? Celebrity Voiceovers: Coding lessons narrated by celebrity voices. Easy Tutorials: Perfect for beginners and those brushing up on skills. Fun and Engaging: Humor, pop culture, and practical coding tips. Weekly Updates: Fresh content to keep you motivated. Join us for a unique coding experience. Subscribe, like, comment, and share to make coding fun for everyone! 🚀 #JavaScript #Coding #Celebrities #LearnToCode #Programming #Tech #kanye #donaldtrump ",2024-06-25T05:57:15.421938Z,,US,3515,39,46,https://yt3.ggpht.com/6b_KkGIidKL5tHhF-dfA61NCgp9r0N0u1MwLFkVgbwsemp-qBtInVGL6sRbHfWt6w09Qu536gdo=s800-c-k-c0x00ffffff-no-rj,,"Technology|Society (parent topic)|Lifestyle (parent topic)"
190,UCNmIM7bDXu4ej8h2zNpD3nQ,"Young Javascript™ - Topic",,2022-09-16T18:35:26.193254Z,,,1534,8,49,https://yt3.ggpht.com/rEh4kIqigV6ea58jwff-Kt54a_FxLvOx5cJuW0d7U629pT2to3cDy-VL2CLJwTguzdqQaDLUeQ=s800-c-k-c0x00ffffff-no-rj,,"Pop music|Hip hop music|Music (parent topic)"
191,UCq2QRgBgj2F78vCqeCTLZIA,"Let'sLearn javaScript","if you want to learn you have to practice",2013-04-14T04:54:17Z,,US,16497,50,48,https://yt3.ggpht.com/ytc/AIdro_m3dBHJRf0N8cIWRyRFi6-qnAilu104TtYjpb9TWn87MWQ=s800-c-k-c0x00ffffff-no-rj,"learn|javascript|js|programing|web|website|web devloper","Lifestyle (parent topic)|Technology|Knowledge"
192,UCTahtdQXiwgA5f72C316OPg,"Javascript Duniya",,2017-11-05T07:45:32Z,,IN,90066,473,10,https://yt3.ggpht.com/ytc/AIdro_nlq9QYxZ8JC0Tk0c0KMAb5576b8QibxgICeVkMwhuIVA=s800-c-k-c0x00ffffff-no-rj,,"Lifestyle (parent topic)|Knowledge|Technology"
193,UC-QLxQ7cFp-3CFnSZO6oXXw,"Coder Army","Hi Coder, We are on a mission to create Best Coder in our Country and for that we are putting best content for Students. I am Rohit Negi who graduated from IIT Guwahati and got Highest Placement in India in 2021. I got AIR 202 in GATE CSE in 2020. ",2023-08-10T04:52:41.055Z,,,14599673,226000,299,https://yt3.ggpht.com/L5V_uwm8Dg7o40NU9gQ_c-r3TC6dkMxVil0fBG_N_wYnnSaHZc1dVYNlRNUy4U1gd5ViZR9V=s800-c-k-c0x00ffffff-no-rj,"DSA|LLD|HLD|DSA in C++|Data Structure and Algorithm|Coder Army|Coder Army DSA Sheet|Rohit Negi DSA Course|Full DSA Course Playlist|Introduction to Programming|System Design","Technology|Knowledge|Lifestyle (parent topic)"
194,UCPpTzMaHetvfC1ez-Sr5WxQ,"Richmond JavaScript Conference",,2025-03-31T20:52:43.55105Z,,US,1067,39,16,https://yt3.ggpht.com/9yAsP7FrKkZs6F0D8jDLNvEtaIUu7PYMAmSdxUVqMm-QtCM4npkOeI6B46jugXsu13bDVZiPPw=s800-c-k-c0x00ffffff-no-rj,,"Technology|Knowledge|Lifestyle (parent topic)"
195,UC8YUGK8z3kaj-MKhaimWG4Q,"Learn javascript with me","Learn to work with me on Html css JavasCript React and other types of applications",2023-06-21T13:39:38.172455Z,,RU,324,16,15,https://yt3.ggpht.com/TPOwwo_k4nff6aIV53XUsDrZVb2SPC7KZRpUIBIW31a9TG64KB35HpuG0syY0rh-9nuMqIIRMw=s800-c-k-c0x00ffffff-no-rj,"Sodiqjon|js|HTML|CSS|Dasturlash|JS-обучение|Программирование|Programming|Sodiqjon Web|HTML Organamiz|CSS Organamiz|HTML CSS organamiz|web dasturlash|js kiript orgamiz|Выучить HTML|Изучайте CSS|Learn CSS|Learning HTML|Learning Js","Lifestyle (parent topic)|Technology|Knowledge"
196,UCORsP9cA96byPuFtPujjfqA,"JavaScript Meetup","This channel is an extension of JavaScript Meetup Bangalore. A community run as not-for-profit to enhance knowledge on JavaScript language and web frameworks. Expanding online to reach beyond Bangalore. Subscribe to this channel to get notifications on upcoming webinars. Join meetup group to attend future meetups: https://www.meetup.com/JavaScript-Meetup-Bangalore/ Discord: https://discord.gg/7XaP74J ",2017-09-05T14:59:18Z,,IN,19349,1590,43,https://yt3.ggpht.com/Bf5FysfOX5qCSslQCoUgsd16tkoDRpDxhW5GX0dN2PN6YY797vYsNCgqUKyy6KCAzqeS156q3A=s800-c-k-c0x00ffffff-no-rj,"JavaScript|Webinars|JavaScript Meetup|JavaScript Meetup Bangalore","Knowledge|Technology|Lifestyle (parent topic)"
197,UCv8PDEhR-rj70LoJv0P0HFg,"JavaScript Helper",,2016-03-21T03:45:20Z,,,26413,249,100,https://yt3.ggpht.com/ytc/AIdro_muEJM9WI8gb3ZlisrK-NH0wBVDuqDeEWzMOM4bbBtXoVU=s800-c-k-c0x00ffffff-no-rj,,"Lifestyle (parent topic)|Technology|Knowledge"
198,UC5RaUohNt4pGJ8_jj0LiKrg,"Pain Thru Javascript","I am going to upload some short videos showing me coding web apps in Javascript. The first series will contain the full implementation of a web app from scratch without any major framework like Vue, ExpressJS or React. ",2021-08-30T06:47:29.683396Z,,,567,18,9,https://yt3.ggpht.com/fHRih3qx9R8kit-zJhgRWyAEW2mD91l8KWFEeRY45Jhvw1bNkNOt3Oe2BFlMhpMqYr6XiA4C-kY=s800-c-k-c0x00ffffff-no-rj,,"Knowledge|Technology|Lifestyle (parent topic)"
199,UCb1pYk7Ql4TTR3RAijiJsgA,"JavaScript Projects","Are you passionate about coding, creativity, and unlocking the true potential of JavaScript? Look no further! 🌟 On this channel, we dive deep into the world of JavaScript projects, where innovation meets imagination. Whether you're a seasoned developer or a curious beginner, our mission is to inspire, educate, and entertain you with a wide array of exciting and practical projects. Why Subscribe? 🔹 Engaging Tutorials: Want to build something amazing on your own? Our tutorials are designed with you in mind. Follow along and develop your skills, one project at a time. Join me and let's embark on this JavaScript journey together! Don't forget to hit that Subscribe button and turn on the notification bell to stay up-to-date with our latest projects and tutorials. Get ready to unlock the full potential of JavaScript and create wonders that will leave you and your viewers amazed! Let's code, innovate, and inspire together! 💻🎨🌈 ",2022-03-26T06:45:12.942648Z,,,4332,41,4,https://yt3.ggpht.com/O-tyHxzIFXA__i8L9JTRsprGFzyej3S5PunJANplYkjz1GSZj5Mw2GZpsOq5Y0edIDNUCKnQzgI=s800-c-k-c0x00ffffff-no-rj,"JavaScript|Coding|Programming|JavaScript Projects|JavaScript Beginner Projects|JavaScript Projects for beginners|Learn Programming|Learn Coding|Learn how to code","Knowledge|Technology|Lifestyle (parent topic)"
200,UCo5ZSptH5iJldcN_LupBRkw,"Speak In Javascript","Welcome to Speak In Javascript. Here we upload videos related to Javascript and JS libraries / Frameworks. Please do Subscribe to become pro in JS.",2021-01-03T19:44:00.883856Z,,,248,20,2,https://yt3.ggpht.com/ytc/AIdro_klQLUf56m7bT59GLYT97_4ow1QT-G8v3quCZvGKoQ0=s800-c-k-c0x00ffffff-no-rj,,"Knowledge|Technology|Lifestyle (parent topic)"
201,UC6I_92yAioURUXq-uMJ-JoQ,"JAVASCRIPT - Topic",,2016-02-14T12:51:23Z,,,4071,11,15,https://yt3.ggpht.com/qipbxo2kdIbls6A2ADLmq69BiCDj11OljxxYpvaATKx5JyUGPmE_5yf-OurBMxv1UXMsiXSr=s800-c-k-c0x00ffffff-no-rj,,"Hip hop music|Pop music|Music (parent topic)|Electronic music"
202,UCy14dvlHvVLn0ohYS6YNRsw,CodeWellTech,"#Codewelltech - Subscribe to our youtube channel and Watch videos on HTML,CSS, JavaScript, Angular, React, Java, NodeJs, C#/.NET, ASP.NET Core, C, C++, BootStrap, JSON, JQuery and other technologies that required to become or work as a Full-Stack Developer/Web Developer/Mean stack/MERN Stack developer. Our Youtube Channel: https://youtube.com/codewelltech Follow us on facebook: https://facebook.com/codewelltech website: https://codewelltech.github.io/ Happy coding! Happy Learning. ",2020-06-29T11:49:54.372427Z,en-IN,IN,542874,6620,170,https://yt3.ggpht.com/w8HbkfaqnxFrHMJ_PO8zc22kUMTs5XpLgaxGeh8WGslPyTjjKS8JO85-dzHVNgJwNpMnD0LAkA=s800-c-k-c0x00ffffff-no-rj,"CodeWellTech|beginners|learning|reactjs|react|c#|sql|codewelltech|flexbox|css|javascript|js|angular|react|reactjs|learning|beginners|Learn HTML|Learn Javascript|Learn TypeScript|Learn Node JS|Learn Angular|Learn CSS|WebSite development|reactjs for beginners|angular for beginners|async await javascript|async javascript|form validation using javascript|html for beginners|css for beginners|es6 javascript in 1 hour|arrays in javascript","Technology|Knowledge|Lifestyle (parent topic)"
203,UCOYBSJDORIlpK9H2mxfaNAQ,Javascript.HTML.CSS10,"HTML, CSS, Javascript ",2024-05-24T20:24:50.408069Z,,BR,87,2,2,https://yt3.ggpht.com/N9LgEW7BC-5Y6NfRjyjYzf3oKsisNguiU453_darn7a7XtXW_h6vu_fbHuCkOPxabeHB7H1w=s800-c-k-c0x00ffffff-no-rj,"Front-end|Javascript|Programador|Projetos em Javascript|Portifolio para Front-end|Desenvolvedor Front-end|Aprender HTML CSS JavaScript|Como Aprender a programar|Projetos para Front-end|code javascript|Developer front-end|Project in Javascript","Lifestyle (parent topic)|Technology|Knowledge"
204,UCmGBSzq80lnct1BqGeSw4ug,"FullStack JavaScript Channel","Channel to learn different JS technologies and frameworks with practical coding. sinewioxyg ",2022-09-22T10:13:05.407946Z,,DE,30879,1170,18,https://yt3.ggpht.com/rSzwSOYli2_vvIqUDBEc6ruFGZaUUcXpm3_pclqufwI1SJxGCtwtgPrQpNU9bwE4gbn_NKul=s800-c-k-c0x00ffffff-no-rj,,"Lifestyle (parent topic)|Knowledge|Technology"
205,UC0s2x8zFdLZHD25nJIpwjpQ,"Задачник по JavaScript","Рассказываю как решать задачи по JavaScript начинающим программистам",2023-06-09T00:21:10.391911Z,,RU,220,8,13,https://yt3.ggpht.com/up5x-MGHlSp-JgMjnAiR3tdseqjVClQtcFyQNVjOw7v1UN46ZofIBl-htEPFot5NufGansfzDQ=s800-c-k-c0x00ffffff-no-rj,курсыпрограммирования|кодинг|javascript|codewars|interview|собеседование|coding,"Technology|Knowledge|Lifestyle (parent topic)"
206,UC-23KMnuvUhzK6hlZeEQnpQ,"Javascript Descomplicado","Vídeos rápidos e práticos sobre Javascript, esta poderosa linguagem de programação que vem transformando a Web.",2020-07-04T16:48:33.489953Z,,,447,6,1,https://yt3.ggpht.com/ytc/AIdro_mKryRJ2-Bv1aw-lTlxDBtFOhf21ghu2L6KPDc9HvlCMw=s800-c-k-c0x00ffffff-no-rj,,
207,UCZh6RyZuRwvzPbu8lnBDlzg,"Javascript Genius","Welcome to our channel where we share valuable tips and tutorials on web development and programming. Our channel covers a wide range of topics from HTML, CSS, JavaScript, React, React Native, Nodejs, Angular, Vue, and more. Stay updated with the latest trends and technologies in the industry by subscribing to our channel. Whether you're a beginner or an experienced programmer, our videos will provide you with the knowledge you need to take your skills to the next level. Join us on this journey to become a better web developer and programmer today! Chanel link: https://www.youtube.com/@rishthekingboy",2018-07-04T02:50:49Z,,,1078,15,5,https://yt3.ggpht.com/ytc/AIdro_lT8Qu4LCD_pf9EwiAYpLW0gk_IeN8X9SN8VrwEe_FldWB8_Tdy3pM5DhTGCs4a8PJ_Cg=s800-c-k-c0x00ffffff-no-rj,,"Lifestyle (parent topic)|Technology|Knowledge"
208,UCRaJWTbf5lFOEnfOFu7L7iQ,"Александр Дудукало","Тот самый канал про IT. ",2013-09-09T13:34:57Z,,RU,4495562,23500,212,https://yt3.ggpht.com/ytc/AIdro_lOvG9-i6-61LY9C0tkn3zko_GP7JwbNQTL8xTDvBeYXPch=s800-c-k-c0x00ffffff-no-rj,"Frontend|Фронтенд|Программирование|JS|Верстка|HTML|CSS|Дудукало|Веб-разработка|Javascript|Разработка сайта|Уроки Javascript|Уроки верстки|Уроки HTML|Уроки фронтенд|Курс Javascript|Обучение javascript с нуля|Обучение javascript|Базовый Javascript|Javascript для начинающих|Бесплатный уроки Javascript","Lifestyle (parent topic)|Technology|Knowledge|Gaming (parent topic)"
209,UCC-aIlmCJvIERahr2spCEDg,"JS Bangladesh","JS Bangladesh is a dedicated YouTube channel to learn web programming with quality video tutorials in Bangla language by Saidur Rahman Setu.",2011-07-18T16:34:58Z,,BD,967299,28400,144,https://yt3.ggpht.com/2-wTdyXB6EKR5LFN3Yg6XKfwKUQSWiSm2Uv--tfVZt_F1zN5kCjs17Q9ugqiw00PmEy8Y3zF=s800-c-k-c0x00ffffff-no-rj,"আউটসোর্সিং|ফ্রিল্যান্সিং|JS|Bangladesh|web design|বাংলা ভাষায় ওয়েব ডিজাইন|web development tutorials for beginners|web design courses|ওয়েব ডিজাইন টিউটোরিয়াল|web design tutorial for beginners|free bangla tutorial|web design bangla|basic web design tutorial|javascript by setu|saidur rahman setu|javascript bangla tutorial|js bangladesh|learn with setu|live project js","Technology|Knowledge|Lifestyle (parent topic)"
210,UCmyhw3CIvgZydVk-LNkiTQg,"Northwest Chicago Javascript","Meet other Javascript developers, learn about the latest coolness or some basic fundamentals.",2017-02-17T18:48:51Z,,,24733,358,85,https://yt3.ggpht.com/ytc/AIdro_mtC7o62NVA3jPdopcFSJpLfNsrMCMrSmmkAs3KF639zg=s800-c-k-c0x00ffffff-no-rj,javascript,"Technology|Knowledge|Lifestyle (parent topic)"
211,UC-bWpecAdZ5wSM9i1Mn8n-A,"Node.js Israel",,2018-01-22T12:38:19Z,,IL,15869,497,84,https://yt3.ggpht.com/ytc/AIdro_lRLwViZofQxRcfwYFX3gzFK1XbDEvaSbqVcPwoyCHw2g=s800-c-k-c0x00ffffff-no-rj,node|node.js|israel,"Knowledge|Technology|Lifestyle (parent topic)"
212,UCakEn5laOA6N7_dEdKbv3zA,"Tutoriales JavaScript","¡Bienvenido a tu canal de programación especializado en tecnologías JavaScript! 🚀 Aquí encontrarás tutoriales paso a paso, proyectos reales y contenido práctico sobre JavaScript, TypeScript, Node.js, React, Angular, Vue, Express, APIs REST, MongoDB y más. Si estás aprendiendo a programar o quieres mejorar tus habilidades como desarrollador web full stack, este canal es para ti. Publicamos contenido educativo, retos de código, consejos de buenas prácticas y herramientas modernas del ecosistema JavaScript. ¡Únete a la comunidad, aprende con nosotros y lleva tus habilidades al siguiente nivel!",2015-06-16T22:30:18Z,es-419,CO,285,7,3,https://yt3.ggpht.com/YdoQBhbqoM-anTc1kFzTLk2AnpwJz1Y3qaD2v0lOvlsnhw4H1YD1Ct7eKOBwhBRyH-DUuESoww=s800-c-k-c0x00ffffff-no-rj,"Codigo|Abierto|JavaScript|TypeScript|Node.js|React|Angular|Vue.js|Express.js|Next.js|NestJS|MongoDB|Firebase|HTML|CSS|Webpack|Vite|GraphQL|Frontend|Backend|ES6|Promesas|Jest|GitHub|leifermendez|midudev|pelaonerd|fernandoherrera|Tailwind CSS|APIs REST|Full Stack|programación web|desarrollo web|JavaScript moderno|programación asíncrona|Async Await|Fetch API|testing con JavaScript|Docker para JavaScript|seguridad en JavaScript|deploy con JavaScript|proyectos JavaScript","Lifestyle (parent topic)|Technology|Knowledge"
213,UCT1NqGVjuQLHTbLNXaGJgCQ,"JavaScript Bro","👨‍💻 Welcome to JavaScript Bro! 🚀 I'm a passionate MERN Stack Developer who loves to share knowledge about JavaScript, React, Next.js, Node.js, Express, MongoDB, and everything in between. Whether you're a beginner or an experienced developer, this channel is your go-to place for real-world coding tutorials, project-based learning, and in-depth explanations of modern web development. 🔥 What You'll Find Here: ✅ Full-Stack MERN Tutorials ✅ Real-time Projects with Next.js & Socket.io ✅ API Development & Database Management ✅ Advanced JavaScript & Performance Optimization If you love coding and want to level up your skills, subscribe now and turn on the 🔔 notifications for the latest content! 🚀 📌 Let's connect & build awesome things together! 💻🎯 ",2020-02-08T10:08:28.378553Z,,BD,70,1,3,https://yt3.ggpht.com/bHiuUdsLK5h4mAX7-jXEXLDODEoh9slspv7kL-tHINcp3sxCmY65a2Z_eC1j8VeRFRWzz0nGoA=s800-c-k-c0x00ffffff-no-rj,"Next.js|React.js|Javascript|Stripe|Html|Css|Bootstrap|JavaScript Bro|Full stack web development|Web development|Mern stack|Front end development|Full stack|Js Full course|Next auth|Javascript project|Web desing|Tailwind css","Lifestyle (parent topic)|Technology|Knowledge"
214,UC51lO__cGX8SgxLeLsUMS9Q,"JAVASCRIPT ","🥇General / Professional Learn JavaScript Fast: Tutorials, Tips & Real Projects! JavaScript Made Easy – Code Smarter Every Day! Master JavaScript: From Basics to Advanced Projects Code JavaScript Better – Snippets, Hacks & Demos The Ultimate JavaScript Channel for Every Coder Beginner-Friendly Start Coding JavaScript – Simple Guides & Fun Projects JavaScript for Beginners – Learn by Doing! From Zero to Hero in JavaScript – Let’s Code Together Advanced / Developer-Focused Pro JavaScript Techniques, Frameworks & Best Practices Level Up Your JS Skills – Deep Dives & Challenges subscribe to the channel 🗿🗿 ",2025-07-16T13:44:20.382857Z,,,1641,3,1,https://yt3.ggpht.com/qmQk4Y46iGRjabLmOOYyM1xT_hfy2tZYfLqszin-cZLBTXpGuCfm1aX4Gg2qo5fvurTL656Hog=s800-c-k-c0x00ffffff-no-rj,,
215,UCg1gkiG8re7gicFewkOSSZQ,"Tamil Developer Studio","Tamil Developer Studio is a YouTube channel that provides educational content in Tamil language related to software development. The channel mainly focuses on programming languages such as HTML, CSS Python, Java, PHP, and JavaScript. The videos on this channel cover topics such as web development, mobile app development, game development, and software engineering. The channel also provides tutorials on popular frameworks and libraries such as React, Angular, Django, and Laravel. If you want to keep up with the latest trends in software development or learn coding in Tamil, Tamil Developer Studio is the perfect channel for you.",2023-03-05T12:58:33.182673Z,,IN,110975,1930,191,https://yt3.ggpht.com/HrXcA8HuVUn7_GxYBo6LhiVntALK33IIRc8xS8zDaeqR0PpTueXs78IAJzQiyPVSiNk7rqAN=s800-c-k-c0x00ffffff-no-rj,"html|packetriot|ngrok|xampp|mysql|css|css|website|mysql|xampp|tamil developer studio|html tutorial|web development|html course|css tutorial|mysql tutorial|learn mysql|install mysql|html tutorial|learn html|html tutorial for beginners|html for beginners|html and css tutorial for beginners|css tutorial for beginners|css full course|html css full course|css full course for beginners|html full course|html tutorial for beginners|html full course for beginners","Lifestyle (parent topic)|Technology|Knowledge"
216,UCjCOdR3PAwnPIFq1OS_c0dQ,"Javascript Essentials","Videos that focus on everything related to JavaScript including Vanilla JS, Node JS, React JS, Angular and so much more. If that sounds like it could be helpful for you, please subscribe my channel ! You can also find me at 1. Twitter: https://twitter.com/karankraina 2. Instagram: https://instagram.com/karankraina 3. Facebook: https://facebook.com/karankraina 4. LinkedIn: https://in.linkedin.com/in/karankraina 5. Github: https://github.com/karankraina",2020-05-17T07:16:22.45292Z,,IN,1620,59,4,https://yt3.ggpht.com/Q7kk-HWYJWYAi-gFXtBQWkXmsbGpXGmXB1DPea2vdz_sE_buOZZcuFTk9V9LGVRrAE02t5xYhQ=s800-c-k-c0x00ffffff-no-rj,,"Knowledge|Technology|Lifestyle (parent topic)"
217,UCDF1PxgaAMRgweE4pq4zDgQ,"Simply Javascript",,2023-01-15T12:26:36.725795Z,,,192,15,4,https://yt3.ggpht.com/vodAheJ5Beor3rmK5IXSE7udHHNVJis4UsiEKMG1OSvD8sU4OfD-9-YsBDRBrdXRIxLLkQRFxw=s800-c-k-c0x00ffffff-no-rj,,"Lifestyle (parent topic)|Knowledge|Technology"
218,UCw7O_qWSj4dWebzq4fhZsCA,"Minuto Javascript",,2018-05-07T02:06:38Z,,,110,170,3,https://yt3.ggpht.com/ghhQq0V4eydU4bq0ZTwAoiCn_ZTSK4l00QrVdRXyefXhhkKqF382jZLD_b3JTW4SXnWA3GLH=s800-c-k-c0x00ffffff-no-rj,"Javascript|Vuejs|Desenvolvimento de Software","Knowledge|Technology|Lifestyle (parent topic)"
219,UC9x8EarXvNKT8r8WOv6QvAQ,"Javascript Best Practices",,2013-09-03T07:48:31Z,,,1763,11,9,https://yt3.ggpht.com/mNGlqSxcUk3ZwDoKQOv5yGRXKIXp7A9-8aPBDs6Bq22csYbFYI7iyHLlycINcLN4ZnM8v7r-vQ=s800-c-k-c0x00ffffff-no-rj,,"Knowledge|Technology|Lifestyle (parent topic)"
220,UCmerPZ8qYFIBeW24tAAqy_Q,"JavaScript Folks","we make basic videos on coding tech or problems like - JavaScript, HTML, CSS & React.js for a daily dose for boost. follow our Facebook Page Link mentioned below: ",2022-06-02T15:45:22.454919Z,hi,IN,37013,1310,138,https://yt3.ggpht.com/BNADQbqMP4lXC3ecvjxXIapXCIDGg7SLiraI_gSfDQRNHN4_p7GGALJafGzgpIBQ9XFgmcf2zgU=s800-c-k-c0x00ffffff-no-rj,"javascript in hindi|javascript and html|html in hindi|css in hindi|daily html in hindi|web development free in hindi|JavaScript kiddye|java in hindi|javascript in hindi|javascript and html|html in hindi|css in hindi|daily html in hindi|web development free in hindi|JavaScript kiddye|java in hindi","Technology|Knowledge|Lifestyle (parent topic)"
221,UCxbvkZpNLpXndTyDxMmk-gA,"Money JavaScript","JavaScrypt Automation trading,PocketOption money.",2020-03-30T16:36:52.161713Z,,,1753,14,7,https://yt3.ggpht.com/7-ottPy6FnRzpnXJeoQf6jiaYYE2OgYHuMOL1A8vZp1Bca-9etHoDavW2DWLTg1fY2CLj0J1=s800-c-k-c0x00ffffff-no-rj,,"Knowledge|Technology|Lifestyle (parent topic)"
222,UC3khvgAn_-wPEJhNliwkcDw,"JavaScript понятным языком","Разбираемся в JavaScript используя понятные для всех слова.",2011-11-17T19:58:57Z,,US,4734,254,38,https://yt3.ggpht.com/ATYk5TT2laGeJvkajY_Aguzd2pJ9S-kPGxNCPBCAwaA4zQridYUFS1mxN8jyX1dEX8RTBRut=s800-c-k-c0x00ffffff-no-rj,javascript|coding|education|js|frontend,"Technology|Knowledge|Lifestyle (parent topic)"
223,UCASkem-wXHwasZk1V7Fhjvw,"Joe Zim's JavaScript Corner","JavaScript and Web Development tutorials and articles from JavaScript expert Joe Zim at http://www.joezimjs.com/ If you love what I do, feel free to leave me a tip: https://www.streamlabs.com/joezimjs",2006-08-26T04:01:37Z,,US,360473,2130,19,https://yt3.ggpht.com/ytc/AIdro_n7y00Kkcx8o5qB9w7LBZaJ-ykWiOg5GXJVzvydZg0n6GA=s800-c-k-c0x00ffffff-no-rj,"javascript|jquery|backbone|marionette|web development|twitter bootstrap","Lifestyle (parent topic)|Knowledge|Technology"
224,UCbTf3Qw6OBpvf8HAVoKImCw,"JavaScript Eternal",,2024-06-22T14:49:00.066113Z,,,890,4,8,https://yt3.ggpht.com/ytc/AIdro_nkHMdD8-iph0EM_9XXOHFTX5yr1_08Pyl5RsRmTC8NcKJnWauEhfigEgk72JRwumN-OA=s800-c-k-c0x00ffffff-no-rj,,"Lifestyle (parent topic)|Knowledge|Technology"
