position,id,title,description,publishedAt,defaultLanguage,country,viewCount,subscriberCount,videoCount,thumbnail,keywords,topicDetails
1,UC6UhMtbGk6PZLhTSxILAHiQ,"Iniciantes Java",,2019-01-10T21:11:47Z,,,245,5,2,https://yt3.ggpht.com/ytc/AIdro_kW8rWEmTP0iRjcDZdl-TvECG3XtNwgxoMZ06WUQW9zCA=s800-c-k-c0x00ffffff-no-rj,,"Technology|Knowledge|Lifestyle (parent topic)"
2,UCrXofHrXz-r143sy-SV68yQ,"HCAP - Java de 0 a 1","Quer aprender como programar utilizando a linguagem Java? Aqui lhe mostro o melhor caminho do 0 ao 1 A playlist Java0 - trabalha com a obordagem à linguagem de programação aplicando o paradigma de programação estruturada A playlist Java1 - trabalha com a abordagem à linguagem de programação aplicando o paradigma de orientação a objetos Se for o seu primeiro contato com a linguagem é aconselhável iniciar com os vídeos da playlist Java0 ",2025-03-22T19:27:30.973541Z,,BR,2871,78,80,https://yt3.ggpht.com/kcftY2solxhfssHkxwNe48e8wRM3eHaq7gWRNu3zBpIlge-vWaFFi8jbcZadUvqI0w4r-XL5=s800-c-k-c0x00ffffff-no-rj,"java|java para iniciantes|java vançado|curso de java","Lifestyle (parent topic)|Knowledge|Technology"
3,UC-M6N32zu77YDLRB55YbPFA,"Explicacoes de Java","Se procuras explicações de Java chegaste ao sitio certo! Ajuda em trabalhos, preparação de frequências/exames e acompanhamento da matéria das aulas. Espaços disponíveis em: - Saldanha (Lisboa); - Lumiar (Lisboa); - Oeiras. Contacta-me hoje mesmo!",2016-01-20T21:03:26Z,,,1039,21,5,https://yt3.ggpht.com/ytc/AIdro_kvOzaf4XIFE30k07QehIZXVzWt1dQsaazfjcqsommNtjI=s800-c-k-c0x00ffffff-no-rj,,"Technology|Knowledge|Lifestyle (parent topic)"
4,UCmRtPmgnQ04CMUpSUqPfhxQ,Java,"The official Java channel covering the Java platform, OpenJDK, and the Java ecosystem. Make sure to check https://inside.java and https://dev.java ",2005-10-04T08:56:41Z,,US,16094382,255000,1673,https://yt3.ggpht.com/Z63mCKOv_lXtIqtLHEKZsnvLsk5rzSNyTyd-ukAcdgGIAnKEbPKvu3tzF7NBlU91v3EKpbxMUg=s800-c-k-c0x00ffffff-no-rj,"java|oracle|developer|jdk|jvm|openjdk|hotspot|jep|computer programming|software development","Technology|Knowledge|Lifestyle (parent topic)"
5,UCwAMXWhlyC2lPaQGEIYaU0A,"Java Fácil","Este canal é dedicado à linguagem de programação Java. Serão oferecidos cursos gratuitos, dicas e assuntos relacionados à computação.",2024-09-11T20:55:25.442773Z,,BR,12806,920,131,https://yt3.ggpht.com/PwK2cQLRuNTupnoL2Xm-xVdSXV7aPV3zf6Py3SYoBuIVCcXbQauxg1NpL2SIDE14OefSCu7C=s800-c-k-c0x00ffffff-no-rj,java|computação|dev|desenvolvedor|programador|desenvolvedora|código|códigofonte|programação|ti|orientaçãoaobjetos|cursojava|cursodejava|javabrasil|youtube|devjunior|devpleno|devsenior,"Technology|Knowledge|Lifestyle (parent topic)"
6,UCQW1KQy3u869QhWILBoFB8A,"Comunidade Brasil JUG { Devs Java }","Somos uma comunidade de desenvolvedores Java dedicada a trocar experiências e compartilhar conhecimento, conectando profissionais iniciantes e experientes. Nosso objetivo é fortalecer o aprendizado e o crescimento profissional de todos que atuam com desenvolvimento de software em Java, criando um ambiente colaborativo e engajado. 💡 Quer apoiar a comunidade? Faça uma contribuição via Pix: d169b47d-e067-4a3e-8465-15cd4754494b ",2023-01-30T01:41:34.85495Z,pt,BR,22608,2040,123,https://yt3.ggpht.com/5gMwaRHm39eZbN6UwNnoM7Ivc27wirgtTGXcTnlGK03htsThgze4j_2DImQDndCCD4um6PQa=s800-c-k-c0x00ffffff-no-rj,java|programacao|tecnologia|comunidade|backend|programadores,"Lifestyle (parent topic)|Knowledge|Technology"
7,UCiVzRaWZeDg7WsybMLqXpcQ,"Matheus do Java","Desenvolvedor apaixonado por tecnologia. Aqui falamos de java e nada mais ;)",2023-07-12T01:24:40.903395Z,,BR,138886,4350,130,https://yt3.ggpht.com/N0a1qRWJheWS9RCmm2jO8VKU4yy_OvWYC75AWxd8Kc6UZ61y4Nr-M8ssxC_iZzFHuiktIpQiUQ=s800-c-k-c0x00ffffff-no-rj,,"Lifestyle (parent topic)|Knowledge|Technology"
8,UCORuRdpN2QTCKnsuEaeK-kQ,"Java Techie","Welcome to Java Techie, your ultimate guide to cutting-edge technology! 🚀 Explore the realms of Core Java (versions 7, 8, and 17), Java/J2EE, Spring, Spring Boot, web services, Spring Cloud, microservices, Hibernate, JPA, RDBMS (MySQL), NoSQL (MongoDB, Neo4j, Cassandra), Kafka, RabbitMQ, Angular, React, Docker, Kubernetes, AWS, Azure, and CI/CD tools like Jenkins, GitHub, Splunk, ELK, Sonar, and JMeter. 🤝 Knowledge Exchange: Java Techie is a two-way street. Join a community passionate about sharing and gaining knowledge. Engage in discussions, ask questions, and let's grow together. 💡 About Me - [JavaTechie]: Passionate software developer and blogger based in Bangalore, India. I thrive on writing code, exploring new technologies, and sharing experiences globally. Join me on this journey of continuous learning! 🚀 Let's code, learn, and grow together! ""Sharing knowledge is the biggest learning."" 🚀 #JavaTechie #CodeWithPassion #TechTutorials ",2017-06-02T07:39:38Z,,IN,30690707,215000,512,https://yt3.ggpht.com/r4F_ssG3NAkTUwtI6K94xCnyTd0YH2aIzM90wG_15RcnhMs3S-_uaY4LGj_-LIFveSImkpHU=s800-c-k-c0x00ffffff-no-rj,,"Knowledge|Technology|Lifestyle (parent topic)"
9,UCTBexwCx-TIaXjESlNwh7xA,"Samuca Do Java","Bem-vindo ao canal Samuca do Java. Seja você um desenvolvedor experiente, um entusiasta curioso ou um iniciante completo que deseja mergulhar no fascinante mundo da programação, você veio ao lugar certo. O canal foca no dia-a-dia da vida do programador, na carreira, emprego e tudo mais que envolve os desafios da profissão.",2023-07-19T22:18:20.530643Z,pt,BR,26023,2040,112,https://yt3.ggpht.com/9m4NW0pN1nHmHpnNTy0fsg5cvVWQmQpiRmpSzrfBOqv-b1zBcJaav5jIoncuVyY9FJBM2YiR9w=s800-c-k-c0x00ffffff-no-rj,"programação|programador|emprego|linguagem de programação|mercado de programação|conseguir primeiro emprego como programador|aprender programação|primeiro emprego programação|entrevista de emprego dicas|primeiro emprego na programação|curso de programação do zero|como aprender programação|como conseguir um emprego de programador|como conseguir o primeiro emprego na programação|é difícil arrumar emprego na área de programação|conseguir emprego de programador","Society (parent topic)"
10,UCiXKghX-rNrKQqNZBFBJRTA,"Java Kabala","Курс по Java программированию с нуля",2016-01-19T12:39:40Z,,,2827593,8460,58,https://yt3.ggpht.com/PsgVPgL566W1fG6NalICGnwkN4wKRl5Uu3fq9tMGu1wMcnmgFnahkLgZnGcmLHZpdnyifZNDbQ=s800-c-k-c0x00ffffff-no-rj,,"Lifestyle (parent topic)|Knowledge|Technology"
11,UCtVECBaQjn7Vo_YlMGagEXw,JAVA,,2022-09-09T12:28:27.021654Z,,,173948,3040,332,https://yt3.ggpht.com/ytc/AIdro_lm_zOZN6FVCMC9XEgozZJNxopPmyd0qspJwRJFxH0emdOvBN8EgbvmEsBy4G2A8EPFaA=s800-c-k-c0x00ffffff-no-rj,,"Lifestyle (parent topic)|Knowledge|Technology"
12,UC8mn40uAe8bokesy6PYWf7Q,"Majestade do Java","@majestadedojava canal dedicado ao controle de javalis com cães e armas de fogo",2023-01-23T23:37:21.259763Z,,,122,43,1,https://yt3.ggpht.com/dLuxfYVT4Wg7I4Xze1q_j6nWFFFYqMgz7vODbt7Q3QrapBg4cb3GQLNL8pwHlVDkfGJ7jrxgKA=s800-c-k-c0x00ffffff-no-rj,,
13,UCb_4YH3WsI5jsuGMx2e6GUg,"BRUTOS DO JAVA","UM CANAL PARA AMANTES E PRATICANTES DA CAÇA ESPORTIVA DE JAVALIS!! JÁ SE INSCREVE, DEIXA SEU LIKE, COMENTA E COMPARTILHA COM A TURMA!!!",2021-05-21T13:50:40.886178Z,,BR,645501,3830,762,https://yt3.ggpht.com/yBgP4ZRo3gOhBR48IbaMijxS6d1Znw1I4H7vYLDdkMDXG7LcQinxw3EM4m31JQJwCHuqemZHow=s800-c-k-c0x00ffffff-no-rj,,"Hobby|Lifestyle (parent topic)|Entertainment (parent topic)"
14,UCBeWWknB9Vma_v0v5gkzuww,"Java Chocolates","Fazemos chocolates de verdade, para todos! Produzido com cacau Brasileiro. Sem leite, glúten, lactose e soja. Acompanhe nosso canal para conhecer o belo trabalho feito pelos cacauicultores, além de dicas de como trabalhar com chocolate e receitas fáceis e rápidas para todo mundo! Quer saber mais sobre a Java, nossa filosofia e nossos produtos? Acesse nossas redes e visite nosso site. ",2014-06-16T19:44:09Z,,BR,643870,6020,207,https://yt3.ggpht.com/N9KiiTA7rPbBvfs8ILYM2G8266aMv2zW5S3R38gjgqPJz4dZsB3K_I-9xeUTYzi_4H0qRrfpiJo=s800-c-k-c0x00ffffff-no-rj,"receitas|artesanal|pascoa|aplv|chocolate nobre|chocolate vegano|a base de plantas|chocolate 70|chocolate 100|chocolate branco vegano|bean to bar|sobremesas com chocolate|sem gluten|sem leite|sem lactose","Lifestyle (parent topic)|Food"
15,UCW1SQUbOJRtm3Z6KMLF1PCA,"CEVA DO JAVA","Pagina dedica ao Controle Legalizado do Javali e a pescaria amadora..!! Um canal para os amantes e praticantes do controle do Javali e pesca.!! O javali foi listado entre as 100 piores espécies invasoras no mundo pela União Internacional para Conservação da Natureza (UICN) e o seu controle é permitido no Brasil, sempre respeitando as normas de segurança e sustentabilidade. Page dedicated to Legalized Wild Boar Control.!! A channel for lovers and practitioners of Boar control.!! The wild boar was listed among the 100 worst invasive species in the world by the International Union for Conservation of Nature (IUCN). https://www.youtube.com/channel/UCW1SQUbOJRtm3Z6KMLF1PCA?sub_confirmation=1 #javali #javaporco #hunter #hunting",2024-04-13T19:50:38.113532Z,,BR,174200,1260,63,https://yt3.ggpht.com/GWe9NJXM7j_8qVYM70RDZto5UlRaC3YH7tFo4JL5YIvkmG6sqBZ3dRFsSRqsYzTrw0Z59gXYaA=s800-c-k-c0x00ffffff-no-rj,"Javali|hunter|cac|cevadojava|javaporcos|natureza|wildlife|armas|aventura|adrenalina|caçada de javali|caçada noturna de javali|como caçar javali|fauna exotica|controle de javali|javali exotico|javali noturno|tiro desportivo|como controlar javali|como abater javali|abate de javali","Lifestyle (parent topic)|Hobby"
16,UCHRqeI6GpQuIIthOVIYisOg,"Lucas Dicas Java","Sou programador há quase 10 anos, fui professor universitário, e uma das coisas que mais gosto é ajudar a galera que está começando no mundo da programação, especialmente utilizando a linguagem de programação Java. Com isso, o intuito do canal é apresentar várias dicas sobre esta linguagem fascinante e colaborar com o seu desenvolvimento.",2020-08-26T22:43:05.457408Z,,,37104,293,57,https://yt3.ggpht.com/Z3sWBlx5a_9L-ImvSjN2tH0EOk5fBpVi-vRzp9E7YcxCe6o5TxSVQ4MyNFwvSg-UQOiEeTPWmQ=s800-c-k-c0x00ffffff-no-rj,,"Technology|Knowledge|Lifestyle (parent topic)"
17,UC5Im-W42f-jIYZp-VXqkmpQ,"Nostalgia Java (BR) ","Olá! Sejam bem-vindos ao canal Nostalgia Java! ☕ 🔵 Aqui você vai encontrar: • PACKS (PACOTES) DE JOGOS; • LISTAS (POR GÊNERO, FRANQUIA E ETC...); • COMPARAÇÕES GRÁFICAS ENTRE DIFERENTES VERSÕES (MAIS E MENOS COMPLETAS); • GAMEPLAYS; • ANÁLISES; • APRESENTAÇÕES DE DETALHES INTERESSANTES E IMPRESSIONANTES JÁ ENCONTRADOS; • E MUITO MAIS... ✴ Se sua vida foi marcada por um telemóvel antigo com suporte à linguagem de programação Java Micro Edition, na qual diversos jogos incríveis e divertidíssimos tomavam completamente seu tempo e te alegravam por grande parte de sua infância/adolescência... aqui, é seu lugar! ;) ☕☕☕",2020-05-26T21:14:10.125732Z,,BR,236680,2620,82,https://yt3.ggpht.com/pQfFJ7YTyQc-A1VnYz9IXz9YF51En4NGlfmkSk1mT9dIH5VTzL0pd_l5cg1b8Ui6oqOJYSwK8g=s800-c-k-c0x00ffffff-no-rj,"jogo|game|detalhe|comparação|jogos java|games java|jogos java em português|games java em português|pack de jogos|pack de games|pack de jogos java|pack de games java|games java em apk|jogos java em apk em português|games java em apk em português|detalhes em jogos|detalhes em games|detalhes em jogos java|detalhes em games java|detalhes em jogos java em português|jogos java em apk|comparação gráfica de jogos java|comparação gráfica de games java","Role-playing video game|Action-adventure game|Gaming (parent topic)|Action game"
18,UCXRSEJX8axZ2oXG8USTY4Tg," Java Tático","Fala pessoal! Eu sou o Gustavo: instrutor de armamento e tiro, importador e amante da caça esportiva. LOJA Sites: Lunetas, bipés, câmeras térmicas e mounts ... https://www.javatatico.com.br/ Lanternas, carregadores, baterias, suportes magnéticos... https://www.javataticostore.com.br/ Contatos: WhatsApp Varejo - +55 (62) 9821-0909 WhatsApp Atacado - +55 (62) 98176-0113 INSTAGRAM: @ javatatico ",2019-07-30T20:00:48Z,,,11189971,85900,122,https://yt3.ggpht.com/0SyXfdWZ1mqVe6vaPPd4ya9KuEywOj-9k6czviWybgcyb6rfY-fJCLcUs_sbfPBdEQYCku4XDg=s800-c-k-c0x00ffffff-no-rj,,"Hobby|Lifestyle (parent topic)"
19,UCia8cWlTrtE4xz6dU5efPZQ,"Caio Rodrigues - BackEnd Java",,2020-11-17T13:51:18.618218Z,,BR,187411,3220,316,https://yt3.ggpht.com/C98zwDT8xp5CtmOXovXCzMi0ZXEgBYbk7NpFHgMjxxupdUADX_bslFhB5tFo5fvi2K2H6csJ=s800-c-k-c0x00ffffff-no-rj,"programação|desenvolvedor|backend|frontend|fullstack|JavaScript|java|devops|sql|framework|database|python|php|ruby|rails|api|back-end|ti|microserviço|microservice|desenvolvedor backend|Back End developer|banco de dados|logica de programação|back end languages|backend e frontend|backend o que é|back-end java|back-end o que estudar|como ser um desenvolvedor backend|ciencia da computação|carreira de programador|salario de programador|curso de programaçao|spring boot","Lifestyle (parent topic)|Technology|Knowledge"
20,UC2CxHEcxC9gY70FQe0GhC4Q,JAVA," Administrator : +998999991919 Barcha huquqlar himoyalangan ! ",2020-12-12T12:26:54.068855Z,,US,146059249,422000,80,https://yt3.ggpht.com/GaseJfJWfyDcZUE_zAzQ0BGyvCOBbIIYOeFJPybV6riJsJw17Uc8GMZxjBV1LfvuFmm7Weeodg=s800-c-k-c0x00ffffff-no-rj,"java|javamusic|dunyosenitogangmas|uzbek|uzbekmusic|u kelmaydi","Pop music|Music (parent topic)|Hip hop music"
21,UCSHAq016yDPcqGur5QyisBQ,"Senhor Java",,2025-09-18T20:27:14.96574Z,,,107,18,8,https://yt3.ggpht.com/Ojojw35isknPn29Of5HQOs1QIvJNbiJyNuXMX3yId0oa7wypdp1AdpU_mSsmg6kjrUZzSco48g=s800-c-k-c0x00ffffff-no-rj,,"Action-adventure game|Gaming (parent topic)|Role-playing video game|Action game"
22,UCDdvHJeIZMdT3Q7k65o8pAg,"FANTASMA DOS JAVA","FANTASMA DOS JAVA !! Feito para todos que admiram e curtem a emoção de uma grande caçada com cães. ",2022-04-11T12:41:45.011265Z,,BR,2156570,18100,34,https://yt3.ggpht.com/08a1s-n6N7IsoQ62sfUTSHgIl_SDqHvBQ6m2PtJM1SMpG8S76qdU0tTJcbmmtWyO5ObdkZCS3w=s800-c-k-c0x00ffffff-no-rj,"CAÇADORES|HUNTER|CAÇADA DE JAVALI|MELHORES TIROS|MANEJO DE JAVALI|TOP TIROS|CONTROLE DE JAVALI|CAÇA DE JAVALI|MELHORES CAÇADAS|HUNTERS JAVALI","Lifestyle (parent topic)|Hobby|Pets"
23,UCV8fI2WS-BrNLZQeDVFDXRw,"Descomplica Java","Olá Desenvolvedor! Meu foco é encurtar o tempo de aprendizado do aluno e fazer com que você consiga parar de perder tempo com teorias e focar muito mais na execução. Aprenda a programar aqui no Descomplica Java.",2018-11-24T03:00:20Z,,BR,60360,1320,23,https://yt3.ggpht.com/VpWDNprt30V-to2XGrgL4Ppt4FULvRUAgXlJ4KPPcaww_VTLCC1-0Qe09980i5ltikzweixUrWI=s800-c-k-c0x00ffffff-no-rj,"java|Java|arb2021|Curso de Java Completo|curso de java|curso de java para iniciantes|java completo 2021|curso java completo 2021|introdução ao java|primeiros passos java|curso java|Como aprender Java|Algoritmos e lógica de programação|lógica de programação|algoritmos e logica de programação|logica de programação java","Technology|Knowledge|Lifestyle (parent topic)"
24,UCLaT8WbEa0hDXXfwTt7tVwQ,"Na Espera do Java - Ricardo Mirinay","Esse canal é direcionado aos amantes da caça legalizada, é composto por um grupo de amigos que elegeu um dia da semana para se reunir e fazer o que gosta. A caça hoje é exclusivamente de javali, animal considerado fauna invasora, além de provocar grandes prejuízos as lavouras, também causa um imenso dano ao meio ambiente, nós que temos um contato muito próximo com banhado, matos, nascentes e com a faina nativa podemos afirmar que esse animal deve ser controlado! Deixamos bem claro que somos totalmente contra ao abate de qualquer tipo de animal de nossa fauna nativa, faremos o que poder para que nossas matas, encostas e banhados tem sua natureza preservados. Nosso muito obrigado aos inscritos e amigos. ",2018-12-31T21:12:05Z,pt,BR,235637,1630,52,https://yt3.ggpht.com/JrOPWvOa5k9aHs3FGEAiTOymVXcpTqjcsvOT8fSLhB7yr-0WmUuucnssyhivIh69bRYUS2k=s800-c-k-c0x00ffffff-no-rj,#foxhound|#boarhunting|#wildboar|#javali|#aquitemjavali|#caça|#hunting|#hoghunting|#taurus|#barhog|#caçador|#caçadores|#caçadas|#caçadejavali|#javaporco|#javaliselvagem|#agro|#lida|#pecuaria|#homemdocampo|#todospelacaça|#porco|#faunainvasora|#lenda|#porcão|#abatido|#cães|#veadeiro|#caçada|#espera|#jabali|#cazadores|#nabatida|#acuação|#porcada|#porcona|#dentudo|#pessoas|#youtube|#cinghiale|#sanglier|#cute|#trophyboars|#wildboarhuntingdog|#caza|#huntingdog|#jakt|#wildvideo|#vivalacaza|#reels,"Hobby|Lifestyle (parent topic)"
25,UCgoGOLleKmM9ikxQhGhhOhQ,"Java Girls JUG","Somos um grupo de mulheres que desenvolvem em Java e desejam aperfeiçoar skills técnicos, melhorar sua segurança com a tecnologia. Somos mulheres que estão aprendendo Java somos mulheres que estão iniciando a carreira ou já estamos seniores nesta área. Sabemos que podemos aprender e ensinar e que juntas somos mais fortes! QUER PARTICIPAR DA COMUNIDADE? ACESSA NOSSAS REDES SOCIAIS! https://twitter.com/javagirlsjug https://www.instagram.com/javagirlsjug/ https://www.meetup.com/Devs-Java-Girl/ ",2018-03-30T21:11:29Z,,,34713,1790,191,https://yt3.ggpht.com/ytc/AIdro_nJcOHvmiLheiDM_anp_UgqnrDtOJtVhyrYa2blv2Grf1c=s800-c-k-c0x00ffffff-no-rj,"java|carrear|carreira|programador|software|developer|programadora|backend|Java|JVM|software engineer","Lifestyle (parent topic)|Knowledge|Technology"
26,UCxDDI8llaKzWq_zATDCvY_g,"The JavaGames"," GAMER AND CHILL STRIMER Bu kanalda sizga yoqgan eng yangi va eng sara o'yin gameplaylarini ko'rishingiz mumkin bo'ladi. Hamkorlik va Reklama uchun: Telegram : @thejavagames1 Pochta : javohir556@gmail.com Характеристика ПК Мат. плата: Gigabyte B660M Процессор: Intel® Core™ i9-13900F Видеокарта: GeForce RTX 4070Ti Оперативная память: SAMSUNG 32GB SSD: M.2: Samsung 500GB HDD: SAMSUNG - 1TB Блок питания: 700W Микрафон: HYPERX QUADCAST BOR UYDA НАУШНИКИ: HYPERX ORBIT ORBIT S 8D+ HYPERX CLOUD 3 WIRELESS Mouse : Logitech Pro Superlight 2 Keyboard : Corsair K70 RGB PRO Web camera: LOGITECH STREAMCAM 1080 60FPS KRESLO : YUMSHOQQINA QORA ",2020-12-19T10:17:03.707801Z,,KR,44720660,108000,727,https://yt3.ggpht.com/hXGKu4CrqCk6GWoLJl6B8pWTraM_0Q7ynmFebQzV93Av2EW8HrTQ8--exnhF6Bo_FIxCXPXp1A=s800-c-k-c0x00ffffff-no-rj,"thejavagames|javagames|thejava|javapubg|gta5|daxshatlio'yinlar|horroruzbektilida|mobilo'yinlar|roblox|Minecraft|the javagames|the java|pc o'yinlar|roblox uzbek tilida|roblox qamoq|roblox modlar|roblox uzbekcha|roblox kulgili|roblox do'stlar bilan|minecraft uzbek tilida|roblox ota bola|ota bola gaming|java roblox|javagames roblox|ota bola|roblox yangi rejimlar|grow a garden|stole a brainrot|barry roblox|obby roblox|tekin robux olish|roblox brainrot","Simulation video game|Role-playing video game|Gaming (parent topic)|Action-adventure game"
27,UCz30HF9-0zCVDs9qRkvGU8A,"Foca No Java!","Publicações de vídeos de controle de Javali e do mundo da caça, equipamentos etc.",2022-11-17T00:59:50.795996Z,,BR,39606,189,35,https://yt3.ggpht.com/GLmY4qyYJWVVd-NVZYnsZKOT8r4YD-8__6N9pYg5XQGf5wvv-uOLWw7QNN7OPLGm5fvwy2ua=s800-c-k-c0x00ffffff-no-rj,,"Hobby|Lifestyle (parent topic)"
28,UC1Be9fnFTlcsUlejgfqag0g,"Java Guides","I’m Ramesh Fadatare – a Software Engineer, Author, Teacher, YouTuber, Bestseller Udemy Instructor, and Spring Certified. Founder and Author of the Java Guides Blog (1M Views per Month), Blog: https://www.javaguides.net My Udemy courses: https://www.udemy.com/user/ramesh-fadatare/ Website: https://www.rameshfadatare.com/ I have been publishing video tutorials on the following technologies stack: - Core Java, Java EE(JSP, Servlet). - Spring Boot, Spring MVC, Spring AOP, Spring Rest, Spring Security, Spring Data module, Spring Social, Spring Integration. - Angular - ReactJS - Hibernate, JPA, mybatis - Javascript - MySQL, MS-SQL, Postgres, Oracle, H2 database, MongoDB. - Git, Github, CVS, SVN, Ant. - NodeJS - Restful - AWS - Jersey Rest using JAX-RS, SOAP, and Web Services. - CSS - Elastic Search - Hadoop (Hive, Pig, HDFS, HBase) Read more about me at https://www.javaguides.net/p/about-me.html. Software development video tutorials implemented from the heart!. ",2012-01-06T07:58:43Z,,IN,28605042,181000,1234,https://yt3.ggpht.com/lN_qKLHlrrbGS_uEj-62MWeSsx7W2biOFfk2Dqz-mX1ConUV3Rop3fNeL24uZXx-77amh_c-Ng=s800-c-k-c0x00ffffff-no-rj,"java|spring|javaguides|hibernate|rest|jsp|servlet|website|javascript|angular|aws|heroku|reactjs|microservices|java ee|web services|web application|design patterns|full stack java development|spring boot|java guides|ramesh fadatare|java tutorials|java courses|spring boot full course","Lifestyle (parent topic)|Knowledge|Technology"
29,UC_Tk4g_bbssUTwer4a8uWaA,"Furtadin Java",,2025-11-10T14:04:20.511427Z,,BR,5650,228,7,https://yt3.ggpht.com/YViepbCYtoka_tQBD3dJIxfOW--oqkiCryoEL4NCPiR4HLyGWVCgNieQw-oiBGezfaxFQo48HQ=s800-c-k-c0x00ffffff-no-rj,legozin|furtadin|minecraft,"Action-adventure game|Gaming (parent topic)|Role-playing video game"
30,UCTrf0UAzWYDhoFPV9GyVYyg,"Cleber java Modão ","lembre se não existe sorte existe Deus 🙏🙏",2021-08-22T16:59:18.836907Z,,,673816,5070,195,https://yt3.ggpht.com/bNXG3LVmZgHMGwFi4MvOlN4Z90D1rbOMWFKQe_tosoCbCS6EoqpCLGlC29KNmsIJe3SCIY9dNkE=s800-c-k-c0x00ffffff-no-rj,"barrerito|daniel|trio parada dura|solente e soleni|maciel brasil|gustavo lima|eduardo costa|leandro e leonardo","Music of Latin America|Music (parent topic)"
31,UCHXd61IOMei82R9ph06j6cw,"Em Busca Do Java",,2021-11-28T18:26:16.340077Z,,,20464,262,9,https://yt3.ggpht.com/Ca6hfalbr6gSWyYYTu8ubmsQ0J2cGDwJJHOKyx5i7oRu_GkSrPeZbTqMpUPCUGLE_Yp0ZAy6UQ=s800-c-k-c0x00ffffff-no-rj,,"Hobby|Lifestyle (parent topic)"
32,UC6eRqGjJmJpTPji-e-c1Z7A,"Java na estrada",,2020-09-02T00:29:35.192308Z,,,518,18,21,https://yt3.ggpht.com/tJO3IZGa8DxBYASB-uRNlPXH-t9tweGeqhKlx_BYXWDLZRfWuMvpxqXDkPmVkXEOsyTDWGEqDA=s800-c-k-c0x00ffffff-no-rj,"Jorge|Geovani|jorgeovani|escola|DF|Brasília|Minas|Educação|Moto|motocicleta|motociclismo|encontro|Java|Expedição|motohome|Minas Gerais|encontro de moto|encontro motociclistico|moto capital|Brasília moto week|Java por aí|Volta ao mundo","Lifestyle (parent topic)|Vehicles"
33,UCTHKLhQSzOE5pMB5VhTZyjQ,"Java Roots","Canal da banda Java Roots - Roots. Rock. Reggae!",2020-07-20T17:17:19.500017Z,,BR,43315,723,28,https://yt3.ggpht.com/ytc/AIdro_nSbuZyhaoGceAvbm6BCBbsCKQSjnn8yw6TB-eCFnvONrg=s800-c-k-c0x00ffffff-no-rj,"reggaa|samba|roots|java|acid|rock|groove|dance|espiritualidade|amor|canções|java roots reggae acid rock samba groove|vida life style","Rock music|Music (parent topic)|Independent music|Reggae|Music of Latin America|Pop music"
34,UC2QnASVrg78UTotbs6l-kNA,"Equipe Feras do Java","Olá galera ! Seja muito bem vindo ao nosso canal. Aqui você ira ver conteúdos sobre caça ao JAVALI ... Nossa equipe se chama Equipe Feras do Java. Somos da cidade de Batatais/ SP ",2025-05-23T17:26:25.98395Z,,BR,9100,133,52,https://yt3.ggpht.com/c9RV6Lh9mC8RtA7WbrZ2bAbx2t0MHp6wGYhsJhDFsyeMcKfZfo3d-0FHNPiSmUambMkPJHuiYg=s800-c-k-c0x00ffffff-no-rj,caçador|caçaaojavali|javali|caça|cr,"Pets|Lifestyle (parent topic)|Hobby"
35,UCrMd1bTT5kRQ7nXDg6C7QhQ,"Java Journey (Gabriel Silva)","Vejo que a melhor maneira de aprender algo é repassando o que voce aprende, tendo isso vou dividir todo o conhecimento que adiquiro estudando com voces, buscando sempre trazer algo novo e divertido, e claro que nao seja algo chato para assistir. Redes sociais Gabriel: bit.ly/Gabriel-Java ",2013-04-19T23:45:59Z,,BR,43916,1060,317,https://yt3.ggpht.com/ytc/AIdro_k8woe0fRx9hRmolSQegX_1BedzinJ8LW2o9rbU84oUXYuz=s800-c-k-c0x00ffffff-no-rj,,"Lifestyle (parent topic)|Knowledge|Technology"
36,UCE2qXdGOOopefrc4jcYL-rw,"Tiro, Java e Pesca",,2020-04-13T19:48:52.453086Z,,,160026,1040,19,https://yt3.ggpht.com/oKEO8tnF99Ie6EXauGn-NrqujSUOtqFS4L6Lm1IlEDQ1G9YAE1bsP9aj2HQVLv6c7nr6n6Iwyw=s800-c-k-c0x00ffffff-no-rj,,"Hobby|Lifestyle (parent topic)"
37,UCGR3vMYA20JJDQvGFccujdA,"Java by Saurabh Shukla Sir","In my opinion, learning should be free. So I am providing video lectures on JAVA SE for FREE. Good things about the channel 1) You will get complete series in a sequence chapter wise. 2) You can comment your queries, I will try to respond 3) Videos are in Hindi, to make you comfortable with the learning. 4) You will get all about JAVA. You will get a new video every week You can also visit my website www.mysirg.com to get links of my other channels and more intellectual content All the best",2015-03-18T03:44:35Z,,IN,19280169,206000,108,https://yt3.ggpht.com/ytc/AIdro_lneuc6DCC6Zt586OxeRYBALU7A003PTVJ71hdPiQ-azg=s800-c-k-c0x00ffffff-no-rj,"Java Java in Hindi Java tutorial Java language by Saurabh Shukla Sir Java course|Java Tutorials for beginners","Technology|Knowledge|Lifestyle (parent topic)"
38,UCAgz_UvtW9OGZdCckmp6zJA,"JAVA SELVA","Canal JAVA SELVA tem o objetivo mostrar tudo sobre a caça a javalis, pescas e selva.... se você é um amante da natureza se inscreva. lembrando que o Canal java selva não está Incentivando você pegar uma arma e sair por ai matando os animais.",2016-05-20T18:31:54Z,,BR,886829,1620,19,https://yt3.ggpht.com/ytc/AIdro_kUK23iivQY1mhsvyPr1fF3oIrxX9PWUUk5xSOKTdNtlkE=s800-c-k-c0x00ffffff-no-rj,,"Pets|Lifestyle (parent topic)|Hobby"
39,UCt6Hq48TyuP04tHKqYQdoKw,"Java e Bruninho","Olá tudo bem com vcs? Somos a dupla JAVA e BRUNINHO, situados na cidade de Maringá PR, começamos nossos trabalhos no final de 2020, desde então viemos tocando em diversos eventos assim como...CASAMENTOS, FORMATURAS, EVENTOS PARTICULARES, PRIVADOS E CORPORATIVOS, FESTAS DE CIDADE, BARES, BOATES e etc. Estamos muito felizes com o feedback da galera em relação ao nosso projeto, sempre extremamente positivos...espero que curtam nosso canal! JAVA: ACORDEONISTA / CANTOR / PRODUTOR MUSICAL, trabalha com a musica desde pequeno, ja tocou com muitas bandas e artistas regionais e até nacionais como NAIARA AZEVEDO BRUNINHO: VIOLONISTA / CANTOR / COMPOSITOR, assim como java também começou na musica desde muito cedo ja tendo trabalhado com muitos artistas regionais no estado do paraná ",2023-05-14T21:58:28.373436Z,,,14195,103,31,https://yt3.ggpht.com/vSWSJTThNWiD4ygrnNNP0_nFiaEob6Sz1r0GmEDTqpkRVKRKrTlPcmk9K0wRp43p657M26OhSUo=s800-c-k-c0x00ffffff-no-rj,,"Music (parent topic)|Music of Latin America|Pop music"
40,UCfIiB93nS2F005i4ENQWSmQ,"Java Leilões Oficial",,2020-05-12T15:50:54.47415Z,,BR,1441,983,1,https://yt3.ggpht.com/ytc/AIdro_m4hqnw1i5v4cUdoI7jVW8CiIW3NOUfTEDw0_NlQuTRxA=s800-c-k-c0x00ffffff-no-rj,Leilões,
41,UC6-soH3mcrMKOb_9ulD6ZCg,"Java Talent","Hi, Welcome to Java Talent Channel, This channel will help you to learn Java Programming Language Concept in very easy manner. Here I will be going to provide the concept related to Java Technologies such as Spring, Springboot, Microservices, Hibernate, Oracle, MySQL, MongoDB, Json etc. This is the best place to learn Java programming, here i will be covering from basic and advanced level. I will also include real time scenarios what Industries prefering. I will include the real time Interview Questions and Answers as well. Mostly I will upload the video on Weekends but whenever I will find my available time surely will upload the video on new concept. Please Like, Subscribe and Share my Contents to your friends so that everyone can gain knowledge. Thank you for coming to my Channel and reading through my Contents. ",2022-12-19T08:41:58.611561Z,,IN,96735,1110,46,https://yt3.ggpht.com/I9gzKQdTa2e59CzXSLTSJzlmjkgIyOnnPLi5d6eU6ed08JPh3PRaD65RfCz-oxzp_ik-mHiWkw=s800-c-k-c0x00ffffff-no-rj,"JavaTalent|javatalent|Javatalent|javaTalent|Java|Spring|SpringBoot|Springboot|Microservices|Java Study|Java Interview","Lifestyle (parent topic)|Knowledge|Technology"
42,UCh1InY1PD1L5obWjtjOrkyw,"Anderson Java",,2019-11-14T04:46:47.40978Z,,,327,7,8,https://yt3.ggpht.com/ytc/AIdro_lFq-edOrrdgGpeV50Ji-5drwlBRkkRYQoY7byY7i35L-ZL=s800-c-k-c0x00ffffff-no-rj,,"Lifestyle (parent topic)|Music (parent topic)"
43,UCCIS602i2fCRpyX4Wi45rqg,Java820,"Contacto Empresarial: contactbluecuplabs@gmail.com",2023-07-12T22:32:18.754134Z,,GT,39765482,232000,69,https://yt3.ggpht.com/ofblwCoN77Wh8CEzFLUYkLJUblwRjyIkar97Wd5GuW92XsS-sVakJk0hoiBlULIyMpFm0fPtldw=s800-c-k-c0x00ffffff-no-rj,Java820|Java,"Role-playing video game|Strategy video game|Gaming (parent topic)"
44,UCwXdMD9LqqcMLJJuZrTGV3A,"Android & Java BR EN | Longplays","Meu site de jogos mobile: https://mobilejogos.com.br/ Só jogos de celular/mobile! Trazendo conteúdo e partidas longas de gameplays de jogos Java e Android/iOs com tradução PT-BR e em Inglês EN. A maioria desses jogos antigos não tem música ou só tem efeitos sonoros, as vezes nem isso, então não estranhem que muitos deles sejam mudos. ",2023-04-01T01:48:27.913398Z,pt,,111703,567,91,https://yt3.ggpht.com/69e8n62krZlr-EVATplSbeiLPkPUONSn4ombhMOb8ONVGUQgzXivWXSYknLrCjpqHbpGLLutRjw=s800-c-k-c0x00ffffff-no-rj,"java|gog|vivendi|gameloft|blackberry|blackbarry|java games|mobile games|android games|jogos android|jogos mobile|jogos portáteis|jogos mobile|jogos ios|ios games|jogos portáteis|jogos de celular|jogos java completos|gameplay java games|mobile games old|jogos portáteis antigos|old mobile games compleye|jogos gameplay completas|zerando jogos|zerando jogos mobile|zerando jogos java|zerando jogos android","Action game|Gaming (parent topic)|Action-adventure game|Role-playing video game"
45,UCjTd_npaaig4w9zXGra1p_g,"Learn Java","Learn Java with me. All the concepts of Java programming language from Basics to advanced will be covered. This channel is recommended for the people who wants to learn Java as a Beginner and also for the people who wants to get some insights on the advanced Java concepts. Each day, a video will be uploaded on a specific Java topic in the orderly fashion. All the concepts will be explained deeply. ",2023-12-13T15:52:03.819772Z,,IN,89368,1610,479,https://yt3.ggpht.com/miIkmyoBxDa9Cq2mZU6WEc7b1ajjs7MjjYAAWiM1_4b73_7fhfzsTH8YtaLLD6GObC9JKjD7=s800-c-k-c0x00ffffff-no-rj,"#shorts|#shortsVideos|#java|#computers|#algorithms|#JavaInterviewQuestions|#balaji m","Technology|Knowledge|Lifestyle (parent topic)"
46,UCpvgUBjnb4STQM1S7cv3onA,"Devsuperior Java Spring","Canal oficial da Devsuperior exclusivo para transmitir treinamentos sobre carreira back end Java e Spring. Professor Dr. Nelio Alves. Conheça nossa formação completa: https://devsuperior.com.br/colecao-java-spring ",2023-04-15T18:08:03.924263Z,,,17459,8410,4,https://yt3.ggpht.com/zIU_VjJL6izL4zamIWkwRfaSJZ653_DUZju23lZcpILMEbvQr8XGJdH86oVw6pCk_obD6mu6PjU=s800-c-k-c0x00ffffff-no-rj,,"Lifestyle (parent topic)|Technology|Knowledge"
47,UCbrpfdjKI_2LZtJGI24bbhg,"Bulgarian Java User Group","This is the official channel of the Bulgarian Java User Group. https://jug.bg",2012-11-18T11:26:44Z,,BG,231285,3590,361,https://yt3.ggpht.com/ytc/AIdro_kK6By_OIPaR4L77zOEi85XtC_c3iz9NINOppuKfXPVjg=s800-c-k-c0x00ffffff-no-rj,"jug|bulgaria|java|seminar|lectures|java technologies","Technology|Knowledge|Lifestyle (parent topic)"
48,UCtDmCexW_4wN31HpBalqEwQ,"jacob the java","Seja bem vindo (a) ao meu canal, faço vídeos de gameplays para tentar deixar alguém feliz, se inscreve aí para ajudar a mim e ao meu canal",2022-10-12T13:33:14.541036Z,,,79685,600,68,https://yt3.ggpht.com/SXdR4LXQqQ5o4k0315fjH91WN7cneUU9tsaNIVg5eHI_ZdKDIk81aE0P3WqZUwvRXKI37YKR=s800-c-k-c0x00ffffff-no-rj,,"Sports game|Gaming (parent topic)"
49,UCSobeECIPFqmMAg5mkTLLKQ,"DJ Java","Cria de São João de Meriti - RJ, na Baixada Fluminense, DJ Java possui um gosto variado na cultura musical suburbana, indo das mais variadas vertentes passando pelo Hip Hop, pela música eletrônica e chegando ao funk. Java se formou em 2020 no curso de discotecagem da Urban Work The Responsa. Atualmente é DJ residente e produtor da Revoada de Manguinhos, o baile mais quente da Zona Norte do Rio de Janeiro. Também é produtor do programa ""Baguncinha"" no qual apresenta sets em formato B2B sempre com um DJ convidado. Seus sets são de formato aberto conseguindo abranger diversos estilos que permeiam o universo da música eletrônica. O Boombap, R&B, Trap, Afrobeat, House, Afrohouse, Garage, Drum N' Bass, Grime, Drill, Miami Bass e o Funk estão sempre presentes nos seus sets. ",2023-07-07T14:08:54.657164Z,,BR,9082,118,18,https://yt3.ggpht.com/5YkHMKhXCiXQDOosqR7KFOQ4CXAYjU3AqEKyRrXZBXl3ypB7ixPpdQTFP4zueOxZSUD58sEDfw=s800-c-k-c0x00ffffff-no-rj,"música|cultura|dj|producer|trap|grime|drill|garage|eletro|funk|house|afrobeat|hip hop|drum n bass","Music of Latin America|Music (parent topic)|Hip hop music|Electronic music"
50,UCM9SA8hzCTfaDinwb_vU_5Q,"Gain Java Knowledge","Hi Everyone, Gain Java Knowledge has been designed with a special intention of helping students and professionals preparing for job interviews. I have good Programming knowledge. So I have created a channel and want to share my knowledge with you and also want to improve. you can provide suggestion to me .I have created videos on programming language like Java , Java 8, Spring, Spring Boot, Source Code with Spring boot application, Hibernate, Rest API, NEO4j, Java Mini Project with source code, AWS, Kafka etc. Follow me on Facebook : https://www.facebook.com/Gainjavaknowledge/ Email Id : Ersumit077@gmail.com ",2017-10-11T01:57:40Z,en,IN,1081306,8280,254,https://yt3.ggpht.com/DpOJRk-bBMsfIQ5H2SzdChMrmlP_KxvpLhRJoJsIUum9pcNuEUEhmLmtRnRJlWs3o82x314P=s800-c-k-c0x00ffffff-no-rj,"Java|Knowledge|spring|java8|sumit|hibernate|Gain Java Knowledge|Java Interview questions and answers|spring boot|source code|java mini project|java 8|interview questions and answers|best coding practice|rest api|spring data jpa|java knowledge|learn java","Lifestyle (parent topic)|Knowledge|Technology"
51,UCL60kvwGJNzmSi1VHE_bGAA,rajonlinetrainings,"🎓 Welcome to Raj Online Trainings – Learn Coding the Easy Way! 🚀 Raj Online Trainings is your ultimate destination to learn programming and full stack development online. We provide step-by-step tutorials with real-time examples to help students, beginners, and professionals master coding and build strong technical careers. 💻 Topics Covered on This Channel: ✅ Full Stack Java Development (Core Java, Spring Boot, Angular, REST APIs) ✅ C Language and C++ ✅ Python Programming ✅ Database Technologies: MySQL, Oracle, MongoDB ✅ Data Structures and Algorithms ✅ Frontend/UI Technologies: HTML, CSS, JavaScript, and frameworks ✅ Interview Preparation Videos 📚 Our goal is to make learning simple, practical, and career-oriented. Each video is designed to help you understand concepts clearly and build real-world projects. Let’s code, learn, and grow together! 💪 #FullStackJava #CoreJava #Python #CLanguage #MySQL #Oracle #MongoDB #DataStructures #InterviewPreparation #RajOnlineTrainings ",2016-12-24T11:03:54Z,,IN,2494632,22800,637,https://yt3.ggpht.com/rIXi3nVCJ8eDalAKlveY0gCnFig2WOFX7BgC6UIyTVeiiSuS4_yNbOo1pe5nbvKsnEsAW6_EMw=s800-c-k-c0x00ffffff-no-rj,"Raj Online Trainings|Learn Programming|Learn Coding|Programming for Beginners|Online Coding Tutorials|Software Development|Full Stack Developer|Coding Made Easy|Step by Step Tutorial|Programming Concepts Full Stack Java|Core Java|Java Tutorial|Java Programming|Java for Beginners|Java Full Course|Java Developer|Java Interview Questions|Java Project|Spring Boot Tutorial|Java Collections Framework|Java Real Time Project|Java Training Online","Technology|Knowledge|Lifestyle (parent topic)"
52,UCVOiKFTYH7MuyXZhrE54IBg,"Cleber java Oficial ","lembre se não existe sorte existe Deus 🙏🙌",2019-12-15T16:05:16.827765Z,,BR,2844747,19900,490,https://yt3.ggpht.com/04LpL6O8_s2TXor_6Sp4R-RuPjRHtYJyq2W2dVAYcoxB1TFg3McjlUVU5CCfHkk6DcKhL3Er=s800-c-k-c0x00ffffff-no-rj,"Sertanejos|Cleber Java|Marciano Cigano|Estrada Music Sertanejo|Forrozão Cleber java|Só Modão|Modão Raíz","Music of Latin America|Music (parent topic)"
53,UCnaMPtU4jeflQuBQybmPGiQ,"JAVA BOMBER","JAVABOMBER by (RAVI THAKUR) is an online coding tuition platform dedicated to students passionate about programming. Established in 2022, it has successfully enrolled over 350+ students, guiding them through multiple programming languages with expert instruction. Whether you're a beginner or looking to sharpen your coding skills, JAVABOMBER is the place to learn and grow! ",2023-03-13T07:18:04.427012Z,,IN,1313,593,18,https://yt3.ggpht.com/8zpOSeyjz2BEjufL2ApFuA_Spw5DQPhFuQ59ufbS8tiLlV26im9zPTD4FqJyiLUbO1gDzMsccQ=s800-c-k-c0x00ffffff-no-rj,"Oxford Business College|Oxford College|best college in Patna|bca college in patna|bba college in patna|management college in patna|best college in bihar|bca college in bihar|bbm college in bihar|programming colelge in bihar","Technology|Knowledge|Lifestyle (parent topic)"
54,UCKsLSx58btoIRJPato3JTMA,"Geovane Freitas - Programador Java de Sucesso",,2014-05-17T17:48:34Z,,,12097,227,18,https://yt3.ggpht.com/cCaGUl3Bwe3784gR3MI-CxsH8_kiX72_vYcpuJdMF2EbAnrG3KMX93Hh7LqqdFG8CshLkUwy8g=s800-c-k-c0x00ffffff-no-rj,,"Lifestyle (parent topic)|Knowledge|Technology"
55,UCgUQBhP_WvsKvgEqcIfg-Xg,"ECHO OF JAVA","Welcome to a world of emotional AI music. This channel features original songs created using Suno AI – blending heartfelt lyrics, cinematic vibes, and dreamy melodies. Each track is made to capture your emotions, whether it's heartbreak, healing, or late-night thoughts. 🎧 Genres you'll find here: - Emotional Pop - Sad Piano Ballads - Dreamy Indie Pop - Chill & Aesthetic Music 🌍 We share songs in English with global appeal, especially loved by listeners in Brazil, the Philippines, Europe, and beyond. Feito com alma, pensado para tocar o coração. Subscribe and discover your next favorite sad song. #SadSongs #ChillPop #MusicaInglesa #PopEmocional ",2025-07-24T03:19:37.556434Z,en,ID,52808,228,56,https://yt3.ggpht.com/Aeb9EtkMed1g50xKh3pmxAl724-T_Z9nLG2-6ZOeXeqjHcxiw2U6FznZEkk1xgXs9WoGLDvZBZg=s800-c-k-c0x00ffffff-no-rj,,"Christian music|Electronic music|Pop music|Music (parent topic)|Soul music"
56,UCxR73pcxwGlRMHqM-eALADg,"Antonio Marcos - Java na Prática","Este curso, Java na Prática, destina-se a programadores iniciantes que desejam conhecer essa linguagem de programação tão poderosa e utilizada no mundo inteiro. Aqui veremos desde os conceitos iniciais de programação Orientada a Objetos, passando pela preparação do ambiente de desenvolvimento e chegando a vários conceitos e códigos Java. O curso da ênfase à prática, se utilizando de dezenas de códigos explicados linha a linha para facilitar o entendimento do aluno. Venha aprender a programar e seja bem vindo(a) ao mundo Java. Não se esqueça de se inscrever no canal e acessar o nosso blog www.lmdigital.net para baixar gratuitamente a apostila do curso.",2013-07-09T13:21:41Z,,,18464,186,38,https://yt3.ggpht.com/ytc/AIdro_mnszUvfks_TN68FYC13UU4IbVuCRUBns6cfttnf8pTRoo=s800-c-k-c0x00ffffff-no-rj,"java|desenvolvimento|programação|java na prática|desenvolvimento java|programação java|curso java|curso de java|exercícios java|exemplos de códigos java|java em exemplos","Technology|Knowledge|Lifestyle (parent topic)"
57,UCkaFega2pwh06RgQ1oh7Q4w,CodeHunt,"👋 Hi there! I'm Md Saif, a Java Full Stack Trainer and Freelancer, passionate about empowering developers with the skills they need to excel. With years of experience in the industry, I specialize in breaking down complex concepts into easy-to-understand tutorials. Whether you're a beginner or looking to advance your knowledge, my channel offers a variety of content, from comprehensive courses to quick tips and tricks. Join me on this journey to master Java full stack development, and let's build something amazing together! Contact: +91 8088467640 Tips for Students & Freelancers 🔴 I also offer live batches and my paid recorded videos are available with dedicated doubt support. 🔔 Subscribe and hit the bell icon to never miss an update! ",2021-04-13T23:43:15.53623Z,,IN,537869,7240,959,https://yt3.ggpht.com/-K7KMKsSDr3I1X1uBf5whLI1SGCstg2IX2ZSRN3m5Wl5b-uozUOwjHRZiHs2FVNkKF8247NqPQ=s800-c-k-c0x00ffffff-no-rj,,"Lifestyle (parent topic)|Knowledge|Technology"
58,UCVskTxfqoPn9SYyTZfYhs2Q,"Java (alexandrite)","ALEXANDRITE IS FROM HOUSEKI NO KUNI NOT SOMETHING ELSE!!!!! Hi ^^ Let me introduce myself! MAIN FANDOMS!! Houseki no kuni (obviously) Forsaken Minecraft TSB (The strongest battlegrounds) Making scratch games (Actual) Nickname: Java Nationality: Buddist Age: 12 Birthday: 23rd of October 23rd Country: Thailand You can call me Alex, Alexandrite or C00lkidd if u want it’s my old fanmade name. But u can still call me by my real nickname Stupid infos about me: I make scratch games I use penguin mod I have friends I love hatsune miku THAT’S ALL BAI Oh and also THIS CHANNEL IS 12+ contains blood and gore",2020-10-29T12:50:14.824455Z,,,752880,2650,184,https://yt3.ggpht.com/xZFB9aZzPb_UId6Kva2j90iYXd5zbwLD8jgYa4hi_HncFDfzxn-C9CIvKYzUuChCQnZyY21hww=s800-c-k-c0x00ffffff-no-rj,,"Gaming (parent topic)|Role-playing video game"
59,UCLX-JCNX4_Fjfk1nAnS8THw,"Java Júlia PRINCESA OFICIAL DA DEEPTUBE👸🏼",https://livepix.gg/javajulia,2023-10-24T14:56:22.505941Z,,,2981,111,12,https://yt3.ggpht.com/Who07R3RTPeQzxKJTbJRppub3C0nPB_FilOq6pyZTu7x7ZONArRAqAMtgsUs29E4TNPMkK-bqQ=s800-c-k-c0x00ffffff-no-rj,,"Music (parent topic)"
60,UC1fkQPIQegZBD940lkHH2uw,"Futuro Dev Java","Vamos estudar Java? Então vem pra cá! ",2025-07-14T22:27:06.048052Z,,BR,6,7,3,https://yt3.ggpht.com/tRLpkb-YAwLuex4S6LVS_uSO8NVBf_kByFJVI8WG7LD-yLHjOcgir0z2kKny33Q9OyjA4_AqmeU=s800-c-k-c0x00ffffff-no-rj,"Programador Java|Iniciando no Java|Java em 2025|Java em Angular|Java 17|Live Programando|Estudando Java|Novidades do Java|Começando no Angular|Começando no Angular com Java|Começando no Java|Começando no Java com Angular|Frontend Angular para iniciantes|Backend Java para iniciantes|Live Code|Live Conding","Knowledge|Technology|Lifestyle (parent topic)"
61,UCQnfKf8U4J96vQngW2RwE1g,"Java International Organization","Welcome to the JAVA INTERNATIONAL ORGANIZATION youtube channel, I'm Prabhakar Kumar & Our Team, and I'm excited to be your guide on this knowledge-filled journey. JIO dedicated to providing you with valuable computer tips and tricks, focusing on MS Word, MS Excel (tips, formulas), MS PowerPoint, MS Access, Tally Prime, Programming Language(C, C++, Java, HTML, SQL etc.), Web Development, Software Development and Hindi- English Typing Tips tutorials in Hindi. Whether you're a beginner seeking to grasp the basic or an advanced user striving to unlock the full potential of MS Word, MS Excel, MS PowerPoint, Tally Prime, Programming Language(C, C++, Java, etc.), Web and Software Development, this channel has something for everyone. Whether you're a student, professional, or simply eager to explore the world of computing, 'JAVA INTERNATIONAL ORGANIZATION' is your one-stop-solutions for comprehensive, informative, and engaging content. So, don't forget to hit the subscribe button.",2024-12-03T10:04:48.08944Z,,IN,5193,254,11,https://yt3.ggpht.com/8SQW_EZLBT8DNTs7OuumdO61HBcuXz2_Sv4I8QN4LDb1Or7Hz4fFWix5pfaZRObbqskJXkbMDQ=s800-c-k-c0x00ffffff-no-rj,,"Technology|Knowledge|Lifestyle (parent topic)"
62,UC9OPD0WKJB8FPC0aPzgNImA,"De olho no java","Amigos no controle ",2021-03-26T21:33:27.875357Z,,,1933,102,15,https://yt3.ggpht.com/ytc/AIdro_ngmGvFoW7JM04FRtMARQSRZyE_P-3krxx9MNJjRUPYFvs=s800-c-k-c0x00ffffff-no-rj,,"Pets|Lifestyle (parent topic)|Hobby"
63,UCyHs0PWuUWsGe5zxdAtVqzg,"Anderson java",,2019-10-24T21:35:23.042106Z,,,25038,169,13,https://yt3.ggpht.com/ytc/AIdro_nVoSbktpb-AYykRZCQGWbHE0x5NWeIK1uTy6wSLBemlJg=s800-c-k-c0x00ffffff-no-rj,,"Lifestyle (parent topic)|Pets"
64,UC2WXFyzv30O08feOHIo5wWw,"Dr Java",,2011-12-12T06:13:25Z,,,783590,4640,95,https://yt3.ggpht.com/ytc/AIdro_k5FK0tY3LiYjZ6RwbxlK0wUw-sL3AnEyZXDh5NRV8F-2U=s800-c-k-c0x00ffffff-no-rj,Java|Rastreamento,"Knowledge|Society (parent topic)"
65,UC4n7Ds_TOgpeWxtjLBQnPOg,"GagMansa- Learn Java","Greetings, In this channel i'll share my knowledge of JAVA with you. I'll try to put videos in simplest way so you can learn easily and able to develop strong base in programming. Note: I am using ""NetBeans"" IDE in these videos instead of notepad, because Oracle itself recommends Netbeans. Few words about ME: I am a Software Trainer, Software Developer, a Blogger and a Youtuber. I love to teach and share my knowledge. Few Quotes for programmers : We programmers need to do ""Smart Work"" instead of ""Hard Work"". ERRORS are GOOD, they Help Us In Learning… Keep Smiling And Happy Coding…",2015-12-06T14:30:14Z,,IN,855793,10100,104,https://yt3.ggpht.com/ytc/AIdro_mc1_Lp03RyPOdDNpzUr3CBV5JeLTwPxDtbk6S0GfQ=s800-c-k-c0x00ffffff-no-rj,"gagmansa|java|core java|java tutorials|java tutorials in hindi|java examples|java practical questions|java interview questions|gagmansa tutorials|gagmansa java","Lifestyle (parent topic)|Knowledge|Technology"
66,UCbK4xumsJl-7vU9qdXpldHw,"Canal Java POO","Videos Aulas Sobre POO(Programação Orientada a Objetos) , introdução ao Assuntos, abordando os Conhecimentos Básicos Sobre A linguagem JAVA...",2016-02-11T11:41:52Z,,,717,37,13,https://yt3.ggpht.com/ytc/AIdro_me_lB9rNoioRkQTcGgW6jTd2LM28UonK380WQidWFweg=s800-c-k-c0x00ffffff-no-rj,,"Technology|Knowledge|Lifestyle (parent topic)"
67,UCWddRHq826gAGdUTDkFSSqg,"Java Comercial","Aprenda java de verdade, com exemplos simplificados e objetivos... Importante! Este canal possui cursos restritos, os inscritos concorrerão a sorteios gratuitos. Se inscreva no canal Java Comercial!",2015-12-17T21:42:26Z,,BR,3998,136,15,https://yt3.ggpht.com/ytc/AIdro_nDXb_EtLy9eH5BT7ZmYJueXq-2RWXujRIgCQTnElCUlA=s800-c-k-c0x00ffffff-no-rj,Java,"Technology|Knowledge|Lifestyle (parent topic)"
68,UCC0KBSBlkuQ5l4CjKZ_Qr-g,"NextGenz Java","Welcome to NextGenz Java Here you’ll find: ✅ Easy Java & Full Stack Tutorials ✅ Prompt AI Guides & Smart Hacks 🤖 ✅ Coding Tips & AI Insights ✅ Job Alerts & Career Guidance ✅ Coding Tips + Multi-Language Programming 🌍 ✅ Internship Alerts & Growth Strategies Join the NextGen of Developers 💻 Let’s Code, Learn & Grow Together 👈 ",2025-08-16T07:59:44.508521Z,,,17609,134,46,https://yt3.ggpht.com/FOwjkhhDlHUfRMGKBNOGuGhLA1gEBx8gqpWB6MKPHU4pnWjoFBGcBHdsvu_lrCpvmUmgvKoV6n8=s800-c-k-c0x00ffffff-no-rj,,"Technology|Knowledge|Lifestyle (parent topic)"
69,UCPIQi_k8SI8m3pDJCIGpbOQ,"Java LGBT","Seje todes bem-vindes 🏳️‍🌈♥️",2020-11-15T05:38:35.853877Z,,,14641,66,6,https://yt3.ggpht.com/ytc/AIdro_nKeOB6LaWHqQAmNHRCHRA5hD9RzWqmBj66yZ2k_J1FEA=s800-c-k-c0x00ffffff-no-rj,,"Movies|Lifestyle (parent topic)|Humor|Entertainment (parent topic)"
70,UC42DlV-0RDb6fJ8A3IbAang,"黒本著者が教える やさしくない!? Java","売上No.1の黒本著者がやさしく解説する、やさしくないJava講座。 書籍の解説を補うものや、書き切れなかったこと、書籍では扱わなかったことを解説していきます。 Twitter：@betteroneself エンジニアのためのオンラインサロンやっています。 https://peraichi.com/landing_pages/view/goaltheory4engineer",2019-11-02T00:50:29.287238Z,,JP,958139,8700,459,https://yt3.ggpht.com/ytc/AIdro_kcho4XBny5naQjZ1pT2J-_6LdNnwSrYmPEbEJDg2xZNA=s800-c-k-c0x00ffffff-no-rj,Java,"Technology|Knowledge|Lifestyle (parent topic)"
71,UCAmLINYJM0v5J-wXLNAYSAg,"JAVA - Topic",,2022-11-11T03:26:29.320924Z,,,4027025,3970,61,https://yt3.ggpht.com/t_Ha4StadCfox5MAxTtrWkTgFnSOS47e6dEkE7-6abkMN8c2iaHjLQPA1Udh3ccJtqhkLPYx=s800-c-k-c0x00ffffff-no-rj,,"Electronic music|Hip hop music|Music (parent topic)|Pop music"
72,UCzRkRvW-odOGwylmFhC980A,"Projeto Introdução ao Java",,2023-04-03T00:31:09.399853Z,,,80,4,5,https://yt3.ggpht.com/ajMrz3jw6ahMOYDmo3FifhrhXajN3gfJL7akAC5FkVghITTjyaCE6NkcR5eEZTKyOAKCAHWd0A=s800-c-k-c0x00ffffff-no-rj,,"Lifestyle (parent topic)|Knowledge|Technology"
73,UCimy8mgofxLJ5lY1xi9VVRg,"Java Rwanda TV","Java Rwanda TV is a news channel media in East Africa. All about news, discussions and documentary... In KinyaRwanda and English program. JNN TV created by Viva Rwanda Digital Media Ltd.... a media company based in East Africa. Feel free to reach us: vivarwandablog@gmail.com ",2025-06-18T22:06:50.968289Z,,KE,84933,1720,60,https://yt3.ggpht.com/DFe7P2pL1fS5H_j59BJgSid5rZeoibVb9XaxXcVhVic30URclcU1Yq0KsZBSJn0W-YD7RZqz6Q=s800-c-k-c0x00ffffff-no-rj,"Rwanda|burundi|Uganda|rdc|iterambere|ubumenyi|umuco|congo|jnn tv|jnn news|java news|java news network|isaha y'amakuru|african news analysis|tanzania news|kenya news|great lakes region|amakuru y'akarere|ibiyaga bigari|news updates|africa news","Politics|Society (parent topic)"
74,UCh_Rm54B7eIKrYn31peFlTQ,"Learn C and Java with Karthik","My name is Karthik M N , Certified Trainer and developer having more than 10 years experience in training Students to over come their fear from programming language like C , C++ and Java. With my this channel i hope students who are beginning their programming journey or preparing for interviews will be benefited ",2013-01-24T05:18:21Z,,IN,41576,843,77,https://yt3.ggpht.com/jAAHKnEJMO03cZ_hkHmGg-V90Ol6IexNPMWQOdOzNaNS9lSJoF4wrFOwiqkqz_cE1FO7aJrDUQ=s800-c-k-c0x00ffffff-no-rj,"C|Java|C language|C ++|C aptitude|C interview questions|Java aptitude questions|Java interview questions","Technology|Knowledge|Lifestyle (parent topic)"
75,UCpZmM8vQg9deVcKbrv4wN3w,"exemplos java ","exemplos de exercícios feitos na linguagem Java utilizando o software eclipse, exercícios do básico ao avançado.",2023-01-30T03:33:53.039665Z,,BR,32897,74,61,https://yt3.ggpht.com/ytc/AIdro_lkRcKtCl1V3U7z6gPABjUdAntODyjfDK7mJXz0wNr9G8JY32PAhufwq8z9VnP0cEuP_g=s800-c-k-c0x00ffffff-no-rj,,"Lifestyle (parent topic)|Hobby"
76,UC3aFUBHVGlYYt8apKxGGv8Q,"CORTES JAVA","O Cortes Java é o primeiro canal voltado para cortes de vídeos sobre o mercado de desenvolvimento de sistemas em Java. O Canal traz, semanalmente, cortes de qualidade sobre assuntos que esteja relacionado ao desenvolvimento de sistemas: talks, palestras, lives, apresentações, meetups e hands-on. Contato: cortes.java@gmail.com ",2021-07-11T21:16:21.557585Z,,BR,10393,184,29,https://yt3.ggpht.com/kF6cFryPtW0Sfa9ksiI-UtilxH8FhvceKEbTHJNWECAYdhO8jsC53FCqphyrqdsLfsO41nifiw=s800-c-k-c0x00ffffff-no-rj,"java|programacao|sistemas|desenvolvimento|talk|palestra|live|jdk|jvm|SOUJAVA|cortes tecnologia|cortes java|cortes programacao|cortes desenvolvimento|cursos java|java 8|java 9|java 11|cursos java free|cursos java gratuitos|meetup tecnologia|integracao de sistemas|desenvolvimento de sistemas|SOU JAVA","Lifestyle (parent topic)|Knowledge|Technology"
77,UCmi5ghjZA4AsxW9vyi3zKZA,"SURVIVAL JAVA","OLÁ, EU SOU O TheKingJUDAH DESTE CANAL: https://www.youtube.com/@JudahSousa22/videos E ALÉM DO MAIS SE INSCREVE NELE AÍ PRA AJUDAR NÉ!!! E CONTINUANDO ESTE CANAL SURVIVAL JAVA É O CANAL DA MINHA SÉRIE SURVIVAL QUE EU TENHO COM MEU AMIGO DpumaPlay: https://www.youtube.com/@davipuma2009 ESPERO QUE GOSTEEEEEM!!! - Copyright 2023 - TheKingJUDAH - SE INSCREVA NO CANAL DO MEU PAIZÃO!!!: https://www.youtube.com/@nacaobrasileira6209 ",2021-02-02T17:24:49.490421Z,,,487,93,3,https://yt3.ggpht.com/Tf4sXTXMsNdKO_SZZu6TUgkPC5FRVti52FLdXiVwKnqefOrYEeN79vfzsZmoEd-74sClOKTsEmQ=s800-c-k-c0x00ffffff-no-rj,,"Action-adventure game|Role-playing video game|Gaming (parent topic)|Strategy video game"
78,UCp_WHqiQ1aWKOItqnIvBUWA,"Aury D'java",,2017-01-23T06:07:05Z,,,4627,133,34,https://yt3.ggpht.com/nHtz-jKaguP2Oo6mT7khAcsEXOj4CfzzUzeNMLtQQnoJ38I_h35_mpUGiugF-3QASMxU5Zob=s800-c-k-c0x00ffffff-no-rj,"quarentena|rubel|agnesnunes|pedrosampaio|musicpopindie|winderson nunes|dia dos namorados","Pop music|Music (parent topic)|Lifestyle (parent topic)|Music of Latin America"
79,UC4LTwIYJV2TXy3B5_Osak1g,"Projeto Viva ao Java",,2024-10-02T00:54:20.355944Z,,,78,1,1,https://yt3.ggpht.com/DKflgRCJUwN7fP8teRAGv5KehwycE4_tJkoJGjqkffO7C7Tf55yES8ODIjS-v2jFRomNfgJgfA=s800-c-k-c0x00ffffff-no-rj,,
80,UCR3f0Nk75wmdtRCaAwia7Og,"Nikiforov Java","Привет! Меня зовут Никифоров Александр, я Java разработчик. На этом канале я публикую уроки для изучения backend разработки на Java, а также делюсь своим опытом работы с различными технологиями. ",2021-09-05T06:30:57.355281Z,,RU,649366,8930,79,https://yt3.ggpht.com/MP9vV8eWsuQc1DD8A2Jan0NfAfDcEx7x4bIEfSZTSQQ9_OKlETLyFYIrXpcFmmMlkzhzxtpBew=s800-c-k-c0x00ffffff-no-rj,"java|джава|backend|программист|it|уроки java|уроки программирования|курс java|java для начинающих|уроки программирования|junior developer|java junior|что учить java|учим java|java interview|java собеседование|backend собеседование|java programming|java tutorial|java tutorial for beginners|java синтаксис|java с нуля|программирование с нуля|аудиоуроки java","Lifestyle (parent topic)|Knowledge|Technology"
81,UCxFKGyrgvsLkd9f1hWUcBsA,"Java - Topic",,2023-08-14T20:59:29.952002Z,,,5978,92,15,https://yt3.ggpht.com/HQYG6wpMkZldpslmpBA5FtrU16J7xfenVoye4zhPk5ibvh5D0rgypsxmNG544yprfDx1vJLpfA=s800-c-k-c0x00ffffff-no-rj,,"Music (parent topic)|Hip hop music|Pop music"
82,UCSiowsohSzt_B3FfEnoIu6A,"Apni Kaksha Java","All java lectures of anuj bhaiya",2017-11-26T06:12:23Z,,IN,40519,2010,25,https://yt3.ggpht.com/QlbeTiRS7zerNEbzkssXTkk0myESs3mVEk6M5b0eRsOj1iVN3xebX3VdtW9OWr2RHsU4bw__iQ=s800-c-k-c0x00ffffff-no-rj,"java|Apni kaksha|Apni kaksha java|Apni kaksha java placement course|Anuj bhaiya java|Java dsa|Java DSA|dsa java|Java dsa course|Apni kaksha java anuj bhaiya|java ds algo|apni kaksha java ds algo|java apni kaksha ds algo|anuj bhaiya dsa one course|dsa one course|dsa one anuj bhaiya|java anuj bhaiya","Lifestyle (parent topic)|Knowledge|Technology"
83,UC0z3MpVGrpSZzClXrYcZBfw,"Laur Spilca","Hello! Are you a Java enthusiast? Are you just starting to learn Java as a programming language or you are already an experienced software developer? In any case, this is a channel to follow. Here you will find full dedicated subjects, presented live, for all level of Java developers. Follow and share if you like it. Leave comments and suggestions... and of course, questions! Follow me on Twitter and LinkedIn to stay more connected: @laurspilca",2018-10-10T17:29:51Z,,RO,1805708,28100,353,https://yt3.ggpht.com/ZXWFVs4IargMTiYHsLrYgR8T8yd5g5smti8ZonFzfHYhRDIosHjokiWpU7n4t4sq65eVXRi3lg=s800-c-k-c0x00ffffff-no-rj,java|spring|javaee|springsecurity|hibernate|jpa,"Lifestyle (parent topic)|Knowledge|Technology"
84,UCb8PN3uBHUpOqA0Ka7xymzg,"Dilip IT Academy","This Channel was created by me to help and share real-time project knowledge of Java Programming Language and associated frameworks like Spring, Spring Boot & Quarkus, etc... The main purpose of this channel is ""Being More Practical Than More Theory"" i.e. I would like to take more real-time applications oriented approaches to every problem. Content : 1. Java, Spring, Spring Boot, Quarkus, Microservices and CICD Tutorials 2. Interview and Job-Oriented Sessions 3. Real-Time Projects Applications Scenaiors Coding 4. Job Interviews About Me: I am Dilip Singh from Hyderabad, and I have 12+ Years of Real-Time Experience in Java and related applications development. Currently, I am working for a product-based Org. and Implemented multiple Java, Spring, SpringBoot, Quarkus, and Microservices applications, and still count is on. ",2022-01-26T12:48:42.940886Z,,IN,833786,10700,299,https://yt3.ggpht.com/TIHAFvTKKAQHOcvFimCBJZtm_9O9cWJ1NOCrjaytCRpl1yRBD37HdMucyjd-AdTuNe1qDr6K9A=s800-c-k-c0x00ffffff-no-rj,"java|spring|java interview|spring interview|SpringBoot interview|java interview questions|Micro Services|spring framework","Knowledge|Technology|Lifestyle (parent topic)"
85,UC8xph_jUYXnQj7evNxXAroQ,"Profissional Java WEB","[70% de Desconto] Treinamento completo de Java Fullstack WEB que ensinará a criar aplicações completas com os frameworks mais usados a nível mundial o que te deixará preparado para entrar no mercado de trabalho e tirar seus projetos e idéias do papel.",2021-05-17T00:57:30.362947Z,,BR,1235,12,87,https://yt3.ggpht.com/TTQu5n8ZNhOXlEKnHefYTuOgdgIrRR-TzdKmJtGHqtnvIAtohGFSeDYn0bpi4w5bPie0WGZPhg=s800-c-k-c0x00ffffff-no-rj,,"Lifestyle (parent topic)|Knowledge|Technology"
86,UCRCmY-khUn_PlaxYzrqGeKQ,"Java Soul Vibe",,2025-10-05T06:34:32.061918Z,,ID,69722,1180,61,https://yt3.ggpht.com/o0gWhR24XDcTULnu1sERyfC6NASSsVX6dQv9GSFhnu34zMr5nqf8vwRThsXu2brRdpueeZN1=s800-c-k-c0x00ffffff-no-rj,lagujawa|popdangdut|dangdutjawa|laguviral|santai|slowpopjawa,"Music of Asia|Music (parent topic)|Pop music"
87,UCuiXpYzvUy3nY_ra0b3jvmw,"Descomplica Java",,2024-01-21T05:36:27.636024Z,,BR,702,4,3,https://yt3.ggpht.com/I7ikGhgy-DftSWTDRHRCLBgEXR2Wc_9nMTwAVg_jbmuw58DfhH_ioG17eNRvm6LbHu-XclyArg=s800-c-k-c0x00ffffff-no-rj,"Programação|Java|Tecnologia|Algoritmos|Desenvolvimento|Estudos|Conhecimento|Documentação Java","Lifestyle (parent topic)|Technology|Knowledge"
88,UC77Acbg5vsyCAQtR1ZVd4tA,"The Java Druid","Software Developer with over 20 years of experience in IT in general. Mostly self-taught; I started my professional career as a network admin in a bank, where I acquired several skills such as UNIX/Linux, shell scripts, Windows NT/Server Domain, Novell Netware. Then I moved to several IT tasks including development of small and medium sized applications and utilities in Delphi and C/C++. In the last decade I've been focused on Java back-end enterprise applications. Most of my experience is with Spring MVC/Spring Boot, but also some with JavaEE. In that time I've worked with many other technologies, such as JMS, JDBC, Kafka, Docker, Kubernettes, CI/CD, git, SVN, mercurial. Trying to get XP to the workplace. In this channel I intend to share my knowledge and experience. ",2024-04-11T19:01:54.823953Z,,US,348,8,7,https://yt3.ggpht.com/ZaqI2ouySTw9MKOVb44lPwnTNiCrIzI_HBPSyX7aXJp9uouz0nzyFw_DTDYu5j9wOwRXNJF3uA=s800-c-k-c0x00ffffff-no-rj,"Java|software|develoopment|computer science","Knowledge|Technology|Lifestyle (parent topic)"
89,UCu7GQHABN2hOwKzrIlGD9ng,"Code Coffee Java","Welcome to Code Coffee Java! ☕ Are you ready to take a deep dive into the world of Java programming? Look no further! 🚀 Code Coffee Java is your go-to YouTube channel for all things related to Java programming language. Whether you're a beginner eager to grasp the fundamentals or an experienced developer seeking advanced insights, our channel has something to offer for everyone. 🎥 What You'll Find Here: 🔹 In-depth Tutorials: Our comprehensive tutorials cater to various skill levels, from Java newbies to seasoned coders. 🔹 Tips and Tricks: Discover the tips, tricks, and best practices that can help you write cleaner, more efficient Java code. whether you're brewing your morning coffee or burning the midnight oil, let Code Coffee Java be your companion in mastering the art of Java programming. Hit that subscribe button, ring the notification bell, and join us on this exciting journey to becoming a Java programming maestro! #JavaProgramming #CodingInJava #LearnJava #CodeCoffeeJava ",2023-08-23T03:35:38.466215Z,,IN,20661,433,39,https://yt3.ggpht.com/G4E_pMR3-9wLGuVJS6sdWLnU-aJcrExDO1rlNSnRp4GQTlSsWjj36EmhP8GKZJyUEm2YEg3lxg=s800-c-k-c0x00ffffff-no-rj,"java|programming|coding|Code Coffee Java|code coffee java|CODE COFFEE JAVA|Coffee Java|code java|java code|Vishvajeet Gupta|java coffee code|Java Tutorial Programming|spring boot|spring framework","Technology|Knowledge|Lifestyle (parent topic)"
90,UCJ5yWEGMBEAzYuPDNUuVZkQ,"JAVA MATLAB RAMJI SIR","JAVA MATLAB RAMJI SIR Hi guys, This channel specialy help you if you are student of ICSE/ISC/CBSE Board and get upto 100% marks in Board Exam, apart from this will teach you all programming languages in your own language Hindi. You will learn all major programming languages like AI education,C, C++, Java, Python Data Structure programming language. My all tutorials have No copyrights and will never have, means you can share it with anyone you want, you can project it publicly. But please don't repack and sell it for selfish reason, if you actually want to help someone, I'am with you. You can share/give it to anyone (but for free), because my vision is to help specially those who don't have money to join costly coaching or tuition classes .Now a Days We are providing Online Live coaching for Java ,Python paid course for ICSE/ISC/CBSE students #iscboardexams #cbseclass12 #javaprogramming #java #icse #icsecomputerclass10 #isc #iscboardexams # Email: ramjijava80@gmail.com 9305035029 ",2013-11-07T08:16:06Z,hi,IN,86366,1280,372,https://yt3.ggpht.com/-0rw94bBI062no1VywYviC-kye42WtuAyRRTgRyncJGalQqtMr4_OsOa6i4gnEbycn9FTbmEfw=s800-c-k-c0x00ffffff-no-rj,"Java|educational|ICSE JAVA|ISC COMPUTER SCIENCE|JAVA MATLAB RAMJI SIR|PYTHON PROGRAMMING|java programs for class 10 icse|Best channel for ICSE Computer|Best channel for ISC Computer|java matlab ramji sir|java by ramji sir|ICSE JAVA|BEST JAVA COACHING|ICSE JAVA BY RAMJI SIR|BEST COMPUTER COACHING IN LUCKNOW|HOW TO GET 100% MARKS IN ICSE ISC COMPUTER|PYTHON PROGRAMMING BY RAMJI SIR|JAVA PROGRAMMING BY RAMJI SIR|COMPUTER GUESS PAPER 2025","Lifestyle (parent topic)|Knowledge|Technology"
91,UCk71uF2e0Df2PG98p5BG0tg,"odair Elau Nunes JAVA","Benção das Nações ",2023-05-09T07:32:02.299136Z,,,120,4,3,https://yt3.ggpht.com/YCul93uC9ClhO24DbovWcEAPAZUJPJl3lxi9Y-D3xo4yrNXQzMBaZOSrzn-ZrFPBpMZHqo4ZUA=s800-c-k-c0x00ffffff-no-rj,,"Lifestyle (parent topic)|Religion|Society (parent topic)"
92,UC851DyG54qugIJW6HBMZBTw,"Gatica o Lobão do Java","Opiniões sobre programação totalmente IMPARCIAIS do lobão do java ",2016-01-26T21:17:31Z,,BR,27483,719,10,https://yt3.ggpht.com/PtyNd7wY6qpXrHtsXBXGJi-RfnpXv7Sq9cUMhEganu3xRt4pZL9KfSrEbISGqcRx6JBCR_z6cWU=s800-c-k-c0x00ffffff-no-rj,,"Technology|Knowledge|Gaming (parent topic)|Lifestyle (parent topic)"
93,UCuS5U9eDpTZVWnJcBYxhVBA,"doZeroAoBásico em Programação JAVA","O minicurso ""doZeroAoBásico em Programação JAVA"" tem como objetivo criar um conjunto de passos e informações necessárias a serem seguidos para compartilhar conhecimento de forma simples e menos maçante possível. No material será apresentado as etapas necessárias para aprender o básico sobre configuração de um ambiente para desenvolvimento de aplicações utilizando a linguagem Java, além dos principais conceitos básicos utilizados. ",2024-09-30T14:39:11.834039Z,,BR,50,1,7,https://yt3.ggpht.com/5WUWShZunsj-uguv9DOdlSeN0ojiV6Wfr2tg2LT4XLZhOPL2ZHz3qzmkOsyNSWxJDXWUt17X5Q=s800-c-k-c0x00ffffff-no-rj,,"Lifestyle (parent topic)|Knowledge|Technology"
94,UCVBDjKHyPZEN0NFdSo7mnWQ,"Java Fácil","Busco ensinar a programar na linguagem java de forma efetiva. pode chamar meu método de ensino de Java puro e aplicado Estudei a linguagem de programação java durante 10 anos e hoje estou aqui para passar um pouco desse conhecimento para vocês. Iaí, vamo aprender java de verdade ?",2020-04-23T01:48:20.364737Z,,,82,9,2,https://yt3.ggpht.com/ytc/AIdro_l_9IAeI7uCRvjczosh0Ew97LLH1e6HX_1X2GnhYJdwyw=s800-c-k-c0x00ffffff-no-rj,java,"Knowledge|Technology|Lifestyle (parent topic)"
95,UC62cAGfs_CytEXThlc8KB7A,"Profissionais Java","Canal dedicado ao ensino, aprendizado e troca de informações entre pessoas que curtam, gostem, trabalhem ou queiram aprender Java e as tecnologias que rodeiam esta fabulosa linguagem de Programação.",2014-11-09T15:48:58Z,,,0,470,0,https://yt3.ggpht.com/ytc/AIdro_lmr5-GcZ5ryisOWw0St_AOXIk03pnKTzog-1nxWM5qOg=s800-c-k-c0x00ffffff-no-rj,"Java|Android|Javaweb|Profissionais Java|Orientação a Objetos",
96,UCS3iWo9x7Ao4I1kRQ3Qemow,"Canal do Java","Opa galera estou aqui pra fazer vários desafios e pegadinhas e muita mais muita zoeira então este canal só está começando, tamo junto Vlw Flw 😜",2016-02-11T22:01:27Z,,BR,2743,85,10,https://yt3.ggpht.com/ytc/AIdro_mJWPbgX9VSbMtCloi-seLzl5Tyes6F7kKsPsmmmkD5PMg=s800-c-k-c0x00ffffff-no-rj,,"Action-adventure game|Gaming (parent topic)|Lifestyle (parent topic)|Action game"
97,UC24gupgWhJaOvy19JGkXWQg,"JAVA BRICKS",,2019-01-11T17:26:59Z,,,1315,46,9,https://yt3.ggpht.com/ytc/AIdro_mf--T2HDMPe6x-OQc7-ART3kEY0THSjSaPm_xSYIypEw=s800-c-k-c0x00ffffff-no-rj,,"Technology|Knowledge|Lifestyle (parent topic)"
98,UC5bY-_0ZBmChdsfE43fQjRw,"Java - Topic",,2023-10-03T14:14:14.764618Z,,,2698479,1540,77,https://yt3.ggpht.com/3Qsih6hwm12-DL-wShbe-ejJrnWzIwSB4cbSb74TjzmxksV5I_ncd7nZkLgvlGgchgfVj9VzHPg=s800-c-k-c0x00ffffff-no-rj,,"Reggae|Pop music|Music (parent topic)|Hip hop music|Electronic music|Rock music"
99,UC7gJ4SstLJAcU-ovIQekY9w,"DJ Java 22 - Topic",,2022-08-22T18:09:10.792923Z,,,0,8,0,https://yt3.ggpht.com/7RqzQbk2u-4TOobWm_Jt59dO65N_iN33sqUBZF7_DRRk3CoEku6ltih-KcVEJZz1OeUHmMU3pg=s800-c-k-c0x00ffffff-no-rj,,
100,UCoQVBNZNTeWXGsHp8WBvhoQ,Java,"JAVA © Canal de musicas RAP. inscreva-se para receber todos os novos vídeo!",2018-02-10T06:06:09Z,,,11,1,1,https://yt3.ggpht.com/ytc/AIdro_lDFt4pvIAZ7EsWx0a_ZNd-UB60QWnYPbBBoNUdIXM=s800-c-k-c0x00ffffff-no-rj,,
101,UCmQXugi0QzzWvKTV52DsaJw,"Java Programming for Beginners","This videos are related to Java Programming language concepts based on SPPU SE computer engineering PPL theory subject",2020-03-30T07:12:27.393934Z,,,2869,30,17,https://yt3.ggpht.com/ytc/AIdro_nkHMdD8-iph0EM_9XXOHFTX5yr1_08Pyl5RsRmTC8NcKJnWauEhfigEgk72JRwumN-OA=s800-c-k-c0x00ffffff-no-rj,,"Lifestyle (parent topic)|Knowledge|Technology"
102,UCNVuLKaKdDhJSbZzdRvgrxQ,"Code Decode",,2018-08-25T16:39:30Z,,IN,19564225,161000,311,https://yt3.ggpht.com/gPJVp82hokmORsNl4tXdFST4fXgler-R8zsc_Lrvclvg8hkBUsS8uWxVM1yWujVoE9XNwFTWuA=s800-c-k-c0x00ffffff-no-rj,"java|angular|tutorial|microservices|java tutorials for beginner|angular tutorial|code decode|angular tutorials for beginners|java tutorial|java tutorials for beginners|git and github|git crash course|interview questions code decode|java interview questions|code decode interview questions and answers|java interview questions and answers|java 8 interview questions|code decode design pattern|design pattern interview questions","Lifestyle (parent topic)|Knowledge|Technology"
103,UCZ096iQ_GfYukqwIiZZk5HA,java,,2022-06-27T12:41:28.6319Z,,,30,12,2,https://yt3.ggpht.com/hSZICeqeGTn2ExCabhaqUyJe7G1rN4ETF-wBc0cXTsMGk5KJPDrN7mOVBhdA2mvi6BKGg51W=s800-c-k-c0x00ffffff-no-rj,,"Role-playing video game|Gaming (parent topic)|Action-adventure game"
104,UCo0BugGNnRax9vCrWl7l86g,"Java - Desktop","Pequenos softwares desenvolvido em java. Criado de forma simples e funcional.",2016-02-19T21:02:04Z,,BR,425324,2690,267,https://yt3.ggpht.com/ytc/AIdro_nB2v8wZxK1y8-aNr-kzvLGdTFTiyi9wj_ox8g1usj_iA=s800-c-k-c0x00ffffff-no-rj,java|desktop|SISTEMA|PROGRAMA,"Knowledge|Technology|Lifestyle (parent topic)"
105,UCRaadZ0Sv--mK7M0mbwOZ1A,JAVA,"- JOVENS ATIVADOS VIVENCIANDO O AMOR Somos JAVA 🔥🤍",2019-06-30T06:39:06Z,,BR,6378,108,36,https://yt3.ggpht.com/OX8VqUfqNlA81ow_ldY04a39Ijif4GBcH1d0GAi1FrBtbeY97dI8T0Zgsfd-ZwO-lYqfu53i=s800-c-k-c0x00ffffff-no-rj,,"Lifestyle (parent topic)|Religion|Christian music|Music (parent topic)|Society (parent topic)"
106,UCetz6lyIoXzbTnarr7mRqfw,Java,"Se você deseja melhorar suas skills no Clash Royale, esse definitivamente é o seu lugar!",2016-10-10T07:48:59Z,,,71,7,2,https://yt3.ggpht.com/ytc/AIdro_k32BpbiVnU-JIDar5_mt8l8KGl53vk0VPntVW--JxjOQ=s800-c-k-c0x00ffffff-no-rj,,"Gaming (parent topic)"
107,UCYt1xAAYU4ysf5wJuR7dvyQ,"TriadWorks - Ensino e Formação Java","Canal de ensino da TriadWorks onde iremos compartilhar nossas experiências, dicas, conteúdo e informações relevantes da comunidade e muito mais. Ensino e Formação Java. Cursos de Lógica de Programação, Java e Orientação a Objetos, Java para Web, JSF 2 com Spring, Persistência com JPA 2 e Hibernate",2015-01-02T13:59:59Z,,BR,40675,839,75,https://yt3.ggpht.com/ytc/AIdro_lnvSTqMzi2RfmfnSgxxF0NRPp4nNZmjdr3qHa2Qst6dbk=s800-c-k-c0x00ffffff-no-rj,triadworks|ensino|java,"Lifestyle (parent topic)|Knowledge|Technology"
108,UC9-CFkNf9AwjyD7vrnVk11A,"java iniciante","Java iniciante",2020-04-23T10:06:21.83678Z,,,4230,17,5,https://yt3.ggpht.com/ytc/AIdro_nfnCfp8SVxCP9AqNwGK8cFmq8Txe0rTT_6UQgr2ao=s800-c-k-c0x00ffffff-no-rj,,"Lifestyle (parent topic)|Knowledge|Technology"
109,UCeVRQI5H9vWLIw_LvUYW8_A,"Java Para Android",,2015-06-10T17:28:22Z,,,2131,18,1,https://yt3.ggpht.com/ytc/AIdro_lI-hprMTL1GOnKkjYdWLuGxhkxHZOF5bbmFehPLfKA=s800-c-k-c0x00ffffff-no-rj,"Java|Android|Java para android",
110,UCmC3sKhd_kNq-Cq3VjRKa8Q,"Full-Stack completo em Java Web - Depoimento",,2019-08-11T00:19:17Z,,,56,1,1,https://yt3.ggpht.com/ytc/AIdro_l-BuMjcaPW_ZU-pyC47NPMKuC7K1G8-saC2zAh95-O5g=s800-c-k-c0x00ffffff-no-rj,,
111,UC-_9YuCAHQbNp6Ss4tBUeZA,JAVA,"Bem vindo meu canal rumo 50k ",2020-01-04T17:26:02.450716Z,,BR,137951,2410,305,https://yt3.ggpht.com/ytc/AIdro_nKxs987RhN2GVwk6JccLaUxn-_zdjJpY_YrUXHyJjpslI=s800-c-k-c0x00ffffff-no-rj,"JAVA|REGEDIT|x1|4x4|JAVA Oficial|jogando com inscritos","Role-playing video game|Action game|Gaming (parent topic)|Action-adventure game"
112,UCi-2Zc_mQ29JfxbcQQjE-fA,"Java Corner","Welcome to Java Corner channel. This is the place for students who want to study programming from beginning. Mainly, the tutorials are oriented on Java programming language, but will not limited to only Java.",2022-08-17T19:26:17.262547Z,,DE,2837,75,13,https://yt3.ggpht.com/VZca00s8UL_ysnYoeAy_5JK6WglXq343c0Kcq3X_udb8OxSwyJ98imREtDcO1fzgZqR9jrMGSQ=s800-c-k-c0x00ffffff-no-rj,,"Lifestyle (parent topic)|Knowledge|Technology"
113,UCadEq4O0Y7o8KgVnARRzp0w,"Java 8","Its Java Language Complete Tutorial Using Java 8 for Programmers. In This We Used Java's Latest Version of Sdk Released by SUN Micro Systems Jdk 8.. Subscribe Our Channel Java Language Complete Tutorial Using Java 8 To Get Latest Updates On Java Thanks Slower Java Tutorial : https://www.youtube.com/watch?v=9oBYD887nJY How to Install Java & Eclipse : https://www.youtube.com/watch?v=7wnIXDNHW_A In this Java programming Tutorial I'll teach you all of the core knowledge needed to write Java code in 30 minutes. This is the most popular request from everyone. I specifically cover the following topics: primitive data types, comments, class, import, Scanner, final, Strings, static, private, protected, public, constructors, math, hasNextLine, nextLine, getters, setters, method overloading, Random, casting, toString Easy to follow step by step Java programming tutorial. https://www.youtube.com/channel/UCadEq4O0Y7o8KgVnARRzp0w/ Learn all java here",2016-10-01T12:38:38Z,,PK,2631,41,108,https://yt3.ggpht.com/ytc/AIdro_nbsdvwC4QSE2WQddipbqVBWLfIe-XUTdebAoie3d37kA=s800-c-k-c0x00ffffff-no-rj,"Java|netbeans|eclipse|programming|language|tutorial|coerce|java|java for","Technology|Knowledge|Lifestyle (parent topic)"
114,UC0-PnV9cnpBq-AvhcqBRYlA,"Jogos Java","Trago Cada Tipo de Jogos Java!",2019-04-21T20:29:11Z,,,3846,41,32,https://yt3.ggpht.com/ytc/AIdro_mpQDvhEnzPghOX9E-kOeS8n_2O_BaoKE8_e4OoL6MaBw=s800-c-k-c0x00ffffff-no-rj,,"Role-playing video game|Gaming (parent topic)|Action game|Strategy video game|Action-adventure game"
115,UCaUpomywYF5pP9ZEwqGARfw,"Jon Java","Desenvolvedor Java à procura de uma tão sonhada vaga, jornada do 1 ao X dias procurando! Orem por mim! Habilidades: Java + Spring boot Habilidades também: React + Figma ",2023-03-14T03:46:16.186022Z,,BR,9,414,1,https://yt3.ggpht.com/on7stCBOPOEOkyJd-iThAGuctA-roy0xHzc1M0XXDi0WEtMmKLUxl9IjwHR7gjEIp0eh7EDzxw=s800-c-k-c0x00ffffff-no-rj,frozen|disney|roblox|musica|anna|elsa|piseiro|kids|crianca|danca|tiktok|kwai,
116,UCdviVieSfrixxqFKB0kePWw,Javaら,"HFFとかRoblox、gang beastsとかやってます ※当チャンネルのゆっくり動画は、【東方Project】を基にした二次創作です。※ ",2024-11-26T09:54:04.477431Z,,JP,25,3,3,https://yt3.ggpht.com/6xMEHy534kXSTDsQvkN5vDhqjIBdsZlWWR00By4T3tT30fvo0aOs-MNbdzREuGapiZrvQxWa=s800-c-k-c0x00ffffff-no-rj,,"Gaming (parent topic)"
117,UCHKF102q38fISarmBayDoSg,JAVA,,2018-12-17T06:50:22Z,,,241,11,6,https://yt3.ggpht.com/ytc/AIdro_lCuyYQ4JfItk61EP-j2ETBw555N6ZIwGrK1kQ0MBeS8g=s800-c-k-c0x00ffffff-no-rj,,"Action-adventure game|Gaming (parent topic)|Action game"
118,UCrEc_WnZwxMqzwtL5l97I6g,"equipe manejo do java java","Equipe nota 1000",2017-10-08T15:01:26Z,,,934,22,5,https://yt3.ggpht.com/ytc/AIdro_kn0_vhKTVWOQr0vgHfH_8rGL0fNJbz-nAm-jJVc_4AKg=s800-c-k-c0x00ffffff-no-rj,,"Lifestyle (parent topic)|Hobby"
119,UCTwF2y-D89NaB5G7Kb3DFVQ,"games Java","Canal mostra diversos tipos de jogos do mundo Java venha reviver novas histórias com velhas lembranças, 2 jogos todos os dias. Agora novos jogos da antiga era ps2 pra celulares (Android) e + vídeos dos melhores games diversos, venha viver nessa aventura gamer 💥🚀🕹️🗿🎩 diversos jogos pra você se divertir Saiba aonde adquirir os melhores jogos entre em contato conosco através do WhatsApp 83993020371 ",2022-12-18T03:00:31.754932Z,,,209626,7960,219,https://yt3.ggpht.com/t6_LQccVkqnty6HJwxWnwJR0kny9wiMp0kjzXIlUsqz2_MVepQ-LzJuW75LimJ4fsA5AF_UEzg=s800-c-k-c0x00ffffff-no-rj,,"Action-adventure game|Gaming (parent topic)|Action game|Role-playing video game"
120,UCn52e_au3wZoxNvJ1jIniIw,"Desafio Java","Neste ano de 2024 irei realizar o Desafio Java, um estudo do java desde a versão 1.0 até as versões mais recentes. Em algum momento irei direcionar o estudo apenas para as tecnologias WEB. O principal objetivo é aprender mais sobre testes, padrões de projetos e arquitetura de software. ",2024-01-01T12:45:07.581312Z,,BR,28,2,3,https://yt3.ggpht.com/ju0h40_w1L3GtVmTIQ2sQBJYDAP7a6J_ahqMGKpYlZ_2BzdXfXMDa3WV8_PaMrIeNKj09YNYNA=s800-c-k-c0x00ffffff-no-rj,"Java|Desafio Java|Java em 2024",Knowledge
121,UCqcrA3XWMvkFotZ4WNgBMsg,"Java, javaee, javafx e relacionados","Vídeos sobre a tecnologia Java no geral.",2013-07-26T05:03:25Z,,BR,85717,419,46,https://yt3.ggpht.com/ytc/AIdro_mv14mWlI_DpzF84UaRoC_lWFAmktxuteA80NAt8XAZSA=s800-c-k-c0x00ffffff-no-rj,java|programação|javafx|javaee,"Lifestyle (parent topic)|Technology|Knowledge"
122,UCDspsHI0HVNCXMwirSKMIDA,"Arquivo java","Canal de #tutoriais, #app's, #jogos, etc. Criado em #2017 #tag ----------------- #Android #Arquivo #youtube #game #jogos #tutoriais #app",2017-05-20T04:55:54Z,,,3598,39,16,https://yt3.ggpht.com/ytc/AIdro_nQSN_XC1cxAr78YwwTEHVhyFY0_7l1NAwl8LM_2xTtpw=s800-c-k-c0x00ffffff-no-rj,arquivojava|arquivo|java|tutoriais|android|jogos|gratis|de|graça|ganhar|dinheiro|na|internet|melhores|videos|tudo|para|celul|pc|computador|computadores,"Lifestyle (parent topic)|Technology|Movies|Hobby|Entertainment (parent topic)"
123,UCijP3hEeIAKgRrfpc2g0YPg,"Desenvolvimento em Java","Compartilhando o conhecimento",2020-11-12T02:24:59.564787Z,,,65,3,2,https://yt3.ggpht.com/ytc/AIdro_lwhb2gW04J-q7EwsMX9sfrMj4tiDqjTuyvXJpSEtDGaQ=s800-c-k-c0x00ffffff-no-rj,,"Lifestyle (parent topic)|Knowledge|Technology"
124,UCywi45OjC7Zmt_m5WKJl1eg,Java,,2013-02-10T00:57:03Z,,,1674,13,19,https://yt3.ggpht.com/ytc/AIdro_nDS0WQX64l8YX-5sgLss23o7oi9A1iE8YuFdQFUbHDAuU=s800-c-k-c0x00ffffff-no-rj,,"Lifestyle (parent topic)|Hobby"
125,UCChlRoK3ZjxChTxslkgxHmw,"java- lee","Se iscreve ai pessoal...😎",2018-08-09T13:48:37Z,,,255,34,3,https://yt3.ggpht.com/ytc/AIdro_kNqIPo-MiZ1OyYMjqtmgsuaPk0OTCY2LxSlohImNNeyQ=s800-c-k-c0x00ffffff-no-rj,,"Action game|Gaming (parent topic)|Action-adventure game"
126,UCDHnSKmS5AC6S43J72bbu-A,"Java Br",,2015-03-16T09:51:26Z,,,357,65,15,https://yt3.ggpht.com/BV92y2kyYBBr6OkR_jR5xiMXN9fcWWp2b6kN3hOHPvSNT9_4OlMapYJ0AFN3soVHsvRH7azC7Q=s800-c-k-c0x00ffffff-no-rj,,"Action game|Gaming (parent topic)|Action-adventure game|Role-playing video game"
127,UCndJ87czDJn_OiN6SWcz9HA,"Java Avita - Topic",,2025-03-19T15:50:40.770029Z,,,71,5,3,https://yt3.ggpht.com/nI7saeFXOJSh4XJNz1QpxIDkLjYSD_CfhKiv0mF_ymqGubNUuVSEwYwVqbeLH5wCdSvaan0lrg=s800-c-k-c0x00ffffff-no-rj,,"Music (parent topic)"
128,UChUPFm9biLUPA5b_nRL-y6g,"Grupo de Estudo Java - Sobral","O grupo de estudo Java é um projeto de extensão da UFC direcionado aos alunos de escolas técnicas e de cursos superiores da cidade de Sobral-CE",2020-07-05T19:43:54.023635Z,,,4644,23,2,https://yt3.ggpht.com/ytc/AIdro_kJlzzllBd9Xt2TJ0MSkGZSAYcoPmKzhbD_bsSw0zHW=s800-c-k-c0x00ffffff-no-rj,,"Technology|Knowledge|Lifestyle (parent topic)"
129,UC1y725OWam_1zKCWdLsbGtA,"Gustavo Java","Desde menino vivi em um ambiente de vendas, onde muitas coisas aconteceram na minha vida. Para aqueles que sabem esse sorriso no rosto foi algo difícil devido aos caminhos que a história nos proporcionam, mas eu sempre acreditei em uma coisa. Há momentos de plantar, de colher e de transbordar, compartilhar com o próximo o conhecimento, pois se tem uma coisa que aprendi e quero deixar por aqui é um legado. Com muitos desafios resolvi encarar mais um, resolvi compartilhar meus conhecimentos para mostrar que todos aqueles que vivem de vendas de bebidas podem sim ter uma vida extraordinária.",2023-10-17T06:21:36.739814Z,,,143,9,1,https://yt3.ggpht.com/Vl91ad3DSihJg8hrAtNoGgMMtp7v01DOkXSZJCgPnE-VTWP2jngWXK9wtByLcRpz4lJXOGyM94s=s800-c-k-c0x00ffffff-no-rj,,
130,UCfPXkR-nIheLi3vMaXmCInA,"Java Total","Somos uma organização não governamental, nosso objetivo é a inclusão digital para todos.",2020-06-16T15:37:04.437528Z,,BR,979,5,48,https://yt3.ggpht.com/ytc/AIdro_lEfCgFu3bL5Gb0ToyAd7ikOT33pSw9kzhxsPW0MdLuDt0=s800-c-k-c0x00ffffff-no-rj,,"Lifestyle (parent topic)|Knowledge|Technology"
131,UCmY3wVoHLfrZ0J101FrEklA,💧JAVA💧,,2025-10-26T08:27:00.161587Z,,,0,95,0,https://yt3.ggpht.com/6ov3PGjXRG5FlipjHtlEnQVL_Y-DCUWZbOXY1HOs3g63Y-gpmWeclG-C-qts9YF-gr596Q-5=s800-c-k-c0x00ffffff-no-rj,,"Entertainment (parent topic)|Movies"
132,UCzj28aTzCPiJLqjeLyG8iEA,"Java Curioso","Um canal para programadores backend que utiliza Java como linguagem de programação. Apresentamos aqui alguns cenários do cotidiano de um dev Java, ajudando em boas práticas, conhecimento de novas ferramentas e designs e modelagens para um bom projeto. O foco é sempre apresentar cenários e soluções com o uso de boas práticas.",2022-11-22T20:48:32.139Z,,BR,286,26,3,https://yt3.ggpht.com/6PqLLL5cblcqgZdKuwljiTCpdSk3mqilDzwneQedZP3767abgOP7MpVasecZXQuXBQ9ZtqqF4g=s800-c-k-c0x00ffffff-no-rj,"java|Java|Backend|BackEnd|backend|back-end|lombok|Lombok|spring|Spring|spring-boot|programação java|spring boot|String Boot","Knowledge|Technology|Lifestyle (parent topic)"
133,UCj7F2EZpOY5BsTKRwrmE5Dg,"NINJA - Núcleo Integrado em Java e Aplicações","Aqui você encontra aulas e dicas de Programação Orientada a Objetos com Java; entrevistas variadas sobre carreira em TIC; palestras e minicursos interessantes. Este canal é mantido pelo Prof. Marcos Vinicius de Andrade Lima, docente no Campus da Universidade Federal do Ceará em Russas e pesquisador no LINCE (Laboratório Interdisciplinar de Computação e Engenharia de Software - UFC/Russas). Temas de Pesquisa: Tecnologias Educacionais e Acessibilidade Virtual.",2016-06-19T17:32:47Z,,,24968,152,13,https://yt3.ggpht.com/ytc/AIdro_mZ4PcvRNcTtN2FY_KIQwprflOg_sESgcDPVILGchLIJw=s800-c-k-c0x00ffffff-no-rj,Java|POO|TIC|Programação,"Technology|Knowledge|Lifestyle (parent topic)"
134,UC-1O06vmvH-tvyEEYVhMYxQ,"Formação completa em Java Web - JSF","Formação completa com mais de 450 vídeos aulas Frameworks usados no curso.",2018-08-20T21:55:17Z,,BR,2,2,1,https://yt3.ggpht.com/ytc/AIdro_kqw6WqQYhSZqnIgq0J7GcKQA-EU0OKvWBB9rTCTyy3fQ=s800-c-k-c0x00ffffff-no-rj,"cursojavaavancadocursosti|hibernate|angularjs|jsf|tomcat|iReport|primefaces|sql|postgresql|jpa|java avançado|alex fernando egidio|spring framework|java web|javaserver faces|spring restful|curso java|eclipse spring data jpa|spring security|curso de jsf|curso de primefaces|crud hibernate|exemplo hibernate|javaserver pages|controller spring|spring mvc|curso de java|projeto java web|curso de angular|spring boot|restful api|rest api",
135,UCzKSkPmlbLcoLpITNJFmCfw,"Productive | Java Programming","Welcome to TVL-ICT - Productive (Java) of HRA's YouTube Channel! Step into the dynamic world of code, creativity, and camaraderie. We're thrilled to bring you a front-row seat to our class's journey through the realm of computer programming, focused on the captivating language of Java. This channel is your exclusive gateway to witness our collective exploration, experimentation, and exciting projects. As students of Holy Rosary Academy of Las Piñas City, we've embarked on a shared mission to unravel the intricacies of Java programming. From coding challenges that spark our problem-solving skills to unveiling the inner workings of our Java applications, each upload is a testament to our dedication and growth as aspiring programmers. Whether you're a fellow student, a programming enthusiast, or just curious about what happens behind the screens, we invite you to be part of our community. Let's explore the exciting landscape of coding together! ᵕ̈☕︎ ☕📶💻⚙️🧩💾🗄🌐📁🛠🔗💿👨‍💻 ",2022-11-25T06:35:06.455389Z,,PH,88,20,9,https://yt3.ggpht.com/vbrLWbP6FwNA7HtmLlF15mcWobuhvyIZb70HmZC31d4Z9-kYZt3x8oLduIH7Pysoy9sjcbuz-w=s800-c-k-c0x00ffffff-no-rj,"Java|12-Productive|TVL-ICT|HRA|Java Programming|Java NC III|Holy Rosary Academy|Holy Rosary Academy of Las Piñas City|Productive Java","Lifestyle (parent topic)|Knowledge|Technology"
136,UC_oKx3wLHNfvnAcmYaz0Xlg,"Java Café e Conceito","O Java Café e Conceito é uma cafeteria que oferece café de grãos especiais e produtos de altíssima qualidade. Nosso cardápio é cuidadosamente elaborado para proporcionar uma experiência única aos nossos clientes. Além disso, nosso atendimento é impecável, garantindo que você se sinta especial em cada visita. ",2024-07-10T21:08:11.836678Z,,BR,7896,14,25,https://yt3.ggpht.com/G-Nyf5Rb3LOYzr7R9_EQ2VskYGe5MqBElAYzMJyBZAGnWe-yf2jgJf2V6exsYP2yqVXC3TftIg=s800-c-k-c0x00ffffff-no-rj,café|java|cafeteria|maringá|almoço|brunch|breakfast,"|Lifestyle (parent topic)|Food"
137,UCgfW97qEGfSpnXcTE3ijobQ,"link mineiro JAVA",,2025-07-19T21:27:46.081964Z,,,169,1,2,https://yt3.ggpht.com/hy7158rmDJ3najkmp8MWlYs2hmrooGqGER1TlF_5fYWvRxzUhxovh397qnxRiyOjz-U6IIi3=s800-c-k-c0x00ffffff-no-rj,,"Gaming (parent topic)"
138,UCkHAlEwosrvzVBVMZZHsofg,Java,"MC. MOTOS",2018-05-28T14:26:38Z,,,4218,16,22,https://yt3.ggpht.com/96g9wF1f8RbCbTHZB1g20Ma5h9fNe_duDoCuZk8K93qRzRgShbS3mQObq7V1sZqHU9jOSoZ7oQ=s800-c-k-c0x00ffffff-no-rj,,"Lifestyle (parent topic)"
139,UCAF9msxjj9p7LQXiv5flpvQ,"The Java OceAN","This channel contains technical videos on the Java Programming Language, Object Oriented Programming and Software Engineering Principles.",2022-01-26T08:39:40.689596Z,,,1648,6,23,https://yt3.ggpht.com/zGPj10FaB-4jX1Mr9RfR0dCw0Wxeo6WBCJTdA7i95fvXkIu9FSX0CNphTPJ6RQEwPiCPtFehUZk=s800-c-k-c0x00ffffff-no-rj,"Java|Tutorial|Interview|Questions|Concepts|Java Tutorial|Java Playlist|Java Basics|Complete Java Tutorial|Java interview","Lifestyle (parent topic)|Knowledge|Technology"
140,UCU0owgb4asyBlsK1_Xd8xxg,"Amigos do java","Caçada de javalis ",2024-01-16T00:19:17.301944Z,,,5726,12,10,https://yt3.ggpht.com/2G4ORQ766A2p9wxsTnyMHIjtS6AKToAtsXoCyWxBwBzQ4zOn9HpOVpe34k112RUo185m5NZd=s800-c-k-c0x00ffffff-no-rj,,"Pets|Lifestyle (parent topic)"
141,UCkTW0DsI9HV-t1Q1o0VeGeA,"Java Games","Um canal de Jogos Java.",2020-01-20T20:45:19.532085Z,,,108809,475,108,https://yt3.ggpht.com/bsKDayGqlIt4t7OQ6PK0eV8_snhc4tEF7t5kZSmCYgkM4F7KheSO4O-H0ftxFOaTDUjAOMj-zw=s800-c-k-c0x00ffffff-no-rj,,"Role-playing video game|Action-adventure game|Gaming (parent topic)|Action game|Strategy video game|Racing video game"
142,UCgrH_Za-uSx2u39_47rYKCg,"Java Tech","As inovações tecnológicas têm trazido muitos benefícios para nós, tanto no âmbito pessoal quanto profissional. Uma das principais vantagens é a facilidade de acesso à informação. Com a internet, podemos ter acesso a uma grande quantidade de conhecimento em questão de segundos, o que é fundamental para a tomada de decisões e para o aprendizado contínuo. Além disso, as inovações tecnológicas também têm melhorado significativamente a comunicação entre as pessoas, permitindo que as pessoas se conectem facilmente, independentemente da distância. Conheça nosso canal no Youtube agora e fique por dentro das últimas tendências e novidades da tecnologia. Análises de produtos, dicas e tutoriais em primeira mão, e uma comunidade ativa de seguidores para discutir tudo sobre tecnologia. Não perca a oportunidade de se manter informado, acesse nosso canal agora! ",2023-01-22T05:29:49.579654Z,,,60,2,1,https://yt3.ggpht.com/FOXkqfnOLiITuq2SYW5jfqiPD3v3g_4dtON3H5WFVqf_zIlKW60ZbbFbLmJRElXqXLG0fmruqcU=s800-c-k-c0x00ffffff-no-rj,,
143,UCvd-Wi1KQ978ASV5fDx0Mwg,"Java Tech","tutorias tech pc e mobile 🤓☝️",2024-03-08T00:55:22.093827Z,,,22,3,1,https://yt3.ggpht.com/y0HrD9XO3a-JkB-tBBPYZQ6KcRmsHAzjNNjeIma7K9kIzclRgTIYwcMNNevCLNHajwHbB1cbzw=s800-c-k-c0x00ffffff-no-rj,,
144,UCXq8C87XPpiXGn95WrZDhXA,"Java Rápido e Prático",,2024-03-18T19:05:29.021093Z,,PT,1870,2,6,https://yt3.ggpht.com/-S3spybv166o_FCQ-ubTzvsA54jXPSR6fb6rnE1ioFcyD-4uGy98v0lm28Ze-0AHWRuEDw96wQ=s800-c-k-c0x00ffffff-no-rj,,"Knowledge|Technology|Lifestyle (parent topic)"
145,UCqIBDYXz0ZkyM7lO_f4joHQ,"java net","Java tutoriais",2013-07-01T23:46:22Z,,,12631,215,6,https://yt3.ggpht.com/ytc/AIdro_kuem3G-3vUiAbbj3UpkFBTuariNb7fCleUJCbwqkbVCyE=s800-c-k-c0x00ffffff-no-rj,,"Technology|Music (parent topic)|Reggae|Lifestyle (parent topic)|Pop music"
146,UCtpMZwb_6Nx5-t2c-BPfGtw,"Jogos Java","Seja Bem Vindo ao mundo incrível dos jogos Java!!! Eu me chamo Leonardo Renovato e seja bem vindo ao meu canal totalmente focado nos jogos Java. Nesse canal irei trazer Gameplays, análises,detonados e tudo que tiver ligação com jogos antigos de celular de botão... Download de todos os jogos sempre fixado nós comentários!!!",2021-04-22T14:30:01.002033Z,,,735,17,3,https://yt3.ggpht.com/ytc/AIdro_lQx5IrsouESSArmTM2c7WdibOT_n0kKmrjXm0swDnmMg=s800-c-k-c0x00ffffff-no-rj,,"Action game|Gaming (parent topic)|Action-adventure game"
147,UCUwHDTLXxL62Q79r1eeMKHA,"Java dos Santos",,2018-02-05T16:13:46Z,,,251,7,9,https://yt3.ggpht.com/ytc/AIdro_nqJk08yaJsOt3b-qu9LBuiZ1m5avLo7n3cyd4LdJP0_Q=s800-c-k-c0x00ffffff-no-rj,,"Lifestyle (parent topic)|Music (parent topic)"
148,UCYS9S4kqhh3rMd4DL2kjQAQ,"Java Trading","A Java Trading foi criada para servir como a melhor solução para os clientes que desejam reduzir seus custos através da importação com a nossa empresa, tirando vantagem de nossos benefícios em Santa Catarina, Pernambuco, Espírito Santo e Rondônia, que traz uma redução significativa nos custos da importação. Conseguimos ainda, gerar economias à nossos clientes através de um detalhado procedimento nos processos de importação, que envolvem vários passos evitando assim transtornos, custos e multas no desembaraço das mercadorias de nossos clientes. Saiba mais em www.javatrading.com.br",2020-06-18T22:49:45.904598Z,,BR,1476,71,19,https://yt3.ggpht.com/ytc/AIdro_m6b6snh2-EIE-ew8AmUFvhJQsFbClZdrEI2MzxWYS8mA=s800-c-k-c0x00ffffff-no-rj,"Importação|encomenda|Pernambuco|icms|Java Trading|conta e ordem|Santa Catarina|Espirito Santo|beneficio fiscal|crédito presumido","Knowledge|Health|Lifestyle (parent topic)"
149,UCiq85T4do1FuwFIZwKkGJAQ,"rise of java - Topic",,2024-12-11T10:17:12.431005Z,,,324,28,2,https://yt3.ggpht.com/H5FwLLKbVjuvtRg5hnWG0ofk_nJfcjCE5hwm1mZ5P1SLqNaFDOtur1DMQyt-3Tf2E25BieBSm7U=s800-c-k-c0x00ffffff-no-rj,,"Music (parent topic)|Pop music"
150,UCOCT6dwWWyokLLvB7rYkMQA,JAVA,"Canal focado no grupo Black pink (SEJAM BEM VINDOS!) ",2021-03-14T21:54:27.933626Z,,,341,3,1,https://yt3.ggpht.com/ytc/AIdro_lTWNPPlFFqYYIhkqOf2yel9LSPn2Z6HJMYY3BXoz7CkQ=s800-c-k-c0x00ffffff-no-rj,,
151,UCtVbSXJxLutvCufP2xD1ghA,JAVA,"Um youtuber que só grava videos quando não tem ninguém em casa =/",2021-06-09T23:05:41.843251Z,,BR,56,2,1,https://yt3.ggpht.com/3KK8p96HxEaszTe5PDiYvqZX0hOHLuKeju03QIEoJDnOLWq6SJXrqhCX1nmTq-gyVyNfi2XMyg=s800-c-k-c0x00ffffff-no-rj,"JAVA|JAVA GAMER|VIDEOS DO JAVA",
152,UCTYgle81E9_AynVTxpUgBWA,Java,"Eai cumpade",2021-03-18T22:06:30.860526Z,,BR,0,63,0,https://yt3.ggpht.com/9von6OC-unr6Hs_dJ_jc0go7r0Va9ufRTtEs0gycf0xFWbYK1UhpaCxqgi7RRMFlUuppsYnS=s800-c-k-c0x00ffffff-no-rj,jogos|tutoriais|minecraft|java|editor|video|como,"Role-playing video game|Gaming (parent topic)|Action-adventure game"
153,UCc-3tSrkP70modzbLDz9chA,"como programar em java",,2016-09-12T19:08:23Z,,BR,11,1,1,https://yt3.ggpht.com/ytc/AIdro_nBNUzh3FdG51K6GInTBihobql1ljRkwP5lcCh396jvKDQ=s800-c-k-c0x00ffffff-no-rj,"java programação java java para iniciante|como programar em java|curso java online|curso java básico|certificação java|como programar em java passo a passo|melhor forma de aprender java|formação completa java passo a passo",
154,UCmwJglGuaM81fGOHyqKpO_Q,"Conexão Java","Técnico formado em Informática. Cursando Bacharelado em Ciência da Computação.",2016-02-10T21:54:12Z,,,84,3,1,https://yt3.ggpht.com/ytc/AIdro_nDSZjnglOv9NOqmF7fbYp75z_tarpp90m7eQ_lukpqEQ=s800-c-k-c0x00ffffff-no-rj,,
155,UCgnXkWpa09uqdVYUK-2T01A,"Java sapiens",,2023-07-08T19:10:40.694753Z,,,188,1,16,https://yt3.ggpht.com/TvM11Zleaqtsx1zM84pHASwQceWFvGXGkVYpt9_IzmaqqWj2b4HfHeZJx6FVlz6ACuSTx4yXhw=s800-c-k-c0x00ffffff-no-rj,,"Technology|Knowledge|Lifestyle (parent topic)"
156,UCcc30zmR9PURqaNrADPf9bQ,Java-Developer-JIT,"# Dear Java Developers, #welcome to ""Mastering Java,"" your ultimate guide to learning and mastering the Java programming language! Whether you're a beginner looking to dive into the world of coding or an experienced developer aiming to enhance your skills, this YouTube video series is designed to cater to learners of all levels. #Here's what you can expect from our Java learning series: #Object-oriented-gramming (OOP), #Classes-bjects, #Unheritance, #Polymorphism, #Encapsulation, #Abstraction, #Java-tandard-dition (Java SE), #Java-irtual-achine (JVM), #Exception-handling, #Collections-framework, #Generics, #Multithreading, #Beginner-Friendly Approach: We start from the basics, assuming no prior knowledge of Java programming. If you're new to coding, don't worry – we'll guide you every step of the way. #Hands-On Examples: Learning by doing is key to mastering Java. Throughout the series, we'll provide plenty of practical ",2024-03-16T03:19:18.440886Z,,BD,548,13,30,https://yt3.ggpht.com/Mt_-UokGag4bsZDQYO0cOIajEou9rZTVCRJpQSr4Xcl2p4sgxEGteravD6Pk6gss7M6gi9ve1w=s800-c-k-c0x00ffffff-no-rj,#Java-programming|#Learn-Java|#Java-tutorial|#Java-basics|#Object-oriented-programming(OOP)|#Java-for-beginners|#Java-development|#Java-coding-examples|#Java-fundamentals|#Java-syntax|#Java-classes-objects|#Java-methods|#Exception-handling-in-Java|#Java-data-types|#Java-variables|#Java-IDE(Integrated-Development-Environment)|#Java-application-development|#Java-projects|#Java-best-practices|#Java-programming-exercises,"Lifestyle (parent topic)|Knowledge|Technology"
157,UCYQw1KolX17PNT9gMCQgCgA,"Java Twice","My various vlogs during the course of my personal journey through life.",2007-03-07T14:16:28Z,,US,30275,135,103,https://yt3.ggpht.com/ytc/AIdro_lb4RkNICkQ_Yg6lbbzvwZTx0VIOJFVu9kYxPcWbxLgxxA=s800-c-k-c0x00ffffff-no-rj,My|likes,"Food|Lifestyle (parent topic)|"
158,UCbgznL7YoVnDpzfDdjaQNFA,"Java Lab - Prof. Yogesh Pingle","This channel (Java Lab) is for Java Programming Language Lab.",2021-09-06T11:09:48.820933Z,,,1807,62,16,https://yt3.ggpht.com/oRNZIjOHvQWDUWhPe5BgPexPSmKsxQTn5e_y0VtPUlcGCAlHUN_OIsvuYFzwTv2177URmImBQ08=s800-c-k-c0x00ffffff-no-rj,,"Technology|Knowledge|Lifestyle (parent topic)"
159,UCjVoGH-vkKpqb7N_MI7ayzg,"Eventos Java ",,2022-07-13T13:41:27.788823Z,,BR,21009,132,8,https://yt3.ggpht.com/abZ4CerFYx6XWXHxJNB2hcaAAGPIRxjGieROuIFSG867fH5wr7FVzbQ-9OqCYle3ziB8Jj2HRQ=s800-c-k-c0x00ffffff-no-rj,Eventos|shows|espetáculos|cantora|cantor,"Music (parent topic)|Music of Latin America"
160,UCmsKjfu0bKjXhYH8k1r-68w,"WebforCraft Java",,2012-12-24T09:55:06Z,,BR,84202,337,28,https://yt3.ggpht.com/ytc/AIdro_n3yci0hgerRiryTDU1adWWCLRMnGsMyv3B5wEllhkRow=s800-c-k-c0x00ffffff-no-rj,,"Lifestyle (parent topic)|Knowledge|Technology"
161,UCqx265aJjab_rYuPid42_-w,"Zantech Solution - Sistemas em JAVA","Vídeo Aulas e Software desenvolvido em JAVA Visite : 💻 Meu Site: https://www.zantechsolution.com.br",2017-08-13T21:07:13Z,,,15411,152,51,https://yt3.ggpht.com/Qz9PvsTwHNI8CpHuYdLk9T2GPT39vShd0_XPt_nAR4peg9ftowYGhYrwKw6QVDLNzZLCF3VHag=s800-c-k-c0x00ffffff-no-rj,,"Knowledge|Technology|Lifestyle (parent topic)"
162,UCljPY2VB946SN18Hsz3pAkg,"eu sei que você jogava java",,2025-12-24T14:13:34.864547Z,,,128,1,1,https://yt3.ggpht.com/lu4ySJmczVRcISnsDiqtjxBr3gIQM78K4ARr0RQg-6M6Ei02fvQNN5IxaZurG2ODHICYb9T2gw=s800-c-k-c0x00ffffff-no-rj,,
163,UCwqZEkezDUuhnxvN6UCNwug,"java take it easy"," Welcome to Java Take It Easy by Ujjawala! Whether you're a beginner or an experienced programmer looking to sharpen your Java skills, this channel is your go-to resource. I break down complex Java concepts into easy-to-understand tutorials that help you master the language step by step. From basics to advanced topics, including object-oriented programming, data structures, algorithms, and Java-based project development, you'll find everything you need to become a proficient Java developer. Join me as I simplify Java, making it accessible and enjoyable for everyone. Don’t forget to subscribe and hit the notification bell to stay updated with the latest tutorials, tips, and coding challenges. Let's take the complexity out of coding—one video at a time! Subscribe and start your Java journey today! 1)Java Playlist- https://youtube.com/playlist?list=PLHKRNwk6XNpndWTVcPfutnkw2trTAF2d4 2) Python playlist-https://www.youtube.com/playlist?list=PLHKRNwk6XNpnmm6qS2vA9yt16IFvuzy5qh ",2020-06-17T11:47:59.897314Z,,IN,43144,307,209,https://yt3.ggpht.com/sl2O6oNA8EqxP783ROG2qPy9GUgeb2Ybw-zrQk_gTvcdhkdNXNJy8-Mzeisemcu3ZML2ydNtLQ=s800-c-k-c0x00ffffff-no-rj,"java|programming|#shorts|#youtubeshorts|b001ean|codewithharry|Simplilearn|Python|take it easy|Take it easy|java take it easy|take it easy by ujjawala|ujjawala nimbolkar|free course|java free curse|java with ujjawala|programming courses|gum hai kisike pyar me|#you tube|shorts videos|you tube videos|java videos|Curious Freaks|Java Brains|Jacob Jenkov|Coding with John|Caleb Curry|Alex Lee|The New Boston|Java Ujjawala|Python courses|Free tutorials","Technology|Knowledge|Lifestyle (parent topic)"
164,UCykbSDDGjzcDpnk5QoF8I4w,"Teologia com JAVA","Estudos e pregações sobre Teologia Cristã Teologia de maneira simples para todo aquele que quer aprender um pouco mais sobre a Bíblia e Deus #Bíblia #oração #estudos #palavraDeDeus #deus ",2021-10-01T21:49:39.746617Z,,BR,251,7,4,https://yt3.ggpht.com/WSD-cCe8IYZo2lAovRCzaEQnU3GZqjGSKrWP1h7dhO8evYSZ0hL01dv0wY821sVeKmKxeay_=s800-c-k-c0x00ffffff-no-rj,"Deus|Pregação|Teologia|Biblia|igreja|mevan|mevam|evangélica|batista|assembleia de Deus|palavra de Deus","Society (parent topic)|Religion"
165,UCkY4VXxLxrzJ6u1iFqNN4mA,"For Java Programmer","Java Program Channel is working for beginner C, Cpp, DFS and Java Programmer, Who need simple and best solution on basic topic. We have all topic videos and blogs. For Blogs, programmer can visit our website isssearch.in. This all videos give best platform to all beginner developer in programming fields.",2016-10-07T14:37:10Z,,,181073,443,111,https://yt3.ggpht.com/ytc/AIdro_lDeziv6-tb597nkYm3KG5kA85HQF3XeEYCQACwHB1rFKY=s800-c-k-c0x00ffffff-no-rj,java|education,"Lifestyle (parent topic)|Knowledge|Technology"
166,UCY0g1LVVspsakO_IaqF31SA,java,"Os flogueiros",2018-03-30T06:38:17Z,,,3760,35,8,https://yt3.ggpht.com/sBvJbAb3DJWDBrusohe9IkTHs5q6dmXDMMgUsvpgV1bvE3frAMM4QSnmoa0MKUSaADNUv_2RIg=s800-c-k-c0x00ffffff-no-rj,,"Vehicles|Lifestyle (parent topic)|Gaming (parent topic)|Music (parent topic)"
167,UCh2548c9mDuuVrillFD7PVw,"Java for Engineers","This is a channel to share ideas about programming. The main focus is Java programming language.",2011-03-20T16:24:20Z,,US,247119,2900,347,https://yt3.ggpht.com/ytc/AIdro_lm6p5rBwzktdAdN_mFnv4ofz4EdBFfw3oUHxGoItYhFQ=s800-c-k-c0x00ffffff-no-rj,,"Lifestyle (parent topic)|Knowledge|Technology"
168,UCFvZ-G0Cb2iHk191ZcVtZ4A,"Canal do Java - Trânsito, Transporte e Tecnologia.",,2019-01-31T11:31:27Z,,BR,170,44,1,https://yt3.ggpht.com/ytc/AIdro_mOd1SU61R1NWlMAeP3qWLzoHBADYKIxsx5_jnXOjKhCQ=s800-c-k-c0x00ffffff-no-rj,transito|transporte|autoescola|dirigir|tecnologia,
169,UCsatUtTzIdpZrKlgwzOfziA,"Jalapão Java","Canal voltado ao controle legalizado do javali no brasil",2017-03-05T16:02:09Z,,,96613,711,1,https://yt3.ggpht.com/ytc/AIdro_mxomdqf_VIs3YcqVV96T4jW4yFqJSADqFLxoFCiK8Nnw=s800-c-k-c0x00ffffff-no-rj,,
170,UCb_n254o400Tal4_QTXIM1A,"Java User Group 3 Fronteiras","Canal da Comunidade Java da Tríplice Fronteira",2020-04-16T19:18:15.452112Z,,BR,4675,158,10,https://yt3.ggpht.com/ytc/AIdro_mxCOW3iqDqLsf9GWZYDiI5YKEmJteelBd8w96fZBIU8Q=s800-c-k-c0x00ffffff-no-rj,"Java|Certificação|Kafka|Microsserviços|Grupo de Estudos|Spring Boot","Lifestyle (parent topic)|Technology|Knowledge"
171,UC_Y1iW9AdR4gV5rS7Fbi3-g,"Desenvolvimento Java","Este canal tem como objetivo publicar vídeo- aulas sobre o Desenvolvimento Web, Desenvolvimento Android, publicando informações e tutoriais técnicos importantes para desenvolvedores.",2016-05-27T19:48:12Z,,,94,5,1,https://yt3.ggpht.com/ytc/AIdro_nRdKTVWQka2E_5UMIyhW-4_ZoYxvJw78AB6OxZo6dz-g=s800-c-k-c0x00ffffff-no-rj,,
172,UCpyN99JtCtPcZZy82q0itxg,"Gabriel Silva | Java","🚀 Bem-vindo ao Jornada Dev Junior! 🚀 Este canal é um espaço dedicado à exploração, aprendizado e compartilhamento de conhecimento. Aqui, você encontrará uma variedade de conteúdos empolgantes relacionados a , projetos práticos, dicas, tutoriais e muito mais. Sou um estudante igual vocês na luta do aprendizado. Tudo que eu aprender quero replicar e ensinar vocês. ",2023-07-26T15:24:49.006137Z,,,1173,20,3,https://yt3.ggpht.com/dqb7DUNCe8l6AMoeJqntJxoulsYhXCexxECWHSXBdk8XE4VOxjeGNeig4irQFq1zJYo1lg8S=s800-c-k-c0x00ffffff-no-rj,,"Knowledge|Technology|Lifestyle (parent topic)"
173,UC0msRxbhxc1vg-g1tvwGflg,"Java Web Development",,2014-09-21T12:04:18Z,,,268427,1580,45,https://yt3.ggpht.com/ytc/AIdro_mZTaHB_dUrjdxVPzWHPSBBiQ8yLcuryhd4EkW86K1c1ICS_z_qpEkyUfbcf4p_XGWlCw=s800-c-k-c0x00ffffff-no-rj,,"Lifestyle (parent topic)|Knowledge|Technology"
174,UCt2umDgvZSIHtDCL-4xPrKw,"Java Simplified","Are you passionate about mastering the art of Java programming? You've come to the right place. Our channel is dedicated to simplifying Java and making it accessible to learners of all levels, from beginners to experienced developers. Here, you'll find a treasure trove of Java tutorials, tips, and tricks designed to demystify the world of Java development. Whether you're looking to kickstart your programming journey, enhance your coding skills, or stay updated with the latest Java trends, we've got you covered. Join our thriving community of Java enthusiasts, and together, we'll unravel the complexities of Java, one simplified lesson at a time. Subscribe now and hit the notification bell so you never miss an opportunity to simplify Java in your life. Let's make Java programming simpler, one video at a time. Welcome to Java Simplified!"" Subscribe, like, and share to be a part of our growing community. Java Simplified - Where Java programming becomes easy!"" ",2023-10-22T18:37:53.152011Z,,IN,30511,143,170,https://yt3.ggpht.com/ep_v1h47PI3o4nI5I0Q6iMrRkDO8xSLGqM07j9i1INdYuuv26qe-YRAb4m3N40d4VpFO7AGWmw=s800-c-k-c0x00ffffff-no-rj,"java|learn java|java tutorial|java full course|java programming|java tutorial for beginners|java course|how to learn java|java coding|java language|how to code java|java for beginners|java basics|java virtual machine|java beginner lesson|java 8|java 12|java 13|learn java code|learn java quick|java programming tutorial|java gui|gui java|why java|oop java|java oop|learn to code java|learn java coding|how to code in java","Technology|Knowledge|Lifestyle (parent topic)"
175,UCkSL_3uTbGBU_FhUmA1Y-JA,JAVA,,2021-03-29T16:36:02.072569Z,,,159,5,6,https://yt3.ggpht.com/ytc/AIdro_kOtmEHpQpMeGl8Fr7njEoIOWBnr_PbKD0CbgFWzTWlnA=s800-c-k-c0x00ffffff-no-rj,,"Lifestyle (parent topic)|Sports (parent topic)"
176,UCCVFZxRqQErgO6sfq1RAJlA,"POO - Programação orientado a objetos em java",,2014-08-21T23:41:35Z,,,82,6,1,https://yt3.ggpht.com/ytc/AIdro_lem1FBvTYsYQ4-c-DREqyVQgE8hyw5T-xcOKQsYj3dhQ=s800-c-k-c0x00ffffff-no-rj,,
177,UCoaP79qpO_8Y6phPeVfDLxw,"Rei do java","Oi eu sou o rei do java nome estranho talvez mais sem mentir vcs vão gostar do meu canal",2016-08-09T15:03:21Z,,,211,1,3,https://yt3.ggpht.com/ytc/AIdro_kkOVv1wHqczas00I2OkoxDsTpQH665UwrvJ3RaK2LbyA=s800-c-k-c0x00ffffff-no-rj,,"Action-adventure game|Gaming (parent topic)|Action game"
178,UCyvinAK5iy7JTniY4qCDLBA,"Curso formação completa Java web funciona?",,2018-11-24T14:51:54Z,,,326,2,1,https://yt3.ggpht.com/ytc/AIdro_ks2bMCzFz06BwxhWnToSdiMiWchXubusucRXN4FB8=s800-c-k-c0x00ffffff-no-rj,,
179,UC0OUsIin0RzrMP21AlJO2eQ,"Java Music Games","[PT] Esse canal é focado em vídeos de músicas de jogos java. Fique atento. [EN] This channel is focused on java game music videos. Stay tuned. [ES] Este canal se centra en videos musicales de juegos java. Manténganse al tanto.",2022-01-21T19:22:59.22105Z,,BR,318529,569,203,https://yt3.ggpht.com/qlL4elxo5ELF-4cN6RwR10W6t95yV27adKWZdkSpQmS7JbrtoaJknlJeq5H7EtJASKXq8XhOcw=s800-c-k-c0x00ffffff-no-rj,"java|music|games|j2me|j2me loader|java music|java game|java theme|menu theme","Gaming (parent topic)|Music video game"
180,UCuxJkgVAfTjyJqW4cMQ8enA,"mundo java","oi pessoal aqui o Java aqui é um canal inspirado no mundo torajo",2025-10-18T01:04:27.487825Z,,,9411,86,10,https://yt3.ggpht.com/8JFxfrnnhmvoUhDse734mi3nHyC5fEa_iQ8KGNtHU6UVD0jRuOV3WTEVWMoGIfc9T02l8yM7=s800-c-k-c0x00ffffff-no-rj,,"Gaming (parent topic)|Movies|Entertainment (parent topic)|Lifestyle (parent topic)"
181,UCtMo_oHIy9AY-br5-z8tSzA,"Helena Java",,2025-12-14T15:21:11.193896Z,,,17,1,1,https://yt3.ggpht.com/wVvClF29DL0shO8vakcKbNLsW8zD99AZ3hNVK_wMwf3vMKX9CjPsSNwYoNmgp2QZm4WXMbx3-g=s800-c-k-c0x00ffffff-no-rj,,
182,UCOvbh2IafxR-C1dB7gSk6tA,"Java Centric","Welcome to Java Centric, your destination for exploring the vast and dynamic world of Java and beyond! 🌐✨ 🚀 Dive deep into the heart of the Java ecosystem to unravel the intricacies of this versatile programming language. 🔍 What to Expect: 🌱 Java Ecosystem Insights: Gain a comprehensive understanding of the Java ecosystem, from its inception to the latest updates and innovations. 🛠️ Tutorials and Tips: Elevate your coding skills with our in-depth tutorials and practical tips. 🌐 Beyond Java: Let's venture beyond the realm of Java and to explore related technologies, frameworks, and tools that complement the Java. Join & Subscribe now to become part of a community that celebrates the endless possibilities within the Java ecosystem and the broader tech sphere! 💻🌟 #JavaCentric #JavaProgramming #TechExploration #ProgrammingCommunity #JavaEcosystem #TechEducation ",2021-03-16T17:21:43.439035Z,,,2871,11,147,https://yt3.ggpht.com/ro91dh9qPu4lgIWR18maZpscDoEHEOuZyW2uVqrkkAmAMS2-EY1lv8yV_brRBdxrA8nccly1=s800-c-k-c0x00ffffff-no-rj,,"Lifestyle (parent topic)|Technology|Knowledge"
183,UCjQtPPwMApg6mjEX-6wiXwA,"Meetup Java São Paulo","São Paulo Java Meetup é um grupo onde as pessoas estão interessadas em compartilhar conhecimento. Através de reuniões regulares sobre as mais recentes tecnologias da plataforma Java e JVM. Junte-se a nós e venha conhecer outros desenvolvedores, discutir e trocar conhecimento com toda a comunidade Java. Participe de nossas redes sociais: LinkedIn - https://www.linkedin.com/company/java-meetup-sp/ Facebook - https://www.facebook.com/MeetupJavaSaoPaulo (https://www.facebook.com/MeetupJavaSaoPaulo/) Twitter - https://twitter.com/JavaMeetupSampa Telegram - receba as novidades no seu celular - https://t.me/JavaMeetupSPnews Slack - Converse com a gente: https://javameetup.slack.com (convite para entrar: aqui (https://join.slack.com/t/javameetup/shared_invite/zt-41mz69dg-IQffR_HVocPjStCiXFfjKQ)) GitHub - veja e contribua com nossos códigos: https://github.com/meetupjavasaopaulo ",2015-10-07T11:12:28Z,,BR,16778,712,78,https://yt3.ggpht.com/ytc/AIdro_lFLIjo-BCyuO2AKRcD_H7_toFivkNfSzGxr7YJlBwbBg=s800-c-k-c0x00ffffff-no-rj,meetup|java|são|paulo,"Technology|Knowledge|Lifestyle (parent topic)"
184,UC49ulhDjLTTB5q6wUqfpL-Q,"dusd java",,2023-01-13T19:05:45.85959Z,,,43,0,2,https://yt3.ggpht.com/nBs1UpGGMX0_DXNcGSlPimlSThsu1a3P1by8xpPupGs0WEyI1S6uOOrl6RKrZVzkuctE_Yvd=s800-c-k-c0x00ffffff-no-rj,,"Role-playing video game|Gaming (parent topic)|Action-adventure game"
185,UCml5cQoldQDeOKm1A8fi7mQ,"Os erdeiros do Java","Os erdeiros do java",2020-03-31T00:19:52.605469Z,,,3452,19,21,https://yt3.ggpht.com/PqaKc7E8VlXJkpk9GPTqdF5_9D4k1Ud_fDTa90Ib3LviWbPyUy5dHvLxHd_-NZluxviGHGZt4A=s800-c-k-c0x00ffffff-no-rj,,"Lifestyle (parent topic)|Pets"
186,UCtaGhoc5JqyCg4ErrcsjVuQ,"JAVA REDSTOSNE",,2021-09-20T17:37:12.968948Z,,BR,197,8,6,https://yt3.ggpht.com/m3G5ihpnR7gcMyOvtob5K5WShJj4vwaRGYY-E6VU-kqHJO3hW_IISkRLJsgMXRKyT7_LJmMzpg=s800-c-k-c0x00ffffff-no-rj,"PE REDSTONE|pe redstone|Pe Redstone|Pe redstone|pe Redstone","Role-playing video game|Gaming (parent topic)|Action-adventure game"
187,UC2Ppzhs9ByXcwT1zWZzj-zw,"Java Clash",,2017-10-08T11:33:26Z,,,26,5,4,https://yt3.ggpht.com/ytc/AIdro_kIESqX5Wnv46J9RWoN9vCwz_tLlXeunduAPCiTshhL4Q=s800-c-k-c0x00ffffff-no-rj,,"Strategy video game|Gaming (parent topic)|Action game"
188,UCTIZRwe3DHIUQ2sOw7M34dQ,Java,,2019-09-27T23:28:10Z,,,6661,49,13,https://yt3.ggpht.com/ffQSK9bEaHT3RT3Vce8NQsPcHc4kQkF23_hCps-iSYoWHT7ZM7OyQC0t5NRGWgoYlA-4x_7XLw=s800-c-k-c0x00ffffff-no-rj,,"Strategy video game|Action-adventure game|Gaming (parent topic)|Action game|Role-playing video game"
189,UCmayAA1xVNleA0n49bz-6Bg,"Java Rodas",,2018-08-08T01:45:49Z,,,509,17,6,https://yt3.ggpht.com/ytc/AIdro_ky1GrUcik4SQFo7ZsDBkRNJcKFDndMMcKh3eJ45M0=s800-c-k-c0x00ffffff-no-rj,,"Motorsport|Lifestyle (parent topic)|Vehicles|Sports (parent topic)"
190,UCwEdcsOiG2BcEeat4EKsTbg,"Java Games BR","Vamos matar a saudade dos jogos java",2023-04-12T19:33:42.73542Z,,,414,6,1,https://yt3.ggpht.com/DuQD3hH4w8Q7d9IkLGfq14QKTGeCF_MujMrlZz3Ty62LijZ7bAJ-BBB7B-J27c-YriFqRvIkPQU=s800-c-k-c0x00ffffff-no-rj,,
191,UCF1CFMdUiQTyhf1ij0wgkYg,"ADRIANA JAVA ",,2023-11-18T23:46:28.240153Z,,,1034,2,6,https://yt3.ggpht.com/ytc/AIdro_li0yM6cYLIOWjD11MRFrJBTyO1UpGuxl0HXyI_Shaix_AohWC1X6iVYA2plRVEmtsyaw=s800-c-k-c0x00ffffff-no-rj,,
192,UCusjQjx13KLP7tbrvgEXzUg,"Java do matogrosso","Java no matogrosso ",2022-08-01T22:07:09.28147Z,,,67387,2080,9,https://yt3.ggpht.com/IWiSqt5BTIVOm4gWGlrRixrpS9wpeSDSfeB1e3z8AOihivZspfvCQXiOLzpA-dZsw5QXMm_Wsdc=s800-c-k-c0x00ffffff-no-rj,,"Lifestyle (parent topic)"
193,UC6HfYa4cFdPJlBNfPSer1TA,"Java Li",,2012-11-07T20:48:01Z,,,1632,3,7,https://yt3.ggpht.com/ytc/AIdro_kCr_Q3Y_Uv5oFYsTQkXukFuirsAOujja6TIT73NQ=s800-c-k-c0x00ffffff-no-rj,,"Lifestyle (parent topic)|Classical music|Music (parent topic)|Music of Latin America"
194,UC8944xjXJxUw6_qOqlrq_Pw,"CODE JAVA WITH AZ ","CODE JAVA WITH AZ is where you start learning Java programming. I make videos that explain Java step by step. Whether you're new to coding or switching from another language, my tutorials help you understand how to write code, create basic apps, and explore Java's main features. Join our friendly community where questions are encouraged, and we celebrate learning together. And hey, don't forget to like, share, and subscribe! Your support motivates me to keep making helpful content for you.",2024-06-25T13:43:42.568318Z,,IN,0,22,0,https://yt3.ggpht.com/UQOz587RP9A6HVHOOrA8l061OAOsyUaCjxKNqoxjtBXSH9VvzS6m8af_w8lZBSo_3GZEYfPL1ms=s800-c-k-c0x00ffffff-no-rj,"CODEJAVAWITHAZ|codejavawithaz|Codejavawitaz|Java|Az|az|AZ|CODE|codejava|Java programming tutorials|Learn Java from scratch|Java coding examples|Java projects for beginners|Java programming tips|Java programming basics|Advanced Java techniques|Object-oriented programming in Java|Java development tools|Java programming exercises|Java programming challenges|Java data structures|CODE JAVA WITH AZ|Code Java With Az|Code Java|Code With|Code With Az|Az java|AZ Java","Lifestyle (parent topic)|Knowledge|Technology"
195,UCDoEGZinBL7UWfqSrewfdfQ,"java electricite",,2025-02-10T14:02:45.282163Z,,,111,4,1,https://yt3.ggpht.com/ytc/AIdro_nnAi_oSHKjJEKwqVDxQHOO3zkIv5IltpbQYyG7hKf2HkaNfV_LPb9_CrTBmyqxIEhu9A=s800-c-k-c0x00ffffff-no-rj,,
196,UCK-dLBI8f-ZkyBU86cETkjg,"O bedrok E o java","Dois amigos que jogam Minecraft,porém um é bedrok e o outro e Java!quais aventuras eles irão enfrentar?",2025-04-06T18:01:43.616114Z,,,2420,4,5,https://yt3.ggpht.com/6nqgfDQkscUpdAsGCFpzFmPn-DFg1hBDHqC6fBzWKnzF_OK-sWuitINeJ2Qy58puqMwlRwfFZQ=s800-c-k-c0x00ffffff-no-rj,,"Action game|Action-adventure game|Gaming (parent topic)|Role-playing video game"
197,UC9tiO2CZQO_9juND3cWZ9pg,"Java Hub","Welcome to Java Hub This channel is based upon Java programming language. I will give you Java tutorials in hindi. I hope I will get a positive feedback",2019-07-01T13:51:29Z,,IN,0,69,0,https://yt3.ggpht.com/ytc/AIdro_l4X34gGvlwi1l2PHhClRLKKMoa3Zc4685zEIychnySt8k=s800-c-k-c0x00ffffff-no-rj,"Learn java in hindi|java hindi","Lifestyle (parent topic)|Knowledge|Technology"
198,UCavrW7L5bEetCJ4UJNq_p-g,"Jhonny Java",,2015-12-22T20:35:25Z,,,3811,35,7,https://yt3.ggpht.com/ytc/AIdro_kpwvhkRl7GbJl1WKiwWBeoEtI7fBNABjKU98vVZSCLjA=s800-c-k-c0x00ffffff-no-rj,,"Action game|Gaming (parent topic)|Action-adventure game|Role-playing video game"
199,UCJSix47FjETaQcSr_mTH67A,"Jogos Java Em APK","Este canal é focado em jogos java(jar) convertido em apk do android. INSCREVA-SE NO CANAL E RECEBA SEUS JOGOS JAVA EM APK PT-BR",2016-04-08T21:50:28Z,,BR,19376,299,4,https://yt3.ggpht.com/ytc/AIdro_l_sKvRffTvPVXg_B04IxMK6Sxzt5ZUeIY1_JwUfgbOxA=s800-c-k-c0x00ffffff-no-rj,,"Gaming (parent topic)"
200,UCIohmP8LUkEogJcyvSmWrCA,"Equipe Inimigos do Java","*CONTROLE DE ESPECIE INVASORA*🐗",2023-07-10T11:22:15.6028Z,,,913,24,5,https://yt3.ggpht.com/TTly6fXEiREW0xicJNLzfMr3Vrm3K75qybHmkZ-Zm2iLP8FTx5wrFbbgzHja9sAb1DXXIXemMxQ=s800-c-k-c0x00ffffff-no-rj,,"Hobby|Lifestyle (parent topic)"
201,UCU27hQpxLqaidHio6XHs2Hg,"Nick Java Oficial",,2017-01-13T20:08:53Z,,,97,6,3,https://yt3.ggpht.com/ytc/AIdro_mq4MLpMni9WISMUxd_OwCe7LJvhJjWruJ9stbzXLK61g=s800-c-k-c0x00ffffff-no-rj,,"Lifestyle (parent topic)"
202,UCPmH2Dk_9-jWVPoex4qKWFA,"Java 0","este e um canal que apresenta mod tutorias e seris de minecraft",2014-01-13T12:14:44Z,,,140,14,2,https://yt3.ggpht.com/ytc/AIdro_nXZLdQi1uMgyelcQpDaYK8e35E_mRtn-yw4Dw8hsIwGg=s800-c-k-c0x00ffffff-no-rj,,"Role-playing video game|Gaming (parent topic)"
203,UCGTBvR4Q6UOP7luu1TfE5yQ,"João Paulo Java",,2007-07-14T14:38:47Z,,,11,0,2,https://yt3.ggpht.com/ytc/AIdro_lmKQyOuic-Gd6RYWrx0-6DRip5Yo1W5R2L30PqryY=s800-c-k-c0x00ffffff-no-rj,,"Society (parent topic)|Religion"
204,UCq4d5FznfcgOPam_cAiCzlg,"Java True","Um canal onde tentamos abordar todos os desafios geeks possíveis desde: séries, filme e jogos. Será que você consegue?",2023-09-28T21:42:23.563109Z,,,2538,22,14,https://yt3.ggpht.com/0gtgDe9Ty7DaGPdnQdYGXYxHO7H1KTxrGk12TqwxvXqueS2R5qh8lHQ_SMHYrqqUAS7TwR5NbR0=s800-c-k-c0x00ffffff-no-rj,,"Entertainment (parent topic)|Movies"
205,UCpAGxD5ealjrQf6Frl7CVFw,"JAVA CAMARONÊS","Me ajuda",2015-06-12T18:24:43Z,,,92,12,1,https://yt3.ggpht.com/ytc/AIdro_l9Cuq2KeaJaaAKX_xGvHsL0gPhTHrZASs6qsW1j1Bv544=s800-c-k-c0x00ffffff-no-rj,,
206,UC_WRyCfrpCcbnfaVQat2nUg,"Java monster","Seja bem vindo ao canal Não se esqueça de escrever Ativar o sino",2023-06-23T14:47:39.440601Z,,,10621,129,18,https://yt3.ggpht.com/6qpw8u040XD1iTugNN2In_iGOKw0dReTIlxLOOMe9dAjwTxX30t32TO6BGRzUIGE3g9n5EfCcQ=s800-c-k-c0x00ffffff-no-rj,,"Hobby|Lifestyle (parent topic)|Pets"
207,UCpLyuFw5-GVIH_HB-IxLrmA,"Mateuszam java","Sejam bem-vindos ao novo canal com aventura com povjavalaucher se-inscrevan-se ",2024-07-14T16:30:16.141627Z,,,43,7,8,https://yt3.ggpht.com/ytc/AIdro_kexSU46w6cYLAw7n2skj-kjy6uv4tRLz7Q3K1rsh5kWb6z0DWyfRdUElppkPxsBgt36Q=s800-c-k-c0x00ffffff-no-rj,,"Role-playing video game|Gaming (parent topic)|Action-adventure game"
208,UCXfM6dGMwU6rJMFaQ6CYZ2Q,"Java Interview Master",,2023-01-15T06:36:37.974585Z,,US,215,0,10,https://yt3.ggpht.com/ytc/AIdro_mXl5vEZetSFCfuG2B7_VLqc38fE5TVJMtL_CGIeMUbdXJf55quvy5KONcX81xCv66Llw=s800-c-k-c0x00ffffff-no-rj,"java interview questions|java interview","Technology|Knowledge|Lifestyle (parent topic)"
209,UCwZ4-luxIuoL6QcjeMWCGdQ,"Java Jugad",,2025-05-15T14:37:54.950723Z,,,1805,3,17,https://yt3.ggpht.com/1bqTWWJqB8gpYWaFkkuj9OUhuWi58HD9rWHq8M3BmjHPUcZujmMFKaJFUOoNbttrOnGdpTmo8A=s800-c-k-c0x00ffffff-no-rj,,"Technology|Knowledge|Lifestyle (parent topic)"
210,UCraTidpWrljEfmIyrkrxD6w,"Java with Yuva","Welcome to JavaWithYuva! Java is a versatile, mature, high level programming language and computing platform used to build simple to enterprise grade applications across various industries. This channel aims to assist building solutions using Java for all levels for programmers including students to architects. It's not just about Java coding, we will be adding videos on how to design and architect solution using different frameworks like Spring, Spring Cloud, Distributed Computing, Micro Services etc. You can also find videos on best practices and wide variety of tools used by professional java developers in IT industry to leverage your overall productivity. Subscribe now, follow our channel regularly and never hesitate to leave your constructive feedback on our videos. Thank You !",2020-05-10T05:20:10.761304Z,,IN,242,13,8,https://yt3.ggpht.com/ytc/AIdro_lJCebgyPQqAKOBL2tb13eyr-ExYUvQWZYlFbpVf1IhxQ=s800-c-k-c0x00ffffff-no-rj,"Spring|Java programming|software development|enterprise application development|java coding|java training|java tips|java application architecture|cloud computing|micro service|Spring Cloud","Technology|Knowledge|Lifestyle (parent topic)"
211,UCqxYWJR2woZ4i_i1QX_lkcw,"wagner java",,2012-04-30T02:51:42Z,,,3241,6,2,https://yt3.ggpht.com/ytc/AIdro_lm9-8i4p3qNgx0K5Ki97Lmm9Pj5dpSnqnjhx9oNVne2w=s800-c-k-c0x00ffffff-no-rj,,
212,UCHkiDOGkcpjIWkqpT69EfsA,"Java Life","“new videos every Friday!”",2021-02-22T16:34:51.36068Z,,,1849,130,15,https://yt3.ggpht.com/ETnmbn29v3mOU_cJuxckuUG6Gnc-O6M8Eew5gzlyHd19AZ_aBYwgHQyF_bCnhNKwHcOSwK8v=s800-c-k-c0x00ffffff-no-rj,,"Technology|Knowledge|Lifestyle (parent topic)"
213,UC8niJECOSUcam1ED6CgaCYg,"Mayára Java",,2017-06-02T20:12:11Z,,,51,0,9,https://yt3.ggpht.com/ytc/AIdro_nCACj18IerG07jKKwf_CbVat0_sTvjn1fd4UtLoQE=s800-c-k-c0x00ffffff-no-rj,,"Lifestyle (parent topic)"
214,UCASiETMKnIQDU_FzozSe-VA,"Java Kerontjong - Topic",,2024-04-15T12:33:17.550732Z,,,13864,4,47,https://yt3.ggpht.com/h6n_OHc2R3DCSrx1X42RnfjFFv2VG-LQKkZiKKZM3EY3g0LxXOgZKZs7thRivKHGtdZoOLW0=s800-c-k-c0x00ffffff-no-rj,,"Pop music|Independent music|Music (parent topic)|Classical music"
215,UCBf02qyKZ2ayUdyPTy7Kt6Q,"Red Java RS","Bem-vindo ao canal oficial da Red Java! 🎥💪 Aqui, você encontra tudo sobre o universo do CrossFit e fitness funcional: 🏋️‍♀️ Dicas de treinos para iniciantes e avançados 🧘‍♂️ Estratégias para melhorar mobilidade e flexibilidade 🍎 Orientações para uma vida saudável e equilibrada 💬 Depoimentos reais de alunos que transformaram suas vidas 🔥 Bastidores e eventos exclusivos da Red Java Nosso objetivo é inspirar, motivar e ajudar você a superar seus limites, seja dentro ou fora do box. Assista, aprenda e junte-se à nossa comunidade em constante evolução. 🔔 Inscreva-se agora e ative as notificações para não perder nenhum conteúdo! ",2025-01-03T14:08:26.279493Z,,,357,2,2,https://yt3.ggpht.com/tFa3Xqj1dNrKJ5T6v2udND8u6cQLoOkBBZ4RWovvNbYISRwxna0HG04pZhQQuf3l5sgOekiXDw=s800-c-k-c0x00ffffff-no-rj,,"Fitness|Lifestyle (parent topic)"
216,UC0koSvvS1qNfehodiE5rBmA,"Grupo veteranos do Java ","Caça legalizada de javali ",2016-07-26T11:20:18Z,,,311984,1100,26,https://yt3.ggpht.com/8L7NRKqUcQLVBq2o_M3NMO3EuQObkbNdObJOcLLStLuXVcHsFlPSW9JCJwVgGcXa85sBKsyCHgE=s800-c-k-c0x00ffffff-no-rj,,"Hobby|Lifestyle (parent topic)|Pets"
217,UC0ZHEn3GJzUA1lv3vj2ZSGA,"ICSE JAVA MADE EASY","ICSE JAVA MADE EASY Our Channel is here to help all the ICSE and ISC Students to learn, practice, test quickly and revise properly for getting good marks and the knowledge about the Computer Science and Computer Applications Subject. Kindly Like our videos, Subscribe our Youtube Channel and follow us.",2019-07-23T02:59:48Z,,IN,806,35,10,https://yt3.ggpht.com/ytc/AIdro_nsl6tT0LliL7mIMICteahBzVufWHjypr099an0TdMmUA=s800-c-k-c0x00ffffff-no-rj,"ICSE JAVA|Java Programming|Computer Applications","Lifestyle (parent topic)|Knowledge|Technology"
218,UCrW1Xt1hUVzIlgEHGJByxNg,"Lar dos Java",,2014-08-07T21:15:08Z,,,2753,20,6,https://yt3.ggpht.com/ytc/AIdro_nHlg_lNBOXgQ8LPssMsHsZgfIDJs1r_sCfeqkd-fMwrQ=s800-c-k-c0x00ffffff-no-rj,,"Action-adventure game|Action game|Gaming (parent topic)|Role-playing video game|Entertainment (parent topic)"
219,UCB0ZIOqjG2mX5CUO4YtJsSQ,"Java bike pró","Ciclistas ",2023-09-17T20:23:02.050099Z,,BR,6468,29,22,https://yt3.ggpht.com/Hfquu7oGuLmgvRVjnuE6cliaF5BW2qxjWCtIOh15TUJQURTzd8JSktHkpBZE7IjXXTKRuT9QCg=s800-c-k-c0x00ffffff-no-rj,618341,"Sports (parent topic)|Lifestyle (parent topic)|Vehicles"
220,UCML4bCcMt40K3RX6dsmBxCg,"Atlética Toca do Java",,2023-12-01T21:08:18.591304Z,,,627,32,1,https://yt3.ggpht.com/NsRtfgwg5-pC0Eu5mH6HRCUuMVhFqDZ2OfmNjGmwUPNYyJ66sqav0GchqW-3IZR58u1kqnn2cA=s800-c-k-c0x00ffffff-no-rj,,
221,UC5MuZ_rvBYh90K7tsNQ7EdA,"Java Original",,2017-07-11T23:26:26Z,,,13498,17,2,https://yt3.ggpht.com/ytc/AIdro_no98TagNYh_33O_YAFx_kJHq5WLhkYc3mMvZGZQjh74Q=s800-c-k-c0x00ffffff-no-rj,,"Lifestyle (parent topic)|Technology"
222,UCrqgUFWN2ej4pKRkfPKNnZQ,"TC GAMES java","CANAL NOSTÁLGICO TRAZENDO VELHAS RECORDAÇÕES DA ERA DOS JOGOS JAVA! ENTÃO NÃO PERCA TEMPO E FAÇA PARTE DO NOSSO CANAL. SE INSCREVA ✅ ATIVA O SININHO 🔔 COMPARTILHA COM O AMIGO QUE TAMBÉM É FÃ DA ERA JAVA 📲 BY TC GAMES JAVA. ",2022-06-06T20:57:08.114926Z,,BR,11599,92,16,https://yt3.ggpht.com/x5Gh-I0mK2pCGxzp5wwiMvP2f2ExjKsAO83T5QdeLfhsPKnjtOs1SatQkYQ2OofatJpidv-IGZM=s800-c-k-c0x00ffffff-no-rj,"tc games java|jogos java para android|canal de jogos java|baixar jogos java","Action game|Gaming (parent topic)|Action-adventure game"
223,UCqOcHbfH9gZv08SBHrY8FMw,"Java Athelete","The sr. Java developer present hidden & challenging technical topic, Basic to Advance programming video with explanations on JAVA, Javascript & many other technologies with including database. Please to support our channel by hit the SUBCRIBE button. Jai Hind🙏 वंदे मातरम् ",2019-11-22T08:44:50.247022Z,,IN,340,53,17,https://yt3.ggpht.com/91o7rWddoF1MDbtKfbfIj5UyFjo9NUOMWTsNdFZQa1E0S6aJQfNAm6B08_jKJLEXOTooD4RTjiE=s800-c-k-c0x00ffffff-no-rj,,"Technology|Knowledge|Lifestyle (parent topic)"
224,UC_juUSdb_4vYARX5uvpV2mA,"Play With Java","Play With Java, is dedicated to demystifying Java and making it accessible to everyone. Here's what you can expect: 📚 Comprehensive Tutorials: Dive deep into Java with our easy-to-follow tutorials. We break down complex concepts into bite-sized, understandable lessons suitable for all skill levels. 🚀 Hands-on Projects: Learn by doing! We'll work on exciting Java projects together, so you can see how Java can be used to create real-world applications and software. 💡 Tips and Tricks: Discover the secrets of efficient Java programming. Our tips and tricks will help you write cleaner, more elegant code and solve problems like a pro. 💬 Engage with a Community: Join a vibrant community of learners, ask questions, share your experiences, and collaborate on Java-related challenges. Learning is more fun when we do it together! 🌐 Stay Updated: Java is an ever-evolving language. We'll keep you informed about the latest updates, best practices, and emerging trends in the Java ecosystem. ",2017-12-10T13:22:57Z,,,2403,61,34,https://yt3.ggpht.com/D6edAZN0wmeaB4jXiBZuoYimUiq2WRfgkDTZnOk_fV5YMvm0IPVMFtjxoA2o27y89O3RddZ-jA=s800-c-k-c0x00ffffff-no-rj,,"Technology|Knowledge|Lifestyle (parent topic)"
225,UCnw6FoRBn7Nk2ONusj-gi0g,Mr.Java🇧🇷,"Jogador de mine",2022-02-02T22:20:13.695307Z,,,14,13,2,https://yt3.ggpht.com/Cks91CB166VrK7NIan86fEtLo5tfiU-gZu35TyZogyGIZX3kREku9-3_mpcR428-Jbl5_LBnxw=s800-c-k-c0x00ffffff-no-rj,,"Role-playing video game|Gaming (parent topic)"
226,UCBz7_fnfldKMtCGP1bndTug,"J A V A - Topic",,2018-08-16T20:56:23Z,,,11979,21,32,https://yt3.ggpht.com/1RDqDiQdH_YFlmXVtKagVdlJpb66EwyTeCA6NPe5-N3S4WsiX9DjahjGGgDP0myhy5iJl4aubw=s800-c-k-c0x00ffffff-no-rj,,"Reggae|Pop music|Music (parent topic)|Electronic music|Hip hop music"
227,UCYoB-PYbJalbms6bMPe4-XQ,"Java 19","Braap, apaixonado por trilha motos bora acelerar",2012-11-13T18:20:20Z,,,4921,57,66,https://yt3.ggpht.com/Z-TnJSG52z2UQKcuhQd8uyffP3prw0YPxRCCjql5Z6qYA3k_kTh6223g62WFCPRn_-XlXXeDFA=s800-c-k-c0x00ffffff-no-rj,,"Sports (parent topic)|Motorsport|Lifestyle (parent topic)|Vehicles"
228,UCMRRjHd_CU30Z2ChPIDLt-A,"𝗞𝗮𝘁𝘀𝘂𝘂 𝗝𝗮𝘃𝗮","apenas vivendo.",2023-06-12T17:24:31.281832Z,,,237,47,1,https://yt3.ggpht.com/2r9P7-BsTFTBlvNAlq1_lTwCPQCIkIrfsI1n-m4Omn9Af5Zss5MjXGu_PFzndL7DLXSf2VL1=s800-c-k-c0x00ffffff-no-rj,,
229,UCGqZ9mVbyI4ERTnLi-XFYOQ,"Mateus Prasnieski - JAVA","Bem vindos (a) Tudo sobre moto e trilha ",2016-09-03T11:33:39Z,,,163067,571,39,https://yt3.ggpht.com/QV3FVEf51GKVvJ_j3LXBeAJmjTf82WYUL-21k_KNnBGmTb29TVUoBrKVjWrDtJvn0si0RDZRHlY=s800-c-k-c0x00ffffff-no-rj,,"Sports (parent topic)|Motorsport|Lifestyle (parent topic)|Vehicles"
230,UCQnklvSfvCVZeDDtIVRTCqA,"Júnior Java voz e violão",,2022-07-06T00:37:56.104234Z,,,1482,19,15,https://yt3.ggpht.com/BMb51fUQkZuIOnMIyl4pucKQzIL75QqjxK0qFF95lw9MCGV1GC8Lkc-OY7QomW9Ipl3FzwBXvUM=s800-c-k-c0x00ffffff-no-rj,,"Music of Latin America|Music (parent topic)|Pop music"
231,UCN04wNKUmqA_ncbSlORfaTA,"Java Interview Questions and Answers","We are concentrated only on Interview Questions and Answers",2021-10-24T13:37:56.961595Z,,,61375,593,12,https://yt3.ggpht.com/5XU2IEgGun8iHPEnGUntoDPXTnYYLcscrV-Q7z9swrnkKPIj29SVH0-IC5xXcQEYGdPUjMVuDA=s800-c-k-c0x00ffffff-no-rj,,"Technology|Knowledge|Lifestyle (parent topic)"
232,UCQJk9NZCr1OL_dElMCOILqA,"Java programming E2E - classroom","My channel will help to learn end to end Java programming language.",2020-07-17T15:44:58.283678Z,,IN,2073,24,46,https://yt3.ggpht.com/ytc/AIdro_n2on8WOPERPQk3gj0TY_JyzMBvsd7nXOVuCXjduek=s800-c-k-c0x00ffffff-no-rj,"java|corejava|interface|oops|inheritance|abstraction|core java|java end to end|java e2e|java basics|java programming language|java abstract class","Lifestyle (parent topic)|Knowledge|Technology"
233,UCMh7DBGHxMXl24idHVv8HMg,"Ash Java","In my channel we are posting attractive java programs, HTML & CSS . So, don't miss to seeing my videos ",2024-07-17T02:44:29.253155Z,,IN,5977,72,36,https://yt3.ggpht.com/oAUKm1vF7L3HJKcKG4gCroYs9pJ__DcxtjJxrS0UeZlHlwC3qH5G0lYXvuMpSkzusx2U_QgbaQ=s800-c-k-c0x00ffffff-no-rj,"Ash Java Shorts|ash java shorts|Ash Java Shorts|Java programming language","Lifestyle (parent topic)|Knowledge|Gaming (parent topic)|Technology"
234,UCasiR5HLBVhPhNUAfKSAKgg,"pega do Java 36 java",,2020-12-24T16:04:31.961003Z,,,475,3,5,https://yt3.ggpht.com/ytc/AIdro_n0e4Y2269Y7ZR4pYZIn32nMvttSLVY6U6fRDyDfMANcQ=s800-c-k-c0x00ffffff-no-rj,,"Pets|Lifestyle (parent topic)"
235,UCe1dfvBt8_XDL3InkXNk9Ow,"Java Jonas PIMBA","Iae meninos e meninas blz? Eu me chamo Victor e esse é o meu canal ""Gamer"" sejam bem vindos e comentem o que quiser INSCREVA-SE PARA AJUDAR!",2017-07-07T17:51:09Z,,,147,8,3,https://yt3.ggpht.com/ytc/AIdro_lawXWsQuMj79fYh2U8pblXE4AK3r57eJT9gXzCjDFdIQ=s800-c-k-c0x00ffffff-no-rj,YouTuber|Gamer,
236,UCTmLFoT1koDV6PWVdWm5l7A,"Java - Topic",,2013-07-16T22:14:08Z,,,44250,4690,70,https://yt3.ggpht.com/NW1xOZtm9YaqIm5TkLjwOErqS6Jh6JuKOhlP8pi2BCZI1ig7H6JKxsQP58XaQwMCV2bAiMKDKQ=s800-c-k-c0x00ffffff-no-rj,,"Electronic music|Music (parent topic)|Pop music|Rock music"
237,UCSt9VzInHIULfhFt1rCoEsg,"Java Academy","Java Academy is a channel that helps you to learn java programming language from begining to advanced.You can also learn about some usefull java library by this channel.Subscribe & stay with us .",2014-11-14T15:01:48Z,,,9597,91,2,https://yt3.ggpht.com/ytc/AIdro_moQlvxJDWAGfXxnT_BELky1GTEegTdjaYBKI28-Iy6Cw=s800-c-k-c0x00ffffff-no-rj,Java|Academy,"Knowledge|Technology|Lifestyle (parent topic)"
238,UCZV3CdTNFbO0_C5NWrMh8tw,"Java Games BR","Este canal é feito para aqueles amantes nostálgicos de jogos java, aqueles joguinhos que você jogava no celular do seu pai ou mãe. Vamos reviver alguns jogos da época, venha conosco e apóie essa idéia.",2018-01-02T14:18:01Z,,,151,6,2,https://yt3.ggpht.com/ytc/AIdro_mNikdIoAyfcY91FvTcs9hUiScEPiA300o1A9MDpubvCQ=s800-c-k-c0x00ffffff-no-rj,,"Gaming (parent topic)"
239,UCKbI2-2G58tikTJTbcHBk2Q,"Marceloaparecido Java",,2014-06-09T10:37:13Z,,,814,6,3,https://yt3.ggpht.com/ytc/AIdro_kZauCJi5lG_KyefiZ8Q0JNdWAbp_Wwk0kH1Nh8s9o2jaQ=s800-c-k-c0x00ffffff-no-rj,,"Lifestyle (parent topic)"
240,UC5O94enJ8d2afwIQECabVZA,"encantos da natureza e controle de java😃😃","Caça legalizada e armas legais!!",2022-01-26T22:16:59.76726Z,,,3826,112,17,https://yt3.ggpht.com/dnleKVzvV7xwEb3gsGCjZen-AOhpzXXKSo1aOMNFv0a3eoxknM1mPMG1978djK9fIer6lbxlrw=s800-c-k-c0x00ffffff-no-rj,,"Lifestyle (parent topic)|Hobby"
241,UCuO1nayJOKJf_g0TUzVNJQw,"FERZIN JAVA","NICK DO MINE: FERZIN_JAVA META DE INSCRITOS 5 ✅️ 10❌️ 20❌️ 30❌️ 40❌️ 50❌️AJUDA AI MN :)",2025-11-08T15:53:07.686001Z,,,3132,6,6,https://yt3.ggpht.com/ytc/AIdro_nwfT50htsthWKbQG8XZyTVXCJKIY_cr3d_ec0f87HyoTEKTHQKJHAeBtG6dhmYybmTcg=s800-c-k-c0x00ffffff-no-rj,,"Role-playing video game|Gaming (parent topic)|Action-adventure game"
242,UCoCpNdv7bawocfP41EH_yXQ,"Java Programming by Pratibha Gupta",,2018-10-20T17:10:27Z,,,901,25,12,https://yt3.ggpht.com/ytc/AIdro_kAvKd4jGAA8AZuDFy1DiBHdlpB7Vst-pDLi4JrCIs=s800-c-k-c0x00ffffff-no-rj,,"Lifestyle (parent topic)|Knowledge"
243,UCjMC5cpyevk0jJG3HBPhc6Q,"I CAN LEARN JAVA tutorial","The main purpose of this channel is to guide the basic concepts and fundamental of JAVA programming language, all the videos uploaded on this channel are very easy, well Explained and clarified content. Peoples who being afraid of such programming language can go directly through the videos and capture the full knowledge in a very easy manner. If you want to learn JAVA programming language and the basic concepts, this channel will help you to grow instantly and further you can also explain your thoughts to anyone about JAVA. NOTE:- ""Any task will be toughest for you, until you did not try it.""",2017-07-07T19:55:31Z,,IN,6344,98,14,https://yt3.ggpht.com/ytc/AIdro_lphb0vlEvalNq4S9m3w7mX66dqAuavMQHkErpx6rvKkA=s800-c-k-c0x00ffffff-no-rj,"java|tutorial|OOPs|object|oriented|programming|language|java code|java tutorials|java tutorial|java lessons|i can learn java tutorial|java concepts|java programmes|java for beginners|java videos|java tutorial videos|java lesson videos|object oriented programming language","Technology|Knowledge|Lifestyle (parent topic)"
244,UCJVtFoo3RQKRbt84VmAAZxw,"java tutorial for beginners","Java is a widely used technology.. This Java Tutorial course is aimed at complete beginners to the subject. For those who have no programming experience or those who have limited knowledge of Java. We get you up and running and will give you the skills you need to master the Java programming language.",2017-03-08T08:03:14Z,,IN,279,11,7,https://yt3.ggpht.com/ytc/AIdro_kHvXOgO2UUnOFF0iRRY5UE0XZ4Efgc8vcBzfCVceCwsw=s800-c-k-c0x00ffffff-no-rj,java|tutorial|for|beginners,"Technology|Knowledge|Lifestyle (parent topic)"
245,UCnszwaB-LY5tMcoQX35ZvzQ,"Java Tech","Hii!!! I am harini Joy here,, ✨✨✨✨✨✨✨ Hey, what's up coders, and welcome back to the channel! 👋 I'm so glad you decided to click on this video because today we're kicking off our brand new series. Java Programming for Beginners! Whether you're a complete coding newbie or just looking to add a powerful, industry-standard language to your skill set, this is the perfect place to start. We'll be breaking down all the core concepts, from variables to object-oriented magic, with clear, hands-on examples. Make sure you hit that subscribe button and ring the notification bell so you don't miss a single lesson! Let's get started! 💻 ",2025-12-07T08:39:06.153044Z,,,9,9,1,https://yt3.ggpht.com/9M2YvRN9kAgCddstk08it-8n4Ktdgpkhq8UJ58l5OC5rWoRpdjKTbJjzUSexeWJmWDHiNEqS=s800-c-k-c0x00ffffff-no-rj,,
246,UCh4Kc46i1D62oyimxg_FU_Q,"Ps1 E Java- Gameplays e Series","Bem-vindo ao canal Um canal de jogos java época de ouro Venha ver minhas novas séries e estreia até zerar ",2019-02-27T22:13:46Z,,,2980,27,43,https://yt3.ggpht.com/PtNeodIFltinmVMHQa57z3FBubPHhOrhz8LT9SYrlNqJbpTWFOasHq_v0F4JgXzu1jZUJ4o4Gw=s800-c-k-c0x00ffffff-no-rj,,"Puzzle video game|Role-playing video game|Gaming (parent topic)|Simulation video game"
247,UCtBNFAdtKzdTKJTUW50rX6A,"java´s clash",,2015-10-11T15:44:48Z,,BR,797,5,6,https://yt3.ggpht.com/ytc/AIdro_n5sU1fAk2hSd6zdodTtczQRj4UPqF4u49v5nUKkatTOw=s800-c-k-c0x00ffffff-no-rj,,
248,UCQQiS2y_akGykMunDf36xFw,"Java & Web Coding By Ritu","Hello Friends, Welcome to this channel .This channel is all about Java Program tutorials & web development tutorials HTML, CSS and Java Script, Tips and Tricks, Designs Principle and Programming videos in the Hindi Language. I hope you will learn something here. If u Like my videos Please Like and Subscribe my channel . ",2013-10-14T06:28:15Z,,IN,16775,275,93,https://yt3.ggpht.com/NDh6AbU9LlTKcpldVc94jQsJulyuKd9f0UhMtC2fAa-Gai1KsVlxK1XCXuP3TTuJMIEx5XM4=s800-c-k-c0x00ffffff-no-rj,,"Lifestyle (parent topic)|Knowledge|Technology"
249,UCLvRdJJX5Ong_oKav0z4HCA,"Soft Java","This YouTube tutorial helps you to build your own custom java applications/software from scratch. Every videos of this series helps you to get familiar with java applications. And Provide you a deep concept about Class, Object, Swing/Awt, Collections, Interfaces and SQL Databases in Java Programming Language.",2021-01-23T12:14:47.358325Z,,IN,101,2,6,https://yt3.ggpht.com/ytc/AIdro_nnp8elQ4tCiSBafdOt5s2AylW_A13zwpEDUCp4i2djIQ=s800-c-k-c0x00ffffff-no-rj,"JAVA|JAVA DEVELOPMENT|JAVA TECNOLOGIES|JAVA CORE|JAVA ADVANCED|JAVA JDK|JAVA TUTORIALS|JAVA PROJECTS","Lifestyle (parent topic)|Technology|Knowledge"
250,UCtIbzEBqHWZtMAyUyjhtVkw,"JAVA TV FG","RAPAZIADA vocês podem me ajudar no YouTube 🤜🤛 00 TECNOLOGIA 01 INICIO 5.0 Y=500 INSCREVE ÉSTE CANAL 6.0 X= 1000 THUMB 7.0 V=2000 TEMPO 8.0 B=5000 USUÁRIOS 9.0 N=10.000 DURAÇÃO DE HORAS ASSISTIDO R=20.000 ESCRITOS T=30.000 ESCRITOS L=40.000 ESCRITOS K=50.000 ESCRITOS P=60.000 ESCRITOS M=70.000 ESCRITOS N=80.000 ESCRITOS C=90.000 ESCRITOS O=100.000 ESCRITOS W=500.000 ESCRITOS H=100.000.00 ESCRITOS VIDA BOA BOA NOITE BOA TARDE BOA VISTA BOM DIA ",2023-11-22T15:42:35.932489Z,,,12,0,2,https://yt3.ggpht.com/ytc/AIdro_lOLm-ghLUyNeR63dHQLSJT7oFA7-F0BvqAJOjYEsiDZh4OjaFpfbdHReaGhCF6aq9AXw=s800-c-k-c0x00ffffff-no-rj,,
251,UCsvECw_-v4FzvMHoEObMkfQ,"Na pegada do Java ",,2023-10-07T22:14:13.405934Z,,,48,0,2,https://yt3.ggpht.com/DI-oSVSvgoN7_8Ag97lht5OE3qQ-fP0Byg5eE4riBc8hqi-qcvS5YlFtx3FRaHcpL8O5GDCQPbA=s800-c-k-c0x00ffffff-no-rj,,"Lifestyle (parent topic)"
252,UCG8RyduL68vAtRZDHNEXEjA,"Java Game Development (JavaGameDev)","Hello,my name is Guilherme,but you can call me Gui :-) I'm an Indie Game Developer from Brazil. For the past few years, I've been developing all kind of games: Puzzle,Sports,Platformer,RPG etc. I created this channel for that I can share all of my knowledge with you and for that you can learn how to create your own games from scratch! The programming language I use to develop my games and the one I'm going be teaching you is JAVA, and here is why: - Fast; - Easy to learn; - It is Multi-platform(You can run in all Operational Systems); - Huge community; - Always improving; I think that is all you should know :-) Ohh,I almost forgot Feel free to make any question and I will answer as fast as possible! Now enough talk and let's start =P",2015-04-28T16:36:31Z,,,143446,616,19,https://yt3.ggpht.com/ytc/AIdro_n7ANQkiOrXcrA_eMbXMmrHoXC08S5ItPJEjm0fS_S6BQ=s800-c-k-c0x00ffffff-no-rj,"java|game|beginner|learn|game programming|indie game","Technology|Puzzle video game|Gaming (parent topic)|Action game|Lifestyle (parent topic)|Knowledge"
253,UCb47ro1wP9ABBEK9iete9gw,"Equipe De Caça Java Uniao Goias-Go",,2017-04-08T00:22:11Z,,,252,11,2,https://yt3.ggpht.com/ytc/AIdro_m5Q6aGD1hnlHrfHibiFIjEiE5QHz4B26I6AUi4aPyyTA=s800-c-k-c0x00ffffff-no-rj,,"Lifestyle (parent topic)|Hobby"
254,UCqRl1TllirzL14iWA1YwQUg,"Canal mili e java","Oi pessoal esse canal e do meus cachorros,espero que gostem",2024-06-14T13:25:33.948964Z,,,3,0,3,https://yt3.ggpht.com/p8NaaEQGHnWWLC5NdjNUwEzR_VNj83iefATxfv-OKaRuOMSyYhPKQZnO56IfdEbqCzRkHo-frQ=s800-c-k-c0x00ffffff-no-rj,,"Pets|Lifestyle (parent topic)"
255,UC2TxAFIjbMuLWkh2XlaJ6Dw,"Java Lover 24-7",,2022-06-17T05:40:27.649162Z,,BD,8162,165,11,https://yt3.ggpht.com/g7NUSdqwxLsz-Vkm9BM-nGdkPTbuaK-TnipPIQr7-rzYDHHnGKDtjxiVnVu40hKCC-wg7iLoZLc=s800-c-k-c0x00ffffff-no-rj,"learn|java|programming|javafx|spring|database|core java|advance java|java swing|spring boot","Technology|Knowledge|Lifestyle (parent topic)"
256,UC5X2Wy3H7Hg3OiTHjs4Hl_g,"Do Zero Ao Java","Aprenda Java de forma prática e rápida! Aqui você encontra vídeos curtos e objetivos para aprender programação Java do zero até o nível profissional. Vamos direto ao ponto com exemplos práticos, dicas de mercado e boas práticas de programação. Se você quer aprender Java de forma fácil, em poucos minutos por dia, este é o canal certo para você! ",2020-11-20T22:45:45.183085Z,,,0,72,0,https://yt3.ggpht.com/ytc/AIdro_kLHIYGO7CBOIltxYsIBXD84TmxJVDifo2WDraHVSVnVw=s800-c-k-c0x00ffffff-no-rj,,
257,UC45OmLyQe6qlJlHiSjnT_Zw,"Joker Java",,2025-12-26T07:19:31.394072Z,,,665,3,2,https://yt3.ggpht.com/whySxnqQPFqqu-HOigmAZVC1pnxRoRrQXL2Hwk3hAqgzWr2jO5TKFOT7Kac7sT2lLNH_4voU=s800-c-k-c0x00ffffff-no-rj,,
258,UCK08hpBjolHVN--K_G905rw,"JAVA - Topic",,2024-09-21T08:52:20.166372Z,,,1257,3,5,https://yt3.ggpht.com/-0OTv2eXqyICpl4TSb1K3XEc6C54g9TJ0K65CPpeRDITpyF_9-IgyNHPy32akH5vObeChgKI3g=s800-c-k-c0x00ffffff-no-rj,,"Pop music|Music (parent topic)|Hip hop music"
259,UCxSwATyHF9JocRiRaYB9BTA,"Java - Topic",,2023-07-24T15:16:14.332336Z,,,364775,1750,46,https://yt3.ggpht.com/eFYb9FOYmArnsiCmwq7o80wMolEYvoG25afBLvo4qFlR7kXnoHKrhFw3_UUBSVKEK3d219yUpA=s800-c-k-c0x00ffffff-no-rj,,"Pop music|Music (parent topic)|Rock music|Electronic music|Hip hop music"
260,UCD_jYDeSIqlkWw2lv8mBWrw,"Java Nord","Hello Everyone! You wanna learn computer language and you have also interest to make a career in IT sector. This channel is good for you because?? Java Nord is providing all programming languages tutorial like as C Language C++ Language PHP Language Java Language Kotlin Language Full Stack web developer (PHP & Java) Android Developer Data Structure theory & Implementation Web Designing (User Interface) and also Frameworks spring, hibernate, struts & more etc. You will get all tutorials free free! Java Nord has 1000+ books regarding all programming languages. Join our telegram channel to take all books free free! AIM: I wanna make a YouTube community with all of you.",2020-04-11T09:23:53.197489Z,,IN,5745,305,85,https://yt3.ggpht.com/ytc/AIdro_lXhQN5_0U_ieRe4-OByyadcqolTEq7KTmLoO2Fb_y-w4Q=s800-c-k-c0x00ffffff-no-rj,"quicktech.cm|quicktechcm|Quick Tech|all programming language channel","Lifestyle (parent topic)|Knowledge|Technology"
261,UCrVFDb2rVFGqpBA2EAx3BoQ,"The JAVA Geek","Hello! This channel is for people(especially students) who face difficulty in learning the JAVA programming language. I will explain you the basics of java with simple programming interface. For practicing Java programs you will need a IDE(or java.exe). The various IDEs are like BlueJ, Eclipse, and of course Microsoft Visual Studio and Visual Studio Code. I am providing you the link of the IDEs here(only Windows 64 bit). BlueJ: http://www.bluej.org/download/files/BlueJ-windows-422.msi Eclipse: https://www.eclipse.org/downloads/download.php?file=/oomph/epp/2020-03/R/eclipse-inst-win64.exe Microsoft Visual Studio: https://visualstudio.microsoft.com/thank-you-downloading-visual-studio/?sku=Community&rel=16 Also providing u with Java JDK: https://www.oracle.com/java/technologies/javase-jdk14-downloads.html",2020-05-07T12:48:59.199523Z,,IN,270,3,2,https://yt3.ggpht.com/ytc/AIdro_kJ11G-0lf4-AfoWKxpmdbYIkXPSlH2yW5TRMJT-_UMMw=s800-c-k-c0x00ffffff-no-rj,,"Technology|Lifestyle (parent topic)"
262,UCFA-e1YF9zrjMwEVGQmclYQ,"Equipe Java na brasa",,2024-03-31T00:43:16.536019Z,,,213,9,1,https://yt3.ggpht.com/kKLNl_3-e_zZviDO5pksiBE23cUd2ojbgt2o2Ye-cSpvIroQE6KFWD9avjlzcB_QFNIOLQ1pCg=s800-c-k-c0x00ffffff-no-rj,,
263,UCNHyRCws_PGMPOLVuSrNv-g,Java-World,"Java is a widely-used programming language known for its versatility, portability, and reliability. It has been a popular choice among developers for over two decades, with millions of Java applications in use today. Java is a multi-platform, object-oriented, and network-centric language that can be used as a platform in itself. It is fast, secure, and reliable, making it suitable for coding web applications, mobile apps, enterprise software, big data applications, and server-side technologies. Java's ability to run on multiple platforms without recompilation, its modular and reusable code, and its built-in security features contribute to its widespread adoption and success. ",2023-10-22T13:20:21.394056Z,,,34,5,2,https://yt3.ggpht.com/Q3sP5-cnfOT4z_53u5R-pv8y8Rk9QuH5tMB8nsLW_bKuWQ5STebVuAOw1AkKlaUYJWVdIYGa=s800-c-k-c0x00ffffff-no-rj,,"Technology|Knowledge|Lifestyle (parent topic)"
264,UCwKs0vOb8NafBilEPgU0Ckg,"java ops","Hey guys, welcome to this new channel - Java Ops. Here we will help you in finding your right concepts, teach basics, soft skills and will also help you learn to code. Our main aim to create this channel is to provide you all a self learning environment for different programming languages. We will designed each programming language tutorial in such a way that you can learn them by yourself. Our ultimate achievement will be students welfare and capable them so that they could learn programming easily and that too completely free of cost. Believe me, We have made all my efforts to make whole tutorial as easy as possible. We will provide a quick and to the point vedio along with resources of anything and everything we teach. we will provide source code(if any) in the description of every video. Quality programming videos in Hindi :) //JAVA OPS; //Hello World; //Lets Begin; //Lets Code; Please Like, Comments, Share & Subscribe !! Email: av.javaops@gmail.com ",2023-05-12T05:21:30.810289Z,,,3587,35,16,https://yt3.ggpht.com/ry-G76nd09Egv6sZ0thXPxnROloA5fv1YsJo9-tqFZaHNBE6z8gH301Ffm2thxavoARF6pMdJYQ=s800-c-k-c0x00ffffff-no-rj,,"Technology|Knowledge|Lifestyle (parent topic)"
265,UCW0lm4EddllW1SQ-RUUX3yQ,"Java Programing Language",,2015-06-17T06:08:22Z,,,7,1,7,https://yt3.ggpht.com/ytc/AIdro_kM0RwQ_e0ZZlRPz6F5cYdrbx74XIG-A4deAtCuCftZzg=s800-c-k-c0x00ffffff-no-rj,Java|Programing,"Knowledge|Technology|Lifestyle (parent topic)"
266,UCMducEj1VCGhobIBUQQWTPA,"🎥SllemoStudio🎙️Java ","🎬 *Bem-vindo ao Sllemo Studio!* Aqui começa uma nova era de aventuras criativas! 🚀 🎮 Canal feito com paixão por jogos (Minecraft, claro 😎), edição criativa, storytelling e muita vibe positiva! Trazemos: 🛠️ Construções épicas 🔥 Addons e mods insanos 🎭 Séries roleplay 🌍 Mundos com lore único 👥 E muito espaço pra comunidade participar! 📣 Se tu curtes jogar com estilo e criar coisas novas no mundo do Minecraft (versão Bedrock), já se inscreve e chama os teus amigos — aqui todo mundo tem espaço pra brilhar! --- Posso te ajudar a fazer uma *versão ainda mais curta* se quiser usar em bio do Instagram, TikTok ou no Discord. Queres isso também?",2024-03-11T18:16:53.872869Z,,,85,19,1,https://yt3.ggpht.com/DdDI2adlkBdvv6MzbpC4jhLEWCxyHvP4t9GxWI50mRmLneIeuk2dz51lf2wpxZqWM27Ny7KAdw=s800-c-k-c0x00ffffff-no-rj,,
267,UCze3ozBxskcSTRUNcESDE6w,"Chelsia Java",🤗🤗🤗,2016-09-23T09:36:14Z,,,91,17,6,https://yt3.ggpht.com/ytc/AIdro_ktEG-ZzA_-j2RiQ-tIyaAL0LCuPqWQRAIRsAgEg69wmlU=s800-c-k-c0x00ffffff-no-rj,,"Music of Latin America|Music (parent topic)|Pop music|Lifestyle (parent topic)"
268,UCdeL4JKQfC45L3SAi5j2lwA,"Djong Java - Topic",,2020-10-18T10:01:01.38869Z,,,48,2,1,https://yt3.ggpht.com/7QJFS4ywTIXC8c_Sy-uRa5zhBAl4VsHtNywo8KXZclkCsF8fagDLP-drmUv_Ja2HY5HUk0yYnw=s800-c-k-c0x00ffffff-no-rj,,
269,UC6Mx7OQh6HgZUW9Qt-u9FyQ,"tauras do java Vacaria rs","Tauras do java",2022-04-18T02:09:30.55914Z,,,156,1,2,https://yt3.ggpht.com/Z508tpSdrmYskIEfzlvhD6tUV6Vb2ePvEPqrROz7hQ1k9UG80OTHg69z8IXfmCv7PE7P4Ht-1cA=s800-c-k-c0x00ffffff-no-rj,,"Lifestyle (parent topic)"
270,UC-f0MzcXClNR7o56C7RLS-Q,"Java Tutorials in Nepali",,2019-07-10T05:59:17Z,,,476,18,27,https://yt3.ggpht.com/ytc/AIdro_np3l_LfnYhA-7x_oTdJNJHa3PdAWp5v1IiM7oXTPsZBA=s800-c-k-c0x00ffffff-no-rj,,"Lifestyle (parent topic)|Knowledge|Technology"
271,UChlv9kOVpEf07r1FuXVKz1A,"Java Ultimate","Java ultimate channel is dedicated for all the technology lovers, news lovers, including software, electronics and mechanical engineers. It has a collection of video tutorials, informative videos, news related with various technology. It specially focuses on java programming language with its uses in all the industrial practices. This Channel will be helpful for college students, freelancers, open source lovers & the software professional. The content provides in the video has very simple & easy language which focuses on the understanding of the concept & real application of the demonstration.",2016-02-14T19:15:59Z,,,764,22,4,https://yt3.ggpht.com/ytc/AIdro_mYev2zLPJACNMGtASc9xEU6fnqVZN2NpQ7seJBThsSdw=s800-c-k-c0x00ffffff-no-rj,"Technology|Science|Java programming|Spring framework","Technology|Knowledge|Lifestyle (parent topic)"
272,UC1LU3RRSmuyzLx6kf4_KE7Q,"Stack Solving - Core Java","This channel seeks to develop a community for people passionate about java so as to help each other in solving the many issues we run into as java developers as well as help beginning programers to get the gist of the language and succeed in a java professional carrier. Please subscribe to this channel to be part of the conversion!!!! ",2022-03-18T20:38:30.561157Z,,UG,8547,497,10,https://yt3.ggpht.com/2bEizsR3bIEE-z9KgjodkWgby4oCJo3yWxpfu6gnZ9tWwhrFyVGn8eN1hGdT8sGdg5qf6RLP758=s800-c-k-c0x00ffffff-no-rj,"java|java programing","Lifestyle (parent topic)|Knowledge|Technology"
273,UCbfNIazs0aiL6xX22tsMeAA,"JAVA DEVELOPER","Videos related programming language specially in java ",2021-09-21T01:14:25.667906Z,,,945,242,3,https://yt3.ggpht.com/7zymbpnmLjggmLGxEmtmEKoWYLRDvRIweeG3sx5N4bRUpPwkpb6F2SQWcj2ledPZ1c0Z6kmo8Vw=s800-c-k-c0x00ffffff-no-rj,,"Technology|Lifestyle (parent topic)"
274,UCPTimQukQ_jBpCFyvmm5Ofw,"java programming for beginners","Course Description Learn to program in the Java programming language. are requirements is the Basic knowledge of computers and c language. And our Goal to teach how to program in java language .are targeted audience All who wants to learn Java..",2016-06-27T21:20:40Z,,,32,4,2,https://yt3.ggpht.com/ytc/AIdro_lLVMWzM57e0i_fs6OUEDe8vMILH9o9TR4-VBoBXXhgyQ=s800-c-k-c0x00ffffff-no-rj,java|programming|for|beginners,"Lifestyle (parent topic)|Knowledge|Technology"
275,UCnpTncpyq8q0f7K_1zQSWNg,"Java World","This channel is related to the java and Its technology from basic to advance. You will get updates on Java programming language and core concepts, libraries, frameworks and software tools in java. after all you will connect yourself to the java world.",2024-04-08T03:37:53.590277Z,,,59,7,4,https://yt3.ggpht.com/jR_PnTBp148mI5sNl0NdhrQmL94y6UZADwyFN-JZl_t8Pv89Iz99pZ3SQ9ZlPpsuA4Pdcp_ZIWk=s800-c-k-c0x00ffffff-no-rj,,"Lifestyle (parent topic)|Knowledge|Technology"
276,UCTity_Ti1Z3CbyodN7U9d8w,"Java Wale Babu","Here you will find a new way to learn Java",2019-11-12T05:08:15.748173Z,,IN,499,13,16,https://yt3.ggpht.com/ytc/AIdro_kqPYqjND-dRJotJwenoEguwwgnUf_Xfrkq2Jxf081Prw=s800-c-k-c0x00ffffff-no-rj,"Java|Java Programming|Java interview","Lifestyle (parent topic)|Knowledge|Technology"
277,UCy_30exX6F-BysYHbXc_MsA,"Canil terror do Java",,2019-12-29T12:13:36.668947Z,,,395,39,8,https://yt3.ggpht.com/ytc/AIdro_lpgIHObbyMURnTMliS8ZphevpgSQkcyT3vQKmz-F5HWQ=s800-c-k-c0x00ffffff-no-rj,,"Hobby|Lifestyle (parent topic)|Pets"
278,UCOISFgrItwRJ9Mce3RtZCdA,"Java Lee Plays","Só pancadaria no jogos Mobile! Vem com o JavaLee!",2020-04-15T20:07:11.812053Z,,,32,2,2,https://yt3.ggpht.com/ytc/AIdro_lbV_mN_6UtVybk4mf1t80GVt2isft3rn7kN8nWc362Jg=s800-c-k-c0x00ffffff-no-rj,"java lee plays|jogos mobile|fps mobile|cod mobile|mobile cod|call of duty mobile|jogos celular|fps celular|call of duty celular|cod celular","Action game|Gaming (parent topic)|Action-adventure game"
279,UCg26Z3auLFpgZSm5TUgo89g,"JAVA made easy","Here you can easily understand the codes in JAVA programming language, codes are explained in details by a very easy to understand method. Every single step is explained, and the cause of its existence. Each video is different. No need to watch videos in a specific series. Watch any video and get all the information on that topic. Enjoy learning java, because it's not too hard. ALL THE BEST. THANK YOU java made easy",2020-09-17T09:09:54.932146Z,,IN,2,0,2,https://yt3.ggpht.com/ytc/AIdro_lLZqOICr-s6aVUSJ0ttCMo6Ay2fGEqH4rIOtl2hq5-IA=s800-c-k-c0x00ffffff-no-rj,"java|programming|coding|tutorial|classes|education|skills|java tutorial|learning java|java made easy|learn java|java programming|java coding|java learning|java is easy|java everything|java only|java is epic|everything about java|online learinig|coding is easy|learn coding|free tutorial",Knowledge
280,UCFTrWIfYwujKNC8Pc05Rv6g,"Sar Maroof - Java","Learn Java Programming Language By Using Quizzes and exercises For Different Levels!",2016-04-03T11:50:55Z,,NL,868,13,10,https://yt3.ggpht.com/4xC68hRDJjv1zpFCKDAvQss4S8X0t6MsUdjCqa1KzIoQ7mktINwXO1X4nllatvEO5HEjgA6v=s800-c-k-c0x00ffffff-no-rj,Java|programming|language|test|your|skill,"Lifestyle (parent topic)|Knowledge|Technology"
281,UCDzpZuiNj-ZTPxoKxatPPog,"WILP Wallah","Welcome to WILP Wallah 🎓 This channel is specially created for HCL TechBee and BITS WILP students who want clear, honest, and practical guidance. 📌 Content includes: • TechBee & BITS WILP updates • Exams, results & semester guidance • Govt & private job options after WILP • Career planning for working professionals • Salary, bond & growth clarity 🎯 Helping TechBee & WILP students make smart career decisions. Subscribe & grow with WILP Wallah 🚀 ",2020-10-12T10:25:55.55991Z,,,70299,989,157,https://yt3.ggpht.com/uXN4Isz8KFhOgkNTgSnbNrXNtcBlxLDAumql4FspdCHXSn6Fn-3Rq86G0VPaYn6MhJGqlv_lUg=s800-c-k-c0x00ffffff-no-rj,,"Lifestyle (parent topic)|Knowledge|Technology"
282,UCOId5eO1h3cqqBPqn7E54ag,"Antfrost pov-java","Todo mundo se inscreve e corte o meu filme hardcore primeira temporada dia 3 de julho",2025-02-04T01:14:13.55963Z,,,11107,25,51,https://yt3.ggpht.com/rs-nkII5KOR-B40MrUxXsfREQXPZWX4cFzI3zXI6fMfKFxaXVIs1UTi6L-guH2YHNjNiv-eQ7SA=s800-c-k-c0x00ffffff-no-rj,,"Lifestyle (parent topic)"
283,UCdEsZEbWzg9mToeaGk3DKiA,"Java Section","Hello guys. In this channel i will provide every information about java programming. This channel is about to present java programming language tutorials, tricks and tips. I will present you everything in a great way. If you have questions about java programming language then you can ask me freely. I will provide you the best result for your question. This channel will also provide java project videos. So, you can learn application making techniques through java programming language. Thank you!",2020-03-14T13:31:36.369796Z,,PK,168,11,4,https://yt3.ggpht.com/ytc/AIdro_n-RDh3tDOu9MobIb7-KtabI3pG3nbl45yxcGwbYlVn_Q=s800-c-k-c0x00ffffff-no-rj,"java|programming|java programming|java coding|java projects|java examples|java programming language|java code|java practices|java tutorials|java training course|how to code in java|java Tutorials|Java Complete Course|learn java programming language|java from beginner to expert|java programming for beginners|java programming tutorials","Lifestyle (parent topic)|Knowledge|Technology"
284,UCFn_FuC0zkZnhJFRPbfXjCA,"Java Tiziu de Fibra","Apaixonados por tiziu Tiziu de Fibra Criar é preservar ",2014-12-24T14:23:07Z,,,34839,128,9,https://yt3.ggpht.com/rdlkWTEfhoU_VAKb1j9ZAsKsUEAevsbIuQa4Y8JrHsifePjLBihxX7B42mgs76KW-SWvFYeT=s800-c-k-c0x00ffffff-no-rj,,"Lifestyle (parent topic)|Pets"
285,UChGFW4RYxVii4ehTErBlnZQ,"Simply Java","Simply Java is the channel dedicated specifically to java programming language. It contains all the basics & necessary concepts which are important and also beneficial in the interview room. I'm also going to share the knowledge which I got from relevant industry experience. Along with this, I'm going to share the interview experiences from various companies & also from the Top MNCs. Java Interview questions and answers for freshers. Java Interview questions for experienced developers. This channel is all about software development tutorials that will help you to sharpen your programming skills. So guys, Stay tuned. Please like, share & subscribe to this knowledge factory. About Me: I'm the passionate java developer & a working professional with relevant industry experience in the field of software development. I have mostly worked on the web applications using the technology stack like Java/J2ee, Spring boot, AngularJS, Angular, Hibernate, Rest Web Services etc. ",2020-03-13T12:25:26.691298Z,,IN,225,12,2,https://yt3.ggpht.com/ytc/AIdro_new_SnmNKeuiRqrCn3xFoxca5mQAo644uWH8tpUoy5HQ=s800-c-k-c0x00ffffff-no-rj,"programming|java tutorial for beginners|java programming|java for beginners|java tutorial for beginners in hindi|java full course|java interview questions and answers|java full course in hindi|core java|core java interview questions and answers for experienced|core java tutorial|core java tutorial for beginners|core java full course|computer programming|learn java|java interview questions for freshers|java interview preparation|java mock interview","Technology|Knowledge|Lifestyle (parent topic)"
286,UCHSh3xpKlBUvpXn9_Z0mbYQ,"Java Concepts under a minute",,2025-12-28T11:26:58.770523Z,,,0,1,2,https://yt3.ggpht.com/ytc/AIdro_lm_zOZN6FVCMC9XEgozZJNxopPmyd0qspJwRJFxH0emdOvBN8EgbvmEsBy4G2A8EPFaA=s800-c-k-c0x00ffffff-no-rj,,
287,UCEV7B53CH4y4n8sCIfdxxmg,"Java made Simple"," I am renaming my channel to Java Made Simple. If you need help with a specific Java related topic, please leave a request in the comments. I enjoy teaching and try to explain Java concepts in detail. On my channel, I create tech tutorials for educational purposes. I'm currently doing a series of tutorials on the Java programming language. All of my Java tutorials include code examples, and I use Eclipse as my IDE. I appreciate everyone who has subscribed to my channel. It makes me feel like my tutorials are worth the time and effort that I put into them. :) Thank you for all of the nice comments that you added to my videos. It makes me happy to know that my videos have a positive impact. :) Thank you for visiting my channel and have a wonderful day!",2016-06-11T00:38:42Z,,US,213305,1590,29,https://yt3.ggpht.com/ytc/AIdro_nWSRbb_Qz3LuoMyeHFgB68eGDaUeVxEJGGI8-Cj_m69S8=s800-c-k-c0x00ffffff-no-rj,"css|bootstrap|tutorials|coding|code|html|responsive|how to|web design","Technology|Knowledge|Lifestyle (parent topic)"
288,UCc8CSI9CUlGQ_hT4u6TQWNA,"Java Programming",,2023-03-11T16:21:36.325986Z,,IN,269,3,1,https://yt3.ggpht.com/ytc/AIdro_nbdc5AzjivOkOVFs1t3A1g2QWi7OLsMZHV2ihZTqZmqltNd7G5En2x7TJbw2Ac3mb2Bw=s800-c-k-c0x00ffffff-no-rj,,
289,UCWspSD36T7Yf68N6bQbh5DQ,"Java - Topic",,2023-06-27T18:47:13.817221Z,,,782,2,5,https://yt3.ggpht.com/ytc/AIdro_m3yH3CkDYbBlrEro0QnKb_ItobeFHLwKuQcGuP0f6Bn7OoKZ8W5OF5gGcuK2Gkd9LxEg=s800-c-k-c0x00ffffff-no-rj,,"Pop music|Hip hop music|Music (parent topic)"
290,UCiKq8kIk-VpZsbeIJKo5umA,"java easy tutorial","This Channel Is only for study for learning. In this channel i teach you java language simple programming GUI with full explanation if you have any question in your mind about any video so you can ask question through comment and subscribe my channel for more learning the java basic components Best of luck.",2017-02-10T18:01:33Z,,,13,2,1,https://yt3.ggpht.com/ytc/AIdro_ldw1kzbrdb19h0NYxp92rvNdzGFvHPCiO4JE52RY21Kg=s800-c-k-c0x00ffffff-no-rj,,
291,UCz7O7tNc6eKekrxlpJ2a8Nw,"Arthur Java",,2025-12-27T09:39:42.159201Z,,,27,0,9,https://yt3.ggpht.com/ytc/AIdro_ka_OJb0XNJYDEohFXLN9aw8SQx2wooMyAYwzwnScVwBS5AeOdo4U3-cDL-EXswMyKilw=s800-c-k-c0x00ffffff-no-rj,,
292,UC33hAGr1vVzw6_4SMzoHx4w,"Java Learning with Ludwig","Let's learn how to master Java a top high-level programming language",2023-06-04T01:23:34.407Z,,VN,463,5,26,https://yt3.ggpht.com/2MZYd4aFEMCCUiOGV6IzmdCeYRIO95VN8wlwNKDMPjo3HWTHXoL9PmY5nmvZn9l0zXzEN3-GGA=s800-c-k-c0x00ffffff-no-rj,Ludwig,"Lifestyle (parent topic)|Knowledge|Technology"
293,UCoxykM30gLvHfYqflEKJ9Ag,"Cine Java Cafe",,2025-06-29T18:08:43.395544Z,,,111861,58,7,https://yt3.ggpht.com/nEZlQWQaAoBbQBrU9NbxlS98gKLoeoW5UXcxvuMYbvkUrRM9G6h9gt256LApyWteGechjjBF=s800-c-k-c0x00ffffff-no-rj,,"Entertainment (parent topic)|Movies"
294,UCNuAKYVugXTtyfCanbXJmxQ,"code in java","This channel is related to programming languages like Java, C,C++,python and other technologies like android, Javascript etc. we try to explain all the basic concepts of the technologies mentioned above.",2019-10-04T07:19:06Z,,IN,48722,473,140,https://yt3.ggpht.com/ytc/AIdro_lQFuBIZF9V8bFl6Shm83ThJ0tSNbIEAWNLHsEk2u8=s800-c-k-c0x00ffffff-no-rj,"codeinjava|CODEINJAVA|java|c++|spring|hibernate|code in java|CODEIN JAVA","Technology|Knowledge|Lifestyle (parent topic)"
295,UCbuHpBgmNpKKkm636nwVLiw,"java jee",,2025-12-27T12:24:16.814409Z,,,85,0,1,https://yt3.ggpht.com/oGuO4jFvNqj2HeuWnH-rUgjcn3_TDkPIMX-eJ3twQoJovaOVEAYOrApjy3nH-tWQRpIiShMXZg=s800-c-k-c0x00ffffff-no-rj,,
296,UCP2hmSYtivS_XMNM8x98XwQ,"Java Trainer","Java Programming Language Link more videos https://www.youtube.com/channel/UCP2hmSYtivS_XMNM8x98XwQ ",2023-09-26T09:42:20.756709Z,,IN,17,1,3,https://yt3.ggpht.com/qme3gaJISwPV4RYKYdLvX7nBPLHKs0KRxkaw3yd3_wEElyAiLAfPASA4nXW9R6xospXy1bTs=s800-c-k-c0x00ffffff-no-rj,"Java|Spring|Code|Javasolved|springboot|Springboot|microservices|javatrainer|JavaTrainer|Javatrainers|Collection|Maven|gradle|yml|bugs|error|eclipse|Jpa/hibernate|Database|Oracle|JAVA|jAVA|Java trainer|java programming|java conding|coding java|Software developer|software engineer java|java programmer|java developer|java bugs|java errors|Java algorithm|Java data structure|Java trainers|microservices tutorial|java begginner|java experience|Intellij Idea|Vs code","Technology|Knowledge|Lifestyle (parent topic)"
297,UCrmKylscmTLhcqATfilHhMQ,"Java Oliviere",,2015-09-13T03:20:22Z,,,27027,121,6,https://yt3.ggpht.com/ytc/AIdro_kaA3RFVzrjsj1GC2LfvoAKQCryaiAGuIp_oEJomPUCSw=s800-c-k-c0x00ffffff-no-rj,,"Christian music|Music (parent topic)|Music of Latin America"
298,UCzS3njg_8qNi7my9gPm0TzA,"Mestre_ java",,2015-12-04T23:52:54Z,,,4,0,1,https://yt3.ggpht.com/ytc/AIdro_kBEKiHdMhza0atMw7D7Nz__cGtzlb2HdF4ZsN4M84=s800-c-k-c0x00ffffff-no-rj,,
299,UCEPXEdDRUSx6aApzVb84C2g,Learning-Java,"-------------------------------------------------------------------------------------------------------------------- Greetings Programmers! I, Shubham, have a job as a Java Developer at IBM. Here, I tried to pass on my skills and understanding to those who needed it by creating the Learing-Java YouTube channel. In 2023, beginning programming students would be well-served to start with Java. Here I am giving my list of Java programming videos. 1) Java Lang Package https://youtube.com/playlist?list=PLDUIHyeXXrmM8UFGb-sTV58c6tbAk7neq 2) Core Java https://youtube.com/playlist?list=PLDUIHyeXXrmPqjNiLJP0iBVy7priF_p6U 3) Practical Questions https://youtube.com/playlist?list=PLDUIHyeXXrmOYB5w129WDR27QxwJqdQZZ -------------------------------------------------------------------------------------------------------------------- ",2022-08-25T08:20:41.555842Z,,IN,1007,12,17,https://yt3.ggpht.com/3VKQx5wrt6IGxX5nyowxZLhh25_H-Z3FTzRhsqYa5alm-4Kd-BKRtpNe_vD5gTD0CrOoV81Fgw=s800-c-k-c0x00ffffff-no-rj,"Learning-Java|javalangpackage|toString method|hashCode method|core java|multithreading in java|java in hindi","Technology|Knowledge|Lifestyle (parent topic)"
300,UC-V9JJaEWwY68pOJ5skVNVg,"Java Script","Here you will learn the elements of the programming language, its meanings. #css,#html,#react,#javascript, ",2023-02-23T18:10:19.39322Z,,,783,5,36,https://yt3.ggpht.com/y-kFFHzsThQGFTWrRfGaJohtyAg5CEmqiwXMGKzfJtS1xrakSFZ6tHD_MK1C8Krys6CwJw2LtVo=s800-c-k-c0x00ffffff-no-rj,,"Knowledge|Technology|Lifestyle (parent topic)"
301,UCvGeozMvCxo1f6M3OY12V3g,"~~JAVA GAMING",,2025-07-08T06:13:49.650152Z,,,278,1,2,https://yt3.ggpht.com/XkbjT5rAMOom9vr2HR5bygBDaH0d6GX6y9vY4JerFw3cNcg6-E923heFlvPWqiMXTK4vP1sW7w=s800-c-k-c0x00ffffff-no-rj,,"Gaming (parent topic)"
302,UCG-AybQ5psFV-JyEGRK_Tdw,"Round Java","Welcome to Round Java ☕ Learn Java one round at a time! Here you’ll find short, focused 5-minute videos on modern Java technologies — from Spring Boot, Streams, and Reactive programming to JVM internals and performance tips. Whether you’re a beginner brushing up on the basics or an experienced developer exploring advanced topics, Round Java helps you grow your skills fast and efficiently. 🔄 Subscribe and join the next round — your Java mastery starts here. ",2011-09-27T18:35:13Z,,,11977,114,54,https://yt3.ggpht.com/wqvS_19AMn6--iKeDP6CFGJGyoLQl0n_xzlETHf0Luo9fwhekcn0vcsZedX7qqyNuyV_IAdqUQ=s800-c-k-c0x00ffffff-no-rj,software|technology,"Technology|Knowledge|Lifestyle (parent topic)"
303,UC0gulnOXgFIjxNnHPXJ1JyQ,"South Of Java - Topic",,2018-11-09T19:10:22Z,,,648,0,1,https://yt3.ggpht.com/ytc/AIdro_mhpdt52gf-ewuMICMSpf58jqqKXetktX-rAgmJkXZktJrVu4vDkBYngfAtIfmb6uJy3w=s800-c-k-c0x00ffffff-no-rj,,
304,UCfMqLgYr7KvkkDzRBLIUFCQ,"Java Insomne - Topic",,2021-01-09T02:58:31.759461Z,,,1760,15,30,https://yt3.ggpht.com/ytc/AIdro_l0MLgN6yWFXFoCqe7nsJfrffc0bGPtSu0HSmebEdESBQ=s800-c-k-c0x00ffffff-no-rj,,"Electronic music|Hip hop music|Music (parent topic)"
305,UCSkVVW5sBTARY37NJaEw9gg,"Essential Training Of Java Programming","This channel is all about the programming in Java. It helps the absolute beginners to understand Java Programming language in easy steps. It includes Java tutorials for absolute beginners. It is the basics of Java Programming. How to learn Java is included here in this channels. So, you can learn step by step. Object oriented Programming can be practiced in Java Programming language. It is one of the best programming language in Object Oriented Programming. Please share, subscribe and like my channel.",2020-07-10T10:16:19.156129Z,,AU,719,39,4,https://yt3.ggpht.com/ytc/AIdro_nOK8orPPlvQ1NA-jgcyyjxOKiMQK47m3nyTJQfdET3=s800-c-k-c0x00ffffff-no-rj,"Java|Programming|essential training of java programming|java tutorials for beginners|learn java|java tutorials|programming in java|java programming projects|Anchal Shrestha|fundamentals of java|Methods in java|Inheritance in Java|polymorphism in java|classes and interface|absolute classes|how to learn java|how to enhance java skills|Object oriented programming|OOP in Java|learn basic java programming","Knowledge|Technology|Lifestyle (parent topic)"
306,UChVM4dg8I_rabPcgrLRqq6Q,"CodeCrush Java","Here, you'll find a wealth of resources and tutorials to help you learn and master the Java programming language. Whether you're a complete beginner or an experienced programmer, my channel has something for everyone. From basic syntax and data types to advanced topics like multithreading and network programming, I cover it all. I use clear and concise explanations, along with practical examples, to make even the most complex concepts easy to understand. My tutorials are designed to be interactive, so you can follow along and practice coding as you watch. Plus, I frequently provide code snippets and exercises that you can use to test your skills and reinforce your learning. So if you're looking to improve your Java programming skills, or just want to learn something new, be sure to subscribe to my channel and join the community of Java programmers. Let's explore the world of Java programming together! ",2023-03-25T18:49:21.831933Z,,,404,2,7,https://yt3.ggpht.com/-f1kn7v5COSW5p793854ALMs4f2v6DchU7IcpoxpTF1xoUrXJN0ByEOQE6-6K_aWnOk_dqA7T10=s800-c-k-c0x00ffffff-no-rj,,"Knowledge|Technology|Lifestyle (parent topic)"
307,UC_c9wrZuwpJ_sqEB8kMxhEw,CodeCraft-Java,"Welcome to CodeCraft-Java, your ultimate destination for mastering Java and elevating your software development skills! Whether you're a beginner diving into coding or an experienced developer looking to refine your craft, this channel has something for everyone. Explore in-depth tutorials, real-world projects, coding challenges, and best practices in Java development. From foundational concepts to advanced frameworks, we guide you through every step of your coding journey with clarity and practical insights. 👉 Subscribe now and join a thriving community of developers crafting clean, efficient, and scalable code. Let's build the future of software, one line of code at a time! ",2024-11-30T08:21:18.413435Z,,IN,540,9,6,https://yt3.ggpht.com/L92wKo_laiwgYyEqRMH3et0KcbEWUNzsA4YAsYmq7MBecOWdt91FdurwsUuP_ay571pqpLo4Wg=s800-c-k-c0x00ffffff-no-rj,"developer|software developer|software development|java developer|software developer tips|software developer career|software developer roadmap|how to become a software developer|java developer day in the life|software engineer|software engineering|software development career|jr java developer|java app developer|java web developer|java developer work|java developer tasks|turing java developer|java developer skills|jr developer|becomer java developer","Lifestyle (parent topic)|Technology|Knowledge"
308,UC57V1FjviYf9tpAhPeMWF0w,"Java Codder",,2025-12-27T15:09:56.871868Z,,,61,0,1,https://yt3.ggpht.com/ytc/AIdro_mnHqUY0FTKsamoZjH0P9tQoBWlZXzGsND_80ZbUCQumHxnzproI3u1-WllQUnlU-r34g=s800-c-k-c0x00ffffff-no-rj,,
309,UCG0_Q_BMd3gVQgSRv4Vl1Lg,"Java - Topic",,2025-08-06T18:14:18.831687Z,,,503,5,25,https://yt3.ggpht.com/K7uo2FdgMqXW435DBrQG18ff7aR3ksYpkSE2F__vrw29M4MPA-u4IhJiLnwACjrpEsbKDpa2hg=s800-c-k-c0x00ffffff-no-rj,,"Electronic music|Pop music|Music (parent topic)|Hip hop music"
310,UCV6Ur6GnfTEcw9wK8wJAO7g,"Raja Java",,2025-10-05T04:19:42.215189Z,,,0,2,27,https://yt3.ggpht.com/hsxY-O-V9uzmNZNzzzf1WD4QWuqelpu3remfbj_sSb4b7p4k-g6ahE2_rZ2IUfA4AaJb1AFE=s800-c-k-c0x00ffffff-no-rj,,
311,UClaE-rp4JG6F6wKvmod-Mqg,"prime java ",,2025-07-21T17:37:18.959014Z,,,1543,4430,2,https://yt3.ggpht.com/RYQ1fT-fDydqWon5armMh8Ak6PjUZmdzEBMVSqSdPNCRw3lWcx3FKS98AAQCCd4N445EaM33=s800-c-k-c0x00ffffff-no-rj,,"Action game|Gaming (parent topic)|Action-adventure game"
312,UC97LcyULgcRvMXDSnYNjHGQ,"Java AI Lab","Welcome to Java AI Lab – Your Ultimate Resource for Java Programming and Machine Learning! Are you passionate about Java programming and want to dive deep into the world of Artificial Intelligence (AI), Machine Learning (ML), and Deep Learning? Look no further! At Java AI Lab, we specialize in transforming complex AI concepts into easy-to-understand tutorials and projects using Java as our core programming language. What You’ll Learn: Java for Machine Learning: Learn how to implement machine learning algorithms and frameworks such as Deeplearning4j, Weka, Deep Learning Java, Smile and TensorFlow for Java. Deep Learning with Java: Understand deep learning models like Neural Networks, Convolutional Neural Networks (CNNs), and Recurrent Neural Networks (RNNs) using Java. AI and Java in Production: Discover how to integrate AI and ML models into real-world Java applications for enterprise solutions and big data projects. ",2025-03-12T17:58:58.79146Z,,IN,860,5,19,https://yt3.ggpht.com/HCg0oApNEyr1elo7OpyktHg-XGaVdRlA86mCwu8hdim_k95V_-1t6NvKpDTLYF_NS2olCqu7AzM=s800-c-k-c0x00ffffff-no-rj,"AI|Javaa|machine learning|deep learning","Technology|Knowledge|Lifestyle (parent topic)"
313,UCtxWWwADUOPnTjcIVPGv7OA,"Backend Java","This channel focus on backend software based on the Java programming language and its technologies.",2024-02-19T00:54:38.667105Z,,,3107,93,10,https://yt3.ggpht.com/DniUe_RIqwTcfFzEqEmkmYCkS_9oJFoqNRF3d0WdbGk4Z5wwhJLu3boEE022AHo58Ck_AABosg=s800-c-k-c0x00ffffff-no-rj,,"Lifestyle (parent topic)|Knowledge|Technology"
314,UCSdMQSdDlzJI4CI8Djfednw,"Java Cafeteria","Aqui você verá as conversas mais fora de sentido sobre a vida, cultura, animes, entre outros. Se inscreva se quiser pegar um pouco da nossa Doença.",2019-02-25T19:37:08Z,,,36,12,2,https://yt3.ggpht.com/ytc/AIdro_levTasrPEK4kvYuO1DQkcTbPLkmJ-M1k3hNFWN2m-ZJg=s800-c-k-c0x00ffffff-no-rj,,"Technology|Knowledge|Lifestyle (parent topic)"
315,UCghfD-AsJ1r2t6DnjV92NUA,"java programming","java language is most popular programming language in the world and i am going to upload videos and code for those who want to lean java.",2017-01-05T07:32:58Z,,,0,147,0,https://yt3.ggpht.com/ytc/AIdro_lRx4wAbmDrcdQTA_BOCD3GuwE3KOQf-6q2Z3bHnPrXdg=s800-c-k-c0x00ffffff-no-rj,javaprogramming,
316,UCFZIe4iDK3FO39acYIQqYqQ,"Java Studio","Welcome to my YouTube channel @Java Studio, if you want to learn learn Java Programming Language then do subscribe my channel. Thanks",2022-11-06T07:46:02.804206Z,,,3477,984,4,https://yt3.ggpht.com/baDHqm3r7mozRwEl_hx0LdgZa7NE0Jl6ZMHKrKVMhfSwjU5nLjsXbIBlSa7wSTDilG6aYdiezA=s800-c-k-c0x00ffffff-no-rj,,"Lifestyle (parent topic)|Knowledge|Technology"
317,UCARJ1SHErP0MnH3GVardeWg,"Java Story","Welcome To Java Story. 🎬 Ai Create Video For You. 📷 Our Shorts Topic :- Emotional 🥺, Love ❤️, Entertainment 😍 Etc. .... So Guys Mere Youtube Channel Ko Subscribe Kijye. ",2025-12-28T02:51:29.229709Z,,,0,10,1,https://yt3.ggpht.com/3kzesvJOShRvF2z4kGOpifMTE8KL8OxbxPqfYqFOcT0wLDvtI2-uPxzsBjvQ06WhyrdKBqbb2IM=s800-c-k-c0x00ffffff-no-rj,,
318,UCp1E0By6prKXVcO3hlT2Y2g,"#JAVA VLOGS# 89 k views . 5. hors. ke ago","I am a Indian full stack developers and software engineer. # Welcome to java vlogs programming channel, Here we are give you more easy and easy understanding way to understand programming language, How programming work and how to write code in scratch, so if you like then subscribe this channel Contact for sponsor Love, java vlogs Thanks, 🙏 if you like my video so subscribe my channel thanks for views my profile, youtube channel link 👇# Thanks ",2023-03-18T12:04:08.81278Z,,IN,85,4,16,https://yt3.ggpht.com/ytc/AIdro_lDbPA3AdsJo_ytTd2kUyLKeBbBuSv5LgPV6jRJpxlqT_FbErQ=s800-c-k-c0x00ffffff-no-rj,"Java|Vlogs|Vlogs|Java|sandeepsulekha|vlogs java|views kese badaye|subscriber keshe badhaye|Poojapryanka vlogs|shorts vidio|Viral kese kare|Bageswar dham|Teqnikal gyan|Typing kese kare|mano dey|how to youtube channel|shorts video viral keshe kare|anirudrya charya ji|dhirendra sasttri|sourabh joshi vlogs|crezy xyz|Technical gyan|Java coding keshe kare","Technology|Knowledge|Lifestyle (parent topic)"
319,UCgeezyyu6lXFxkZi_1LIN_w,"Coding Java",,2025-12-25T13:49:57.253994Z,,,25,5,1,https://yt3.ggpht.com/v8-lxhjozcmvPXxXLRJ5VfjBc71HE4NPvGp5ruTkPZkE0dEMhYSh6Knu5SC18jmHyobgWDAyYqA=s800-c-k-c0x00ffffff-no-rj,,
320,UCBXtVomupyG4VwnISovVJHQ,"Java! Play - Topic",,2019-11-06T19:56:48.886014Z,,,0,0,0,https://yt3.ggpht.com/ytc/AIdro_lm_zOZN6FVCMC9XEgozZJNxopPmyd0qspJwRJFxH0emdOvBN8EgbvmEsBy4G2A8EPFaA=s800-c-k-c0x00ffffff-no-rj,,
321,UCpOTXu68-ULosuX652fSXAw,"Java Programming Language",,2020-10-06T08:59:09.275881Z,,,8,0,1,https://yt3.ggpht.com/ytc/AIdro_msXvdcb3H_kwSEjWX3C2WMyg_xmvM3Ae-HPQBlY4A=s800-c-k-c0x00ffffff-no-rj,,
322,UCiuKsx4vIwEcUK9xdZOSObQ,"DOCTOR JAVA - Topic",,2020-04-12T02:34:52.315054Z,,,0,6,0,https://yt3.ggpht.com/ytc/AIdro_n6uXwQUZQrJSqgJ6ZF2m7yPyU86vA2cV06lZe_vIJ30N0POsPL-swpaX5qoZBX-P1M2A=s800-c-k-c0x00ffffff-no-rj,,
323,UC53jnOqNg_nnJ3tn9FA-9uQ,"Java and Kotlin Tutorial FREE Channel","Welcome to my channel! I am Ali Smith, and I will teach you programming techniques in Java and Kotlin language.. Please LIKE, and SUBSCRIBE to my channel to get latest tips! ",2021-04-24T15:14:15.399809Z,,,62,0,2,https://yt3.ggpht.com/gN897t5YGMnCyZ_oYLjt_LED-1hZBSrnq56BbjiIXuBc2Rl3TSjYGBzhoi13I0n1Injb8uMT9A=s800-c-k-c0x00ffffff-no-rj,,
324,UCpR2Ov7nfQgrzCsj-WPFGAw,"Java Jungle Automation","Description: Welcome to our Java programming tutorial! 🎉 Whether you're a complete beginner or looking to brush up on your Java skills, this comprehensive guide will take you from the basics to advanced concepts. 📌 What You'll Learn: Introduction to Java and its features Setting up your development environment Basics of Java syntax and variables Control structures: loops and conditionals Object-Oriented Programming (OOP) concepts Exception handling Working with arrays and collections File I/O and streams Building your first Java application 💡 Why Java? Java is one of the most popular programming languages in the world, known for its versatility and robustness. It's widely used in web development, mobile apps, enterprise solutions, and much more. 🚀 Course Highlights: Step-by-step tutorials Hands-on coding examples Practical exercises and projects Tips and best practices Real-world application Enhance your coding skills with us and become a proficient Java developer. ",2023-01-08T07:53:06.359388Z,,,262,6,6,https://yt3.ggpht.com/kEbwKQWSql_Dc3hZgZgI0m84srghogT1gn3Bc0V281atW7RWMCahvttncKdE7UXst8SJALKXWg=s800-c-k-c0x00ffffff-no-rj,,"Lifestyle (parent topic)|Knowledge|Technology"
325,UCYyORfQY8YW2uWuQsKzz5Lg,"Java Tutorial Dhirendra Kumar","Welcome to My channel Dhirendra Java Tutorial Our aim to teach Java for beginners to gain good knowledge for free. I would like to share java programming language by which everyone can learn java easly and gain best knowledge to crack interview. I will share good programmin practical knowledge. In the coming sessions i will share Hibernate ,Spring ,UI design,Oracle database and Web services videos . I request yout to please watch my all series video and no need to join any programming institute. Java Tutorial for Beginners How to be a Good Programmer. Learn Java in Short Duration. For Beginners. Java is an Amazing Programming language and Technology. Most used Technology in IT Industry. Its a Product of Oracle now, It was developed by James Gosling with his team in Sun Microsystem. Thank You",2018-11-08T05:53:51Z,,IN,4930,78,4,https://yt3.ggpht.com/ytc/AIdro_mqslQYr2m3e_uOlcSYfHt2kVm2jDvjxRZm56pmjcUtDg=s800-c-k-c0x00ffffff-no-rj,,"Lifestyle (parent topic)|Technology|Knowledge"
326,UCorVW2y582wH69OIN1OMlIg,"Caça e Pesca (Java Minas)",,2013-11-29T18:58:32Z,,,0,13,0,https://yt3.ggpht.com/evwW4d9WLmgAXXcRgOduNRlVnAh7XaY7RO7sKm_iN7qNoSy3WUc7rJcCasLZ0yrbEFVVntxP0RE=s800-c-k-c0x00ffffff-no-rj,,"Sports (parent topic)|Vehicles|Motorsport|Lifestyle (parent topic)"
327,UC1KwotdhNnByHujtZNUctlA,"Java Beamers","Sunil Shekhar is a programming expert in JavaScript, Web Designing and Development using React.js and Node.js. He is presently working as freelance web developer. Sunil has been in teaching profession for many years has taught thousands of students of B.Tech, MCA, BCA and O-Level. He is well known for teaching coding in a funny and interesting way. So Coding is no more a boring thing. Through this channel he is starting to teach on-line so its a good opportunity for beginners as well as experienced professionals who wants to enhance their coding skills. So you're welcome to Sunil's School of Programming the right place of learning programming in languages like JAVA, JavaScript, C++, C DBMS like MySQL and MongoDB. You will learn to create web applications using React.js and Node.js. SPA's using React.js. You will learn Core Java, Advanced Java, Data Structures using Java all in depth but in easy-to-understand way. You will also learn OOPS concepts using C++ and Java ",2023-06-14T13:27:53.844633Z,,IN,1006,54,24,https://yt3.ggpht.com/wzAZir8Pp5phAmGt58j7VytkerQ9B6mohOmIYL9QZFKpddA7qiThhSylC0I7PPFY5zUGBebYYMI=s800-c-k-c0x00ffffff-no-rj,"Programming|coding|java|C++|O-Level|BCA|MCA|learn coding|web development|Data structure|Programming with Sunil","Technology|Knowledge|Lifestyle (parent topic)"
328,UCry2k2tK5K4dHbsuKwGuFUw,"Code With Java","💻 Welcome to code with me! Here, you’ll find easy-to-understand tutorials on Java programming, coding basics, and problem-solving. Whether you are a beginner just starting your journey or a student preparing for exams, our videos will guide you step by step. 🔹 Learn Java concepts with examples 🔹 Practice programs for school/college 🔹 Clear explanations in simple language 🔹 Helpful for ISC, CBSE, and beginners in coding Subscribe now and start your coding journey with us 🚀",2025-09-02T16:30:49.041093Z,,,18,2,1,https://yt3.ggpht.com/f9szHcg4PhCFZKD3Jb03vRiKPDDUnadfV3T3ZCA-_UeLXwzFrr10S_ugG4h-MOFReAAZjrgnx_A=s800-c-k-c0x00ffffff-no-rj,,
329,UCfoePdbzKJp6JrL_MmQxykg,"Java Ocean","Welcome to Java Ocean! 🌊 Dive into the world of Java with quick, powerful, and beginner-friendly shorts. Whether you're just starting out, preparing for interviews, or brushing up on core concepts — we've got you covered in under 60 seconds! ⚡ What you'll get: ✅ Java basics explained simply ✅ OOP, Collections, Streams, and more ✅ Java 8+ features (Lambdas, Streams, etc.) ✅ Common interview questions & real-world tips 💡 Perfect for students, job-seekers, and busy developers who want to learn fast — one short at a time. 🔔 Subscribe now and ride the wave of Java mastery! ",2024-11-12T05:33:54.079266Z,,,39,9,2,https://yt3.ggpht.com/mwGxevnEVgs1YeRYNJPFaM9Ldsyy3O91Q9t7yLz4svcK1nbXrctoBcpntG5ysJfcnAUAFysm=s800-c-k-c0x00ffffff-no-rj,,"Technology|Knowledge|Lifestyle (parent topic)"
330,UCO0PV8rN-uzwLsxyhILt7Xw,JAVA-360*,,2024-09-24T16:17:31.138394Z,,,58,7,5,https://yt3.ggpht.com/h4fBmIAKMzKZXNLVhv_Z611ul-agwFkitw8Uz7mPIE5Z0jbQY6QyGKeZ_USEqiziNaXfMVbETPU=s800-c-k-c0x00ffffff-no-rj,,"Technology|Knowledge|Lifestyle (parent topic)"
331,UCULl99IiQvhmVI6H_cc7Y6g,"JAVA ETíLICO",,2023-04-24T10:13:25.428861Z,,BR,4776,124,3,https://yt3.ggpht.com/9I2gNRPjbQqP2rh9rPlF_DwoCFXEXMwuuzJdI4mBM3tvKkln2cbEzxzGi7S0pNr_mtpc8002=s800-c-k-c0x00ffffff-no-rj,,"Lifestyle (parent topic)|Technology|Knowledge"
332,UCgntDXvIlVBG_eG4i5HrEcw,"Java Assignment Help","Java Assignment Help is a computer science online forum which will help you with your Java studies. Our Java Programming & Projects panel instructors are well-educated and experienced. They are freelancers from the world's best universities and schools. Java Assignment Help also provides online tutoring, project assistance, homework assistance, and assignment assistance in all computer science subjects to students all over the world. We provide one-on-one and community online task assistance. Finally, java assignment support has a wonderful Customer Service team that is available to assist you at any time. Services Java assignment help Help with javascript SQL assignment help Python assignment help DBMS assignment help R assignment help. ",2018-12-11T09:51:50Z,,US,32065,134,267,https://yt3.ggpht.com/ytc/AIdro_kFGwbciR5w_V_Hs08WwHgxJilIATC1LXVIbMKCjkQkj5E=s800-c-k-c0x00ffffff-no-rj,"java|programming|Java assignment  help|help with java assignment|java homework help|java programming help|java programming|programming assignment help|programming help|programming languages","Lifestyle (parent topic)|Knowledge|Technology"
333,UCQycPKoLcDe7koSNMxQBMog,"Java learning skills "," Learning Java video 📷: Complete Course 💯 Note : HTML, CSS, JAVASCRIPT Project work : Learn to build a real-time messaging Chat App using React, Socket.io, Node.js, Redux-Toolkit, and MongoDB with responsive. This tutorial series covers everything from setup to implementation, offering valuable insights and practical skills. Whether you're a beginner or an experienced developer, start learning to take your React and Node.js expertise to the next level! Subscribe now and start building your own real-time messaging platform. __________________________ Subscribe now : @JavalearningskillsOfficial __________________________ Code : Github : Assets : Web Development Project : E-Commerce with firebase : • Build a COMPLETE Fullstack ecommerce ... E-Commerce with MERN : • Full Stack E-Commerce Responsive MERN... Full Stack (Social Media) : • Full Stack Nextjs App with Auth, Like... Complet😄 e 😄 CRUD 😄 Operation 😄 MERN 😄: plete 😄 CRUD 😄 Operation 😄 with 😄 Nodejs 😄",2024-06-16T09:26:24.36428Z,,IN,297,8,84,https://yt3.ggpht.com/ytc/AIdro_mhsmnYE8s43yKvrOUEuO15ubUhsinTg2sCvnzOqI9_bv10vBFKsBHnJGDP5ESWQFEWmg=s800-c-k-c0x00ffffff-no-rj,"Java -Skils","Technology|Knowledge|Lifestyle (parent topic)"
334,UC5QxZn1tdZrri0ATWMtqd1w,"Java Hyttinen",,2015-04-16T04:50:54Z,,,0,15,0,https://yt3.ggpht.com/ytc/AIdro_lguXN4Pd6crxdcmlhztDEcRMs3Lyljteyt2I6pPATeq5g=s800-c-k-c0x00ffffff-no-rj,,
335,UCPD09q-rn83KzESX-8bSAaQ,"The Java Spot","Hello Dear Student We are here to teach you the Java program in the best way. If you are beginner so come and join our channel you will be the best programmer in Java there are three teachers named MD Modassir ,Kumar Abhiroop and Kumar Tanmay. There are so many programming question that will increase your understanding capacity and we will also help you to run the program in your mobile as well as PC or laptop. Our way of teaching programming is so cool so you can easily understand the Java programming language.We are also students and we know that where students got confused and we will your dispel confusion. ",2024-06-09T04:21:22.753889Z,,IN,506,33,6,https://yt3.ggpht.com/SenkKaUVXG77DEfM4lPC2ndYP5_fS_JIb9ta11XGuZ6qHuTmxUzPkMvZA38JRWYB_qLaIMDKkA=s800-c-k-c0x00ffffff-no-rj,"Teaching|Computer|Java|Programming|THE|JAVA|SPOT|THE JAVA SPOT","Lifestyle (parent topic)|Knowledge|Technology"
336,UCZSxQSXFtU9xXeCtZLQG-Wg,"Java grafite",,2020-05-09T02:37:37.121637Z,,,12,2,2,https://yt3.ggpht.com/ytc/AIdro_lvY7b6wIObnodS0xcO413lgNgYN-eWHiq0rSt5LuLQHjQ=s800-c-k-c0x00ffffff-no-rj,,
337,UCMjz62tjChmTMhUEAl_sJDw,"The java","pls donote vidoe ",2024-05-17T11:17:16.502618Z,,,24,10,2,https://yt3.ggpht.com/QsFrDARL7axzZ5OmX5IbySdkmfWKBQHT1r_NxMVBnqtET8ZjtqQlkmhpU-OLUKC-f9YrTDfoc3I=s800-c-k-c0x00ffffff-no-rj,,
338,UCuivegjcsqAUnndWHe9FqEA,"Java Rockmantic - Topic",,2022-06-18T11:19:35.254443Z,,,446,49,2,https://yt3.ggpht.com/zj0i5WXt_DcWVg1fRfACHuK27WDW8j2zofR4hLKfGP4FFXaU0w6rqdB6yWTem6cLwCbG59t2Ew=s800-c-k-c0x00ffffff-no-rj,,"Music (parent topic)|Rock music"
339,UCXxaMFx8p5k1OMLtBCyl0Cg,"Code Java Decode","We create Content related to computer education!!! JAVA Coding Tutorials",2023-05-15T17:09:22.89387Z,,IN,161,15,6,https://yt3.ggpht.com/nDUE3-sa5hjrh5d3ziO6hhAcgoeqa-4pU4WE2rEJkzo6TOsTWBD2izV4eiFXV19UPM7eUKm5=s800-c-k-c0x00ffffff-no-rj,"JavaDevelopment|ProgrammingLanguage|SoftwareEnigneer|B.Tech|ComputerScience|computer|software|computer basics|computer class|ncert computer|computer hardware","Technology|Knowledge|Lifestyle (parent topic)"
340,UCE-UK0_0LzQc4Ze5A05KUYg,"Controlador De Java","Controlador de animal exótico Javali/Java porco",2020-06-14T16:14:04.451033Z,,,1147,49,16,https://yt3.ggpht.com/cVPLYtzrkd8u3YofYXe333827OXeJvFB_71FbjdLVB3nrpq9hZsAyIDpBFGKO_7fsv5Pwsk1DQ=s800-c-k-c0x00ffffff-no-rj,,"Hobby|Lifestyle (parent topic)"
341,UCLzgCSN3vSADpTTp8qta6iA,"Java Reggae","Neste curso, você conhecerá as propostas tecnológicas da plataforma Java e obter sua primeira experiência com a linguagem de programação. Let's Go",2016-04-14T19:16:36Z,,BR,27531,41,19,https://yt3.ggpht.com/ytc/AIdro_neljZ65r0hukYsepeiuXHC-Kk__B0KLKW_WFRMQpNy4A=s800-c-k-c0x00ffffff-no-rj,Progamador|Futuro,"Technology|Knowledge|Lifestyle (parent topic)"
342,UCLbNa2ryHL4py5Hpd78iWig,"Java For Beginners","This channel helps fresh graduates or people who are under graduate can learn Java Concepts in detail.And also People from any other programming language like C etc, Even professionals can learn this.",2020-06-16T06:10:24.523107Z,,IN,20423,106,6,https://yt3.ggpht.com/ytc/AIdro_mXlGkdVHJVeAqsWmbkhYI2D0GW-6pzqEiixf0mBJnsgw=s800-c-k-c0x00ffffff-no-rj,,"Technology|Knowledge|Lifestyle (parent topic)"
343,UC6DziSaNxYPa1VTKA-ujGZA,"From Java With Rock - Topic",,2025-03-05T01:42:50.854516Z,,,3021,10,3,https://yt3.ggpht.com/XMYIUQDmpzhM8ZleWT7EFOdsRbzW8fG9-U3DtuQKxv98sn0HgPx8KbkecStcQT9xrIivInBmFPc=s800-c-k-c0x00ffffff-no-rj,,"Music (parent topic)|Rock music"
344,UCQ7hachX1wkJAS0MXZvEA3Q,"Davira Java Musica",,2025-12-22T02:27:00.083265Z,,,30372,514,14,https://yt3.ggpht.com/ytc/AIdro_mmsD-lV1KwwETxT6mmremZdbV8RUlIGafNT-jYKHLRNAtUV3Th-FV9QR6jqDcCNsX9gA=s800-c-k-c0x00ffffff-no-rj,,"Lifestyle (parent topic)|Pets"
345,UCDP0v_aLnvJf80CSYAEdfTw,"Java Boy","Um programador Java",2025-02-15T22:41:03.656729Z,,BR,152,1,15,https://yt3.ggpht.com/32511ILxZJmwLgqjpLzn80arAKv-fa57ujwLg5vhiDolNzjDnNP17Q9yHcFB7vILZ2p3l4rOXg=s800-c-k-c0x00ffffff-no-rj,,"Technology|Knowledge|Lifestyle (parent topic)"
346,UCZFbjT2U53hppMBFcA3Xs2w,"Java TV Jakarta","Selamat datang di channel kami 🔔 Jangan lupa SUBSCRIBE, aktifkan notifikasi, dan dukung kami agar bisa terus menghadirkan konten yang bermanfaat. semoga harianda menyenangkan ",2025-12-24T01:44:55.088541Z,,,0,0,1,https://yt3.ggpht.com/W4pwCRwEFQmqchTn7D4w3pMRWzEe6j4D7dcf-YW8Ey-EzgMlvHUqEsFPUNBn4txsofxNE2is=s800-c-k-c0x00ffffff-no-rj,,
347,UCpHdSCnVe-4ADfRjBordopw,"Java TV Jakarta","Selamat datang di channel kami 🔔 Jangan lupa SUBSCRIBE, aktifkan notifikasi, dan dukung kami agar bisa terus menghadirkan konten yang bermanfaat. semoga harianda menyenangkan ",2025-12-24T01:48:24.667852Z,,,0,2,1,https://yt3.ggpht.com/jtImqybkiJR0CPhS82wieGxbgN8n7KAtDv7vq34j9B0lRVOG80jKRTcLIbBUgiuD7TyxJQIi3g=s800-c-k-c0x00ffffff-no-rj,,
348,UC7sh8jBhxB4ohTEkbUNwoCQ,"Java TV Jakarta","Selamat datang di channel kami 🔔 Jangan lupa SUBSCRIBE, aktifkan notifikasi, dan dukung kami agar bisa terus menghadirkan konten yang bermanfaat. semoga harianda menyenangkan ",2025-12-24T01:53:04.145882Z,,,0,0,1,https://yt3.ggpht.com/BDNvEsNRb7dzX43vUYQmsUd602NlROnSQSQEnHx9Pg49HdceUsrYnZdWb4m52og8rKcT2wfF3Q=s800-c-k-c0x00ffffff-no-rj,,
349,UCQi19BHqhRKmqir_Ypt4Oxw,"Java TV Jakarta","Selamat datang di channel kami 🔔 Jangan lupa SUBSCRIBE, aktifkan notifikasi, dan dukung kami agar bisa terus menghadirkan konten yang bermanfaat. semoga harianda menyenangkan ",2025-12-24T02:04:16.960439Z,,,0,0,1,https://yt3.ggpht.com/aJ_etC06p6DVKceTnkl6WWDsZv8wDxrkF2Ziem6p54jFufttVfdtIROgqpCzmyp0GT0VPXn3Kw=s800-c-k-c0x00ffffff-no-rj,,
350,UCe0hsQ4Xh2k8SWu86W3G2CA,"Java TV Jakarta","Selamat datang di channel kami 🔔 Jangan lupa SUBSCRIBE, aktifkan notifikasi, dan dukung kami agar bisa terus menghadirkan konten yang bermanfaat. semoga harianda menyenangkan ",2025-12-24T02:11:23.440989Z,,,0,0,1,https://yt3.ggpht.com/cBwLZx7MdGs4shdSZKKHCs8_us_BB9efVzrQGGm6wfXRFAq1RHmxkinE8DqE9K1lwJwE8tyL3A=s800-c-k-c0x00ffffff-no-rj,,
351,UCRKC-e29YWkYVAhSC32HQ7Q,"Java TV Pusat","Selamat datang di channel kami 🔔 Jangan lupa SUBSCRIBE, aktifkan notifikasi, dan dukung kami agar bisa terus menghadirkan konten yang bermanfaat. semoga harianda menyenangkan ",2025-12-24T02:22:58.216899Z,,,0,0,1,https://yt3.ggpht.com/dU1F2s1jsulBaRFCUltwOvxTr4SVD8isgG0iSacVDa8kdMooV5I0ZTHn2JlgoKJKJSa0gUSk9A=s800-c-k-c0x00ffffff-no-rj,,
352,UCPxj4GbdKKQqA72XzY53mWQ,"Java TV Pusat","Selamat datang di channel kami 🔔 Jangan lupa SUBSCRIBE, aktifkan notifikasi, dan dukung kami agar bisa terus menghadirkan konten yang bermanfaat. semoga harianda menyenangkan ",2025-12-24T02:30:12.853699Z,,,0,0,1,https://yt3.ggpht.com/DIx1qe6l0iq7L8vS1IUMwuC0UEeL2RtPBWoeoGEhtFf_xGbzdZhpnq9wNQKngB_-qIw4MwsHpA=s800-c-k-c0x00ffffff-no-rj,,
353,UC4hQ73PZ-4GzC5ZnzUK9f-g,"Java TV Jakarta","Selamat datang di channel kami 🔔 Jangan lupa SUBSCRIBE, aktifkan notifikasi, dan dukung kami agar bisa terus menghadirkan konten yang bermanfaat. semoga harianda menyenangkan ",2025-12-24T01:38:08.198462Z,,,0,0,1,https://yt3.ggpht.com/XPeV_rcC3fFtLemS5YCmaUfYuPDJih2j5MfHFO5T9h1JK53SY2IjWvnk-mxFzbb5bUkGOrkE=s800-c-k-c0x00ffffff-no-rj,,
354,UCYkjuRzbk0YoQipcOSutqcg,"JAVA TUTORIALS","Welcome to the world of java programming language. On this channel learn how to program in Java and find videos on java interview questions. ",2022-10-05T17:22:39.963765Z,,IN,187,2,4,https://yt3.ggpht.com/gkow7kzQ30ms-X3woM_kRDgJFJrdnvwEWypY3puD5mPahBe59DiUhKp7WQmgiXRfGyUzaqWr=s800-c-k-c0x00ffffff-no-rj,"JAVA TUTORIALS","Technology|Knowledge|Lifestyle (parent topic)"
355,UC8o9ISKTQunC_iFv-2la-5Q,"Hi Java","THIS CHANNEL WILL BE ABOUT PROGRAMMING LANGUAGES,ALGORITHMS,DATA STRUCTURES,MATHS,PUZZLES AND MUCH MORE THINGS.",2020-06-21T19:06:45.206405Z,,IN,6,2,1,https://yt3.ggpht.com/ytc/AIdro_kNTlJez8_rFOkKLu-tJhRTh77ew_SuZ_F6Thj5E3KeJg=s800-c-k-c0x00ffffff-no-rj,,
356,UCuTzl-SuLleikXovF44QwUg,"JAVA HACKER","LEARN JAVA 🧑🏻‍💻 PROGRAMMING 🗿 CODING 💀 DEVLOPMENT 💪🏻 HACKING 😈 GAMING 🎮 HELLO EVERYONE 👋🏻 WELCOME, TO MY CHANNEL JAVA HACKER @JAVAHACKERYT IN YOUR EASY LOCAL LANGUAGE WITH FULL EXPLANATION,FUN AND EXAMPLES 👍🏻 WITH PRACTICAL EXAMPLES✅",2025-10-28T00:37:46.441108Z,,,96,8,3,https://yt3.ggpht.com/jnNzAmND6w-sQ-EokTkHysUhvYNqhL08j-MlJppJ0J9AAf89oTuu0Ld9OveGLqX1OuTUUUpbKH4=s800-c-k-c0x00ffffff-no-rj,,"Knowledge|Technology|Lifestyle (parent topic)"
357,UCP69STgEW8s0-w3OdsxGqCg,"Hussein Java",,2025-12-27T23:37:55.221617Z,,,14,3,6,https://yt3.ggpht.com/-QkfvHg0iOh1rFv7IzkX1VJHQ6rohUC_UmW0i1vsFvIbwswV1F1ETDi-GkqHU402a25ZM-m5EA=s800-c-k-c0x00ffffff-no-rj,,
358,UC3Fobbtsqo7P5F4QhdVAAMQ,"SCRL JAVA","Learning Java made as easy as scrolling through shorts.",2025-06-28T08:35:39.647205Z,,,6002,43,9,https://yt3.ggpht.com/V4r871k_FGpGAIuWTqG0Qh_MT9izoPFCE3jI2sPPMNMyCjmczkxzyXI_R-Pw09qBGgpYmjKpz7A=s800-c-k-c0x00ffffff-no-rj,#programming|#programminglanguage|#programminglanguages|#program|#python|#java|#c++|#c|#programmingforbeginners|#beginners|#coding|#codingforbeginners|#shorts|#youtube|#youtubeshorts|#google|#softwareengineering|#yt|#yt:cc=on|#programmer|#javascript|#learntocode|#bca|#btech|#googleinterview|#highlevellanguage|#machinecode|#binary|#lowlevellanguage|#trending|#viral|#javaprogramming|#sunmicrosystems|#computer|#cs|#computerscience|#hardware|#software|#hardwaresoftware|#education|#javashorts|#BE,"Lifestyle (parent topic)|Knowledge|Technology"
359,UCkQ3yfQOtqNzANrwDKojoyA,"Java TV Jawa Tengah","Selamat datang di channel kami 🔔 Jangan lupa SUBSCRIBE, aktifkan notifikasi, dan dukung kami agar bisa terus menghadirkan konten yang bermanfaat. semoga harianda menyenangkan ",2025-12-23T02:34:07.895482Z,,,0,0,1,https://yt3.ggpht.com/92mg3CQFJP_-Bo_L5TpEJBdiPccknlA5x1HyIWfUcH4Ymss9PLGz2DC1uddpw3D5IRvExCXhsQ=s800-c-k-c0x00ffffff-no-rj,,
360,UCJZxT5pnmyxkHqbUjVuceEQ,"Java TV Jawa Tengah","Selamat datang di channel kami 🔔 Jangan lupa SUBSCRIBE, aktifkan notifikasi, dan dukung kami agar bisa terus menghadirkan konten yang bermanfaat. semoga harianda menyenangkan ",2025-12-23T08:20:26.85433Z,,,0,0,1,https://yt3.ggpht.com/1s1vivaeQDeaqPI9BMxc0Lt6EH2BeEoNfoOh_1SQ-ds0zVsbL4H2a82zkUPO5u3OJHYga319fA=s800-c-k-c0x00ffffff-no-rj,,
361,UC1eFKqtWgy5IuI-LGSwOn0A,"Java TV Jawa Tengah","Selamat datang di channel kami 🔔 Jangan lupa SUBSCRIBE, aktifkan notifikasi, dan dukung kami agar bisa terus menghadirkan konten yang bermanfaat. semoga harianda menyenangkan ",2025-12-23T08:15:30.742268Z,,,0,0,1,https://yt3.ggpht.com/RyA7j2Cr6lSHYfPd1vFk2bTq1Uooq9hzT8pu6jfNtJX_vT9d2tsSO1Ay8ZJJSGgShEFFlTY3=s800-c-k-c0x00ffffff-no-rj,,
362,UCt1rq8HyLUsqbKOSlK7g6Fg,"Java TV Jawa Tengah","Selamat datang di channel kami 🔔 Jangan lupa SUBSCRIBE, aktifkan notifikasi, dan dukung kami agar bisa terus menghadirkan konten yang bermanfaat. semoga harianda menyenangkan ",2025-12-23T08:31:07.771356Z,,,0,0,1,https://yt3.ggpht.com/XQy7PNyUh6WycX2T200IRFDnEThZVIPlRqQhmosaf6Brey8eQ0G6_zCzkatTxu2aI8EJ287bEdk=s800-c-k-c0x00ffffff-no-rj,,
363,UCyaBSFS3g8tS2h_THWfIQSQ,"Java TV Jawa Tengah","Selamat datang di channel kami 🔔 Jangan lupa SUBSCRIBE, aktifkan notifikasi, dan dukung kami agar bisa terus menghadirkan konten yang bermanfaat. semoga harianda menyenangkan ",2025-12-23T08:37:08.234104Z,,,0,1,1,https://yt3.ggpht.com/WHoxmj0Qn8KSJBM3HkhgVEqrwZ4OVXGiKG2WO5svNdvKWlX0tw83qKGjvBJaNX_eY67oSzLfcA=s800-c-k-c0x00ffffff-no-rj,,
364,UCP_yhTyb35AozFKRwSsFaLQ,"java soul official",,2018-03-08T22:43:41Z,,,2283,130,2,https://yt3.ggpht.com/ytc/AIdro_lLfmbL_8nopcr9REsKlcLFum6U5yp6J1rRShkVHxpjGbUw=s800-c-k-c0x00ffffff-no-rj,,"Music of Latin America|Music (parent topic)|Christian music"
365,UCFf7T6A97civytfgURkqa4w,"Let's learn Java programming","Hello, I'm Sarwary and I've been learning programming for 4 years. I'm currently doing further training to become a programmer and I'm sharing with you what I've learned from Java programming. If you have any questions about Java programming, feel free to send me a message.",2025-01-22T10:10:34.996444Z,,DE,140,7,18,https://yt3.ggpht.com/JgDLk6hQHQdbcwR2C_LCZqx82Sgo96Sd6thsEmkff_1nHQBrFaJDlyCDf1FcZ-ChMWivTGnx2A=s800-c-k-c0x00ffffff-no-rj,,"Lifestyle (parent topic)|Knowledge|Technology"
366,UCot59owL7FYfkS8y0dPGQQg,"DÉRCIO JAVA","O MEU CANAL É SOBRE VLOGS EU FALO E MOSTRO MAIS SOBRE A MINHA ROTINA,ESPERO QUE GOSTEM... INSTAGRAM:@DERCIOVLOGS TWITER:@DERCIOVLOGS",2019-06-01T07:41:48Z,,AO,0,51,0,https://yt3.ggpht.com/ytc/AIdro_kRFol7aA_KsU-BEZ5q6WWlNto9jcsGNUCQYlhazYO5IA=s800-c-k-c0x00ffffff-no-rj,,
367,UC9BvBPdEJ_DypmS-woQ6i2Q,"jogos Java mobile BR","Iae galera se escreve no meu canal se ainda não e escrito se escreve pra gente começar nossa dominação Aqui no YouTube",2020-01-26T15:02:11.930252Z,,,85,1,4,https://yt3.ggpht.com/ytc/AIdro_nNuUkJDm1aspeh60zxOixUkNyimdMELyXJk5oi12UoEoI=s800-c-k-c0x00ffffff-no-rj,,"Action game|Action-adventure game|Gaming (parent topic)|Role-playing video game"
368,UCRpxEoqgLKnj6TUFG0QLirQ,"Java Manika - Topic",,2023-03-06T11:24:09.621026Z,,,19538,79,10,https://yt3.ggpht.com/w_nvPI71Bk9JWUryMbHOnsWUPrsd-8YL5D1w1O-KkRIjLiozPHZ_2Peu5B55PcTt1L6NSwZnPg=s800-c-k-c0x00ffffff-no-rj,,"Music (parent topic)|Electronic music"
369,UCYLEMdE7aAMi2WEtWgR8_Pg,"Alessandro & Java - Topic",,2020-03-27T18:53:30.99766Z,,,46,0,1,https://yt3.ggpht.com/gtUXry1kH7PjF_1GavHG-IWIe21ZEF5R4EH9vgC_CiN6AS_ieI4AJ7j5gsNzHk_8clmJ_XjGSA=s800-c-k-c0x00ffffff-no-rj,,
370,UCqoMJisB3GYSWNPlLEK8XTw,"Samsu Java",,2025-12-28T02:38:46.611315Z,,,0,0,1,https://yt3.ggpht.com/ytc/AIdro_naVtQgGqLR2mEJBYsUptJWeahbG_5vnBCPaDOqBcwUdRBL6bJjSCLq-kGRbS6uIBwmZQ=s800-c-k-c0x00ffffff-no-rj,,
371,UCa9nhm6O_6_FmuqoerG6pIg,"Java kayagil","guys. hi my name is javad know that I will never forgot you your all are in my heart know that my favorite YouTuber is mete kayagil I am from azerbaycan my friends are tungey alpar khalil emil and javad javadzade",2025-07-08T16:35:58.49141Z,,,15439,53,115,https://yt3.ggpht.com/_v4Q_2RFYjozacN3mP0D1GyhWvua68ZCnc1CxjkDIrvEddy1qRTwbfOIOL07tOG94qqZC1bzVw=s800-c-k-c0x00ffffff-no-rj,,"Entertainment (parent topic)|Gaming (parent topic)"
372,UCsOAfKeKbtdW8CT37SzuOaQ,"Java Filming","Goals: 50 Subs ✅️ 100 Subs 200 Subs 300 Subs 400 Subs 500 Subs ",2025-05-24T00:59:45.546588Z,,,9968,53,11,https://yt3.ggpht.com/aI9uit6EobSfl55CtdtkDKT8LRBvk1FYJtY3tRr0v_oKGlKGE3LOI1Jq5xlBd99AZJXtsORlOA=s800-c-k-c0x00ffffff-no-rj,,"Gaming (parent topic)"
373,UCHvBz9xCT3ThAySzpkQo4NQ,"Equipe ENCRENCAS do Java","Abate de javalí legalizado ",2017-11-09T01:37:47Z,,BR,203146,1270,47,https://yt3.ggpht.com/wAZXSx_nOSQuJabb-pC49HrpTpjvq-ldfTnVof7V0unKsc90HOxbrhegnA3fW-3Usb2mNV0K3w=s800-c-k-c0x00ffffff-no-rj,"Controle de java porco|abate de javali|caça de javali legalizada|controle de javali com cães","Pets|Lifestyle (parent topic)|Hobby"
374,UC5S1TV_jUUlOQsou4godB_g,"Programming Skill Using Java Language","Here we are teaching Core Java (Object-Oriented Programming) step-by-step. Easily you will understand Java programming. You will be also able to create Java programs yourself and you will become a Java developer. ",2022-01-20T10:59:53.670283Z,en-IN,IN,1592,24,25,https://yt3.ggpht.com/cufzn6TbSqmZ2mdPO6lsKObW8-BReDxV_wUT9rzM9VE4Z1tumrxeZ3k6qCj8uF3j0FiRQar4tA=s800-c-k-c0x00ffffff-no-rj,,"Technology|Knowledge|Lifestyle (parent topic)"
375,UCl7Tyf6WG9FICnSP6ZSIrRQ,"java music","obuna boling #laki",2025-03-04T04:09:39.125435Z,,,1854,79,26,https://yt3.ggpht.com/iZfeiJgYGFxpy-AvXwkoHENmjxeb-j2VXQPNlaJ8TbY1eX7T9O6qcDU1YGOA4tG-0yzej989=s800-c-k-c0x00ffffff-no-rj,,"Hip hop music|Music (parent topic)"
376,UCvOfxY9OaUlI5I3wRXlQ-ew,"GOJava Grupo de Usuários Java de Goiás",,2020-04-23T18:19:34.103721Z,,,127,23,1,https://yt3.ggpht.com/ytc/AIdro_nZtVbf476t0D6zfptd4mldh3D-SB7Fs6PaTGNNtNl_3w=s800-c-k-c0x00ffffff-no-rj,,
377,UC8XsclJ3dFCFYdDHhkjgl8g,"MinelandMC - Java e Bedrock","Venha para o MinelandMC! Java e Bedrock https://discord.gg/Hh3CTgasJA",2025-07-17T21:01:39.026321Z,,,2354,7,2,https://yt3.ggpht.com/m9CCsyH9Ta8z_Cb1TmJBaD9zSSx5Sp6LXV-q9H4Dt9huwl9vjBr0nmmJps4yr67BfiyhhSPmww=s800-c-k-c0x00ffffff-no-rj,,
378,UCjsvCRqqjrl8enT0Y9Vok4A,java#roblox,,2025-10-17T09:18:55.592188Z,,,8773,75,6,https://yt3.ggpht.com/ZqkTsPRXPXnzZbf5PIOAnPqkFmZchY0wU-zZvwHxm9_66r1U0SjtKX1DrLw1-xUD9VMctJfA=s800-c-k-c0x00ffffff-no-rj,,"Sports (parent topic)"
379,UCwwPGF3nuKiJmppPBNutxrA,"java geimer",,2020-11-11T17:12:02.301703Z,,,53,1,6,https://yt3.ggpht.com/ytc/AIdro_lVpKiG-X9zl1GWHuLJVGiJdqN4PFkHA3zjtcnbfSdhR-o=s800-c-k-c0x00ffffff-no-rj,,"Action-adventure game|Gaming (parent topic)|Role-playing video game|Action game"
380,UCCZAAHbYqK0PbjZRwOt6Hgg,"Queendhira Java Mutiara - Topic",,2025-01-30T10:24:54.379187Z,,,614,6,30,https://yt3.ggpht.com/6lm3ccR9ZhL9RpU-8PwAlR8RqwFrLRDtBCQN29NDDjOCdJ3jWmwbqvYbFQiCrHhIQmcRsxzp810=s800-c-k-c0x00ffffff-no-rj,,"Electronic music|Music (parent topic)"
381,UCINXrrILwg9hc1ZzAWLO_kQ,"Java Costa",,2015-05-22T20:33:52Z,,,30,3,4,https://yt3.ggpht.com/ytc/AIdro_kHhp8qZy87f43dlsdS3Z6KgZInLGa-7Eph5whiX3c=s800-c-k-c0x00ffffff-no-rj,,"Music (parent topic)|Music of Latin America"
382,UCfT-i3LUXFhwSoepInfpThQ,"KSMP JAVA","Inspiração de QSMP, KSMP é um servidor Brasileiro de Minecraft Java que abrigar entre 20/30 pessoas no servidor caso queira participar vá na nossa rede do TikTok ou entre no nosso servidor Discord: https://discord.gg/vfuXVa9uNt",2023-06-28T03:36:03.746009Z,,,419,3,1,https://yt3.ggpht.com/9wochWMMG06ihD6eFRzPfvCsOqlmEfxy2Bq-yhaIfcXJ7siv1oktkFhNfUD219Puk5Cl9spg=s800-c-k-c0x00ffffff-no-rj,,
383,UCrChijg4f9bOCPP5Ishr47g,"Java. craft. video ","More. Videos🫠",2020-10-17T11:41:53.056554Z,,,0,16,0,https://yt3.ggpht.com/LUD4kfFuixChWaXlu2nm9l0OL23S4HM6-FkrAY3SHwyWGP3qcCM7YsaRu0eMu5pMTuP92Thn=s800-c-k-c0x00ffffff-no-rj,,"Electronic music|Gaming (parent topic)|Music (parent topic)"
384,UCGA2ABQ_3VDBiRcBYOvUYeA,"Java SpeedRunYT","I love Java ☕️.",2015-05-12T16:14:16Z,,,0,3320,0,https://yt3.ggpht.com/fP67_8lMkiokj_LYjLBgciO9vjKIEEDzIrmQUMTmaFE8R2yrL8Lz2Igz8b8uMgiEg6Mf5eJj=s800-c-k-c0x00ffffff-no-rj,,
385,UC-IlVF2DlvzNlGmMAwFyQ3w,"Liga Java A y B",,2025-12-27T20:57:16.997998Z,,,310,1,3,https://yt3.ggpht.com/4ncZSa1WOkhJ_f5myE8KAXIQVmBCt-vzmKIu16JajOL1zIHPKrqZUaM1er7fadiSO9EL4eQdBpM=s800-c-k-c0x00ffffff-no-rj,,
386,UCH-hD6CqvfkKz1-Ty4mlwjw,"Chewbacca Java","Se você gosta de vlogs, gameplays, tutoriais de alta qualidade, se inscreva no canal, BatataDoce é bom...",2016-05-28T23:25:35Z,,,94,12,5,https://yt3.ggpht.com/ytc/AIdro_k6MLCLAte4lSkXjpXGuC7WRL8zzRZya_iSy9JnpOdc1dc=s800-c-k-c0x00ffffff-no-rj,,"Lifestyle (parent topic)|Technology|Knowledge"
387,UCfnI4dH_OxI5J_hI1guV2Kw,"Lato Java Briguesferio","Se inscrevam curtam compartilhe e mandem desafios whats 19989006599",2018-01-30T23:18:10Z,,,295,6,2,https://yt3.ggpht.com/ytc/AIdro_ktV4zg2UBv6YZ9LfUXjdMR3EM1XsBxOaQ50fDG-Tf11A=s800-c-k-c0x00ffffff-no-rj,,"Music (parent topic)"
388,UCQ88Bs6TRAtNPL313qC_IgQ,"Gabriel tch java Gnorante",,2025-03-20T16:38:17.119088Z,,,58,1,4,https://yt3.ggpht.com/ytc/AIdro_n729880_hRzWesqCNbjV-S1QJ4_iFXJI0ACNQ_amgCGeUQGLx96oMiJ7gJ4FbIrKVpqA=s800-c-k-c0x00ffffff-no-rj,,"Music (parent topic)|Hip hop music"
389,UC99jsif9nNsSc2Sk9VlsmaQ,"Python Java Javascript C# SQL MONGODB","This is a free platform for all who wanna learn any programming language. All videos are Udemy's paid course, but dont worry, here its all free. So keep learning.....",2018-01-09T13:49:44Z,,,405,3,29,https://yt3.ggpht.com/ytc/AIdro_n69BETzN5wfUn1q2nwGqbLipzXAoOElrVezcINgpsctg=s800-c-k-c0x00ffffff-no-rj,free|python|java|csharp|tutorial|from|udemy,"Technology|Knowledge|Lifestyle (parent topic)"
390,UCsEb0Hn-dJN7-yVTjyDv8bw,"Java Leilões","Toda Quarta - Feira Ás 19:00 Horas",2018-05-31T17:58:33Z,,,371,114,4,https://yt3.ggpht.com/ytc/AIdro_lSBgFN27DNSmF8t8czUKDncP2ti0EJ_QJ_fLVbWrf6aw=s800-c-k-c0x00ffffff-no-rj,,"Lifestyle (parent topic)"
391,UCB-jmSJywixthOP8zYlqAxg,"Real Java Experience ","Welcome to Real Java Experience — Java Interviews, MCQs & Backend Jobs (2025)! 🚀 Got a Java interview coming up? Nervous? I get it. I’m Bablu, and I break down real Java interview questions, backend challenges, and MCQs that top companies ask. Infosys, TCS, HCL, Cognizant — I’ve studied their patterns and built projects that match real-world expectations. On this channel you’ll find: - Step-by-step interview breakdowns - Daily Java MCQs & backend coding challenges - Honest insights into what interviewers look for - Weekly mock interviews & resume tips - Shorts with rare Java/Spring Boot questions in Hindi-English Why? Because when I started, no one shared the real backend journey honestly. I want to change that — with clarity, consistency, and real experience. 🔴 LIVE daily Mon–Sun at 9 PM IST. Let’s prep for real.#JavaInterview #BackendJobs #SpringBoot #JavaMCQ #RealJavaExperience #CareerGrowth #BabluCodes 💬 Like | 👍 Subscribe | 🔔 Share 💗",2021-02-19T16:01:40.030205Z,hi,IN,16941,2910,22,https://yt3.ggpht.com/FfARmGI-r1GnzRBfKQud1gJJP4bDUtL-TRkX26Byh4J2OrpM-H9IV6EZpL0AXL-BCAUBpIaCjw=s800-c-k-c0x00ffffff-no-rj,"engineer|job for java developer|reality of it job|java kaise padhe|interview ka preperation kaise kare|java ka job h kya 2025 me|reality of java developer|reality of software enginerr|pain of engineer|college student","Technology|Knowledge|Lifestyle (parent topic)"
392,UCre8ZJvZ9BDvX-Hpcg_aOfw,"The Java Quartet - Topic",,2021-07-07T23:45:11.687048Z,,,1085,0,34,https://yt3.ggpht.com/Ou77z9DlbFwpKFtv5TZv4SrZTADN56Cqe33vKfbyrCO2PIsmWNLWM93G8OdhqM6Ocm5jRiwLaw=s800-c-k-c0x00ffffff-no-rj,,"Classical music|Music (parent topic)|Jazz"
393,UCzUkT5Gdw-Ihmn0fw2eBe2w,"Gabriel tch java gnorante",,2025-12-27T22:24:00.98272Z,,,0,0,1,https://yt3.ggpht.com/ytc/AIdro_nxD7eTXBA5iUaLZmCQrPDXyKw9eMZ7JKRriegncRoCnn_XRrAEQ7ckpgil4YDZdF1_DQ=s800-c-k-c0x00ffffff-no-rj,,
394,UCqGVTXEdApNQ0zB4RVnk2bw,"Equipe inimigos do Java ARAXA MG","Controle legalizado de espécie invasora.",2024-07-24T18:52:35.364123Z,,,1054,9,5,https://yt3.ggpht.com/fjlsQUxsKv-k8BAVeK0Q-p4hiyTPB0GT06lGNZCXtEDCeNlvciOPwYVi_TfrkJmrYib9gUTYeOI=s800-c-k-c0x00ffffff-no-rj,,"Lifestyle (parent topic)|Knowledge"
395,UCWZr-yE1GD-jSEJMZUOkwcA,"Curso Java - Guia para Iniciantes",,2021-05-28T20:33:16.752096Z,,,133,0,18,https://yt3.ggpht.com/SeoZeDlDfMwWbmh6obCNDUzbR0DZgGlEZ0Q45UwYXUXQWv77KzinZUl2Bs2ZUfWy-fqTgHOiaA=s800-c-k-c0x00ffffff-no-rj,,"Technology|Knowledge|Lifestyle (parent topic)"
396,UCbaA8cKmc2igTSYbD2go16A,"Anderson Java Netimóveis","Este canal você vai encontrar imóveis a venda em Belo Horizonte e região Metropolitana. Instagram - meuimovelmg",2021-03-22T18:49:12.996286Z,,,760,15,4,https://yt3.ggpht.com/ytc/AIdro_kfxvpboSUcMj8Iy4a59dXV9XA7hLlQ3wV82bWkjA5QPQ=s800-c-k-c0x00ffffff-no-rj,,Knowledge
397,UCVtskaKFa3X9jMhXmaJMQTA,"java homework","සිංහලෙන් java programming ඉගෙනගන්න උත්සහ කරන අපේ අයට sinhala java tutorials තියෙන්නෙ ගොඩක් අඩුවෙන්.එහෙම තිබුනත් ගොඩක් channel වලින් ඒක මගදි අතඇරලා දානවා.ඒවගේම ගොඩක් java lessons වල කියා දෙන්නේ මූලිකම basic concept ටිකක් විතරයි. ඉතින් ජාවා සින්හලෙන් ඉගෙනගන්න ඔයාට මෙිකනිසා ගොඩක් අපහසුතාවයන්ට පත්වෙන්න සිද්දවෙනවා,මොකද ‍step by step complete sinhala java course එකක් හරිවිදියට එකම තැනකින් හොයාගන්න තියෙන අපහසු කම නිසා.මෙන්න මේ කාරනා නිසා සිංහලෙන් ජාවා ඉගෙනගන්න අපේ අය වෙනුවෙන් යමක් කරන්න ඕනෙ කියලා මට හිතුනා.ඒවගේම මගදි අතඅරින්නේ නැතුව,හරිම method වලට, මුල ඉඳන්ම හරිම සරල විදියට, basic concept වල ඉඳලා advanced concept දක්වාම ඔයාලට මගේ java homework youtub channel එක හරහා කියාදෙන්න මම පොරොන්දු වෙනවා.ඒ වගේම ඔයාට තනියම හිතලා ඔයාගේ java coding ටික කරගන්න පුළුවන් වෙන විදියට java පිලිබඳ හොඳ දැනුමක් ලබාදීම තමා java homework ‌අපේ අරමුණ. ‌මේ ‌චැනල් එක හරහා ඔයාට, #java_fundamentals #oop_in_java #java_packages #exception_handling #i/o_operations_in_java #java_collections_framework .etc. ඉගෙනගන්න පුළුවන්. ",2021-10-17T04:46:28.42993Z,,LK,3380,50,45,https://yt3.ggpht.com/LT4mMKxRZqY-8-Xdmr7Kpeoft6wIUWeg6XgEHGl7PVPJ1D5Xp37Hq_LVzRG73EOj2-rOhU-lw7w=s800-c-k-c0x00ffffff-no-rj,"java sinhala tutorial|java sinhala|sinhala java lesson|java sinhala lesson|java basic sinhala|java coding for beginners|java coding practice|jaca coding standards|java basics|java beginners|oracle java|java se|computer programming|java tutorials for beginners|java full course|java advanced tutorials|java basics beginners|java beginner tutorial|java classes|java crash course|java development|java edition|java ee|java ee tutorial|java homework","Lifestyle (parent topic)|Knowledge|Technology"
398,UCCwMw8A0lOi6g9lZyZ7kyDA,"betta fish west java","jangan lupa subcribe cuy intstagram https://www.instagram.com/bettafishwestjava_?igsh=OTRhZGMxanVkeWF1 tiktok tiktok.com/@siemkali facebook https://www.facebook.com/share/1DS7jy7KNu/ ",2023-11-20T12:08:15.956328Z,,,849,5,1,https://yt3.ggpht.com/9sN3Bb81pRLW4kVbEuOFyTtX0oHdYj7bB69DFdTLQRyaqcNca98f-guVNF4cmcTc76W5VZv9UQ=s800-c-k-c0x00ffffff-no-rj,,
399,UCw-MZ8nh3DR4IdlwxnWghOw,"Ibraim Dev JAVA",,2018-08-31T01:04:39Z,,,78,0,5,https://yt3.ggpht.com/ytc/AIdro_l_km0ZOUMaqHJqu2hpUhzfLRYCW5GFGK-HPpSfdcFPjw=s800-c-k-c0x00ffffff-no-rj,,"Lifestyle (parent topic)|Knowledge|Technology"
400,UCQP9ctNAFuGe-4UntAR3zQQ,"java with DK","Nan sollurathuku onum illa..Elam Puthusu Nee pakkurathu Puthusu Nee kekkurathu Puthusu... Anna..pusutha kalam erangakitan da.. ithuku appram end he illa... ",2018-05-21T05:09:14Z,,,3874,13,17,https://yt3.ggpht.com/vFgNVr5LFmuGUE2YEN5U_Ot64htZP4HF66ufjyDmHG6g7xY0gJAAqgsRKM1f4LjMKN0l2aG3-g=s800-c-k-c0x00ffffff-no-rj,,"Lifestyle (parent topic)|"
401,UCbRP70-d_7gkXTZQkHHj4HQ,"Van Java",,2025-12-26T07:11:41.338152Z,,,1836,3,2,https://yt3.ggpht.com/EH-hjSmY8yuwqGDomWQp9D2PZf5KxAV971s-a3bR7gWdjFlqUQ5KBIUj9wcZGiUfBfd6qBrjvQ=s800-c-k-c0x00ffffff-no-rj,,
402,UCHGYfDkf1jWuBJyungZHUWg,"Dercio Java","OI GALERA ESPERO QUE GOSTEM DO MEU CANAL, ESTAMOS JUNTOS",2017-11-27T16:52:50Z,,AO,1418,46,7,https://yt3.ggpht.com/ytc/AIdro_mCSYrYuKH4X6I4XfSzzq07FbXeqQcrmuC4ycq2Kd0Pdw=s800-c-k-c0x00ffffff-no-rj,,"Lifestyle (parent topic)"
403,UCAmXX3OBhs6zvzMD2DjP2-Q,"Java Bush - Topic",,2023-06-16T11:43:03.449374Z,,,328,1,6,https://yt3.ggpht.com/-D4ZZ1TXiU3-ZB_61MDs3e1J8jzGhO7A3CztwfgqNl0Y6L9V4c4ODxHOIK4tAGXKXnrl1WmeGCs=s800-c-k-c0x00ffffff-no-rj,,"Independent music|Electronic music|Pop music|Music (parent topic)"
404,UC-LTgpilg1kovYx16Yt2yVg,"Java With Vaibhav Mastar","Welcome to my channel! I teach Java Programming in a simple and practical way. Topics include Core Java, OOP, Collections, Spring Boot, Microservices, Real-time projects, and interview preparation. New videos every week! ",2016-10-08T14:03:13Z,,IN,836,269,1,https://yt3.ggpht.com/y_Bqctixc8XX9aRPIJTP0OWyCAZqOSgI9gieTkCn-oEgM5DkPB3UUCFAMm4ON8krn-wineHgPtg=s800-c-k-c0x00ffffff-no-rj,"java|Java tutorials in Hindi/Marathi/English|Java for beginners",Knowledge
405,UCmSAS_k6iTlRSJsIRX0n_zg,"Joaquina Java ","O Pod Falar 🗣️ é mais que um podcast: é um encontro de vozes, ideias e histórias que inspiram. Aqui falamos sobre autenticidade, equilíbrio, relacionamentos e os desafios da vida moderna, sempre em conversas próximas, leves e cheias de valor Bem vindo ! ",2021-04-09T09:03:38.463174Z,,,2259,70,9,https://yt3.ggpht.com/hnplMTF9IbAtowZ2kzhifWw3LMs40Bi-00i0BTp7EoK3qk9gmbjGcmufSgBzz1DcsE1bxflf=s800-c-k-c0x00ffffff-no-rj,,"Society (parent topic)|Lifestyle (parent topic)|Religion"
406,UCQ6JFRBxOittLZn8i_bPhMQ,"Gamesbr Java",,2016-10-31T01:25:24Z,,,735,5,15,https://yt3.ggpht.com/ytc/AIdro_nQn47LCzmAV7z68O-wtAb1wPPfR3Wsu_jInOXSMYH_bg=s800-c-k-c0x00ffffff-no-rj,,"Action-adventure game|Action game|Gaming (parent topic)|Role-playing video game|Strategy video game|Racing video game"
407,UCBfHQmRcSGcFK5Z8zbAqIng,"Java porco","Tmj ꧁ঔৣ☬✞ AZ DUDU ✞☬ঔৣ꧂",2021-11-15T18:06:42.281779Z,,,11805,33,26,https://yt3.ggpht.com/zTWd0RV_GTdrNebJtcKc6rz-3IxAopILWe6zxn6Gc-vvViYdnsUNNYdN9mneD450l-RYhA6ISg=s800-c-k-c0x00ffffff-no-rj,,"Gaming (parent topic)|Lifestyle (parent topic)|Action-adventure game|Action game"
408,UCmYj8PGSvlY6Z5NPKa12W0Q,"Java Combat Oficial","Equipe formada por amigos no controle de javalis da cidade de Capinópolis - Minas Gerais - Brasil",2017-04-10T22:12:55Z,,,3292,136,5,https://yt3.ggpht.com/ytc/AIdro_ky7sLoEDtae5cooj-1-hArvKPlKYSMcfMGH4-jBABIcw=s800-c-k-c0x00ffffff-no-rj,,"Hobby|Lifestyle (parent topic)|Knowledge"
409,UCS-Z7QySmI0XJeIYzZmVeFw,"JAVA Gemer E Tutoriais","neste canal eu vou mostrar caminhões, jogos, bikes, miniaturas de caros rebaixados, e também sobre eu entao também é um canal de vlogs",2015-03-11T00:19:39Z,,,138,3,5,https://yt3.ggpht.com/ytc/AIdro_mnLX-Z5eoLNPFxgBmCZi0dkRsbu2TRg_r8IdcDs_ocyw=s800-c-k-c0x00ffffff-no-rj,,"Vehicles|Lifestyle (parent topic)"
410,UCyVrqKLl0TlBSNjkMongwKg,"JaVa Motors","SEJA MUITO BEM-VINDO AO MEU, SEU, NOSSO CANAL DE AUTOMOBILISMO🏎🔥 FEITO COM ❤️ NA SERRA GAÚCHA",2017-04-29T20:36:34Z,,BR,4586,93,10,https://yt3.ggpht.com/ytc/AIdro_l8IkI9J7XNGRV5LBEbHdXqJPuXY9Q3gePRA5QLKw2rIw4=s800-c-k-c0x00ffffff-no-rj,"javamotors|Java motors|java motors|JaVa Motors","Gaming (parent topic)|Vehicles|Lifestyle (parent topic)|Racing video game"
411,UCx_yOORAwCuYL9bymOTgVCQ,"Leonardo Java","Os fracos não tem vez!",2014-04-05T16:39:31Z,,BR,71635,269,28,https://yt3.ggpht.com/ytc/AIdro_m8yKlSoZlWAOQU6qw_CWDvpkpGuYS2uO6Zzww6Br4=s800-c-k-c0x00ffffff-no-rj,"Leonardo Java","Lifestyle (parent topic)|Music (parent topic)"
412,UCVI70KhABh2ifCO8h-FXC9Q,"JAVA - Topic",,2024-02-07T10:17:40.728614Z,,,10922,48,25,https://yt3.ggpht.com/VgsjvVMpoNuGuk1DmO5fFn2UZNt5nz4xGbWzlS8-wmY4MJdsASsPo66v6PkBabW4J5hVnCKqf3o=s800-c-k-c0x00ffffff-no-rj,,"Reggae|Pop music|Music of Latin America|Music (parent topic)"
413,UCoGX805LmV7Tb_iE-gKcSbw,"Java Droid",,2016-11-20T05:18:40Z,,,56,3,7,https://yt3.ggpht.com/ytc/AIdro_kHWoBLtXvpmH_LGjSu5UKjHaIBbFVDxZQj8NnTWy0zOQ=s800-c-k-c0x00ffffff-no-rj,,"Simulation video game|Role-playing video game|Gaming (parent topic)|Action-adventure game|Action game"
414,UCdhI_Kyaxiqpz5YTYn3yruA,"Java Solution","Java is most dominating programming language and its most beneficial for all the developers and programmers. Learn Java codes and Program your own app using Netbeans IDE. This Channel is for all the beginners who wants to learn Java and stuck in some problem. Just Comment us your Java Query and we will Solve it for you. explore new amazing codes with our channel, and don't forget to Subscribe and LIKE .",2016-10-22T17:37:47Z,,,2594,12,3,https://yt3.ggpht.com/ytc/AIdro_kicOOqHyp_N2PXGmXfUXxPCOgfDTQmhziZOK-O63tHJA=s800-c-k-c0x00ffffff-no-rj,,"Technology|Knowledge|Lifestyle (parent topic)"
415,UC1Atx1BnKEsxmOUHQYo4_TQ,"Ocean Est Java","SUBSCRIBE LIKE & SHARE ",2025-02-18T06:03:27.208884Z,,ID,26914,34,41,https://yt3.ggpht.com/YOlC69X94Uwocd5MkXwVyM0RZqoWMzaKvBgVRQ-VeNOHW2P2izdpLEKQcoUkWMRkqqMGWx-qsw=s800-c-k-c0x00ffffff-no-rj,,"Strategy video game|Gaming (parent topic)|Action game|Role-playing video game"
416,UCyn_QtBX6b_WA4modXM6DEQ,"JACK CHAM NO CONTROLE DO JAVA PORCO ","todos cadastrados Sispass ",2025-05-10T10:58:26.076322Z,,,16027,20,10,https://yt3.ggpht.com/PULxYRRcle5fDmF9EBsJjisHugzN6mcCLXD4vJWTJgob-1H1S7MX_tyUvB4LY1q-G5_49KK0Es8=s800-c-k-c0x00ffffff-no-rj,,"Pets|Lifestyle (parent topic)"
417,UCId9bRqcP--UADxcQal3Csw,"CATEGORÍA JAVA & FTS","OLA SOU O VINICIUS DONO DO CANAL VOU TRAZER MUITO VÍDEOS SOBRE JAVA FTS É MUITO MAIS DEIXA O LIKE E SE INCREVA NO CANAL",2020-05-11T20:27:53.118855Z,,,73,4,7,https://yt3.ggpht.com/ytc/AIdro_lo9M27AHUyDlAIWIjsr_XC3t197gOEL6CJyi_1cEsZaQ=s800-c-k-c0x00ffffff-no-rj,,"Gaming (parent topic)"
418,UCIbigAtfzYwtg2SP92C_hJQ,"Gingerbread Baddies","skull panda,chaka,etc. is taking over Ava and java!",2013-09-26T13:13:24Z,,,53503,100,129,https://yt3.ggpht.com/k0zMnyUrwsRE5WA2PJjOvpQAHJrCEh1JTMhKkYoRpqa1Zr6-yh7kU8ywxhXiQoOr88JSgFRszQ=s800-c-k-c0x00ffffff-no-rj,,"Lifestyle (parent topic)"
419,UCSZobPG7P4G_PuVU7V2ItaQ,"Java Records",,2019-04-08T17:07:50Z,,,1841,19,32,https://yt3.ggpht.com/ytc/AIdro_nqKBhNjBGd_fMg9Na_b7J1FCaquQIk-6RrBd_Y7ggVEg=s800-c-k-c0x00ffffff-no-rj,,"Pop music|Rock music|Music (parent topic)|Music of Latin America"
420,UCqkyPp4c_uiusGXJLAZ5OfA,"Java Computer Center, Daltonganj","Welcome to the JAVA COMPUTER CENTER YouTube channel, I'm Prabhakar Kumar & Our Team, and I'm excited to be your guide on this knowledge-filled journey. JAVA COMPUTER CENTER dedicated to providing you with valuable computer tips and tricks, focusing on MS Word, MS Excel (tips, formulas), MS PowerPoint, MS Access, Tally Prime, Programming Language(C, C++, Java, HTML, SQL etc.), Web Development, Software Development and Hindi- English Typing Tips tutorials in Hindi. Whether you're a beginner seeking to grasp the basics or an advanced user striving to unlock the full potential of MS Word, MS Excel, MS PowerPoint, MS Access, Tally Prime, Programming Language(C, C++, Java, etc.), Web and Software Development, this channel has something for everyone. Whether you're a student, professional, or simply eager to explore the world of computing, 'JAVA COMPUTER CENTER' is your one-stop-shop for comprehensive, informative, and engaging content. So, don't forget to hit the subscribe button. ",2023-08-01T02:21:30.811891Z,,IN,418,32,7,https://yt3.ggpht.com/l1evEKXbMIOtizRMlMnhyWMWg4j1ND6fjMLgf6UHpUjZ_tZQC2_ubHuem4TJxs-GJvmVR-whMA=s800-c-k-c0x00ffffff-no-rj,"adca|dca|tally|photoshop|pagemaker|coreldraw|java|c++|html|python|java computer center daltonganj|prabhakar sir|best computer center in daltonganj|computer science 11|computer science 12|computer tips and tricks|computer programming|best computer education in jharkhand|best computer institute in daltongnaj palamau|ms office|web development|top computer center in daltonganj|best computer education center in palamau jharkhand","Technology|Knowledge|Lifestyle (parent topic)"
421,UCvz2jWSJBVOWPCPDJYjW2Cw,"Lil Java","Lil Java",2024-04-23T08:33:21.544842Z,,,1396,1,12,https://yt3.ggpht.com/ZivrrOnmUOPgJ70CpVQp48gPns9UOVlag9OckuY7LMX8aolP5pkjgo1qbSK_9SUqL6G7SdVDUEI=s800-c-k-c0x00ffffff-no-rj,,"Hip hop music|Lifestyle (parent topic)|Music (parent topic)"
422,UCAAYmNNrauif3pKMGXVMaYA,"SWAT JAVA","Escreve no canal para ajuda",2017-05-16T22:28:58Z,,,880,38,22,https://yt3.ggpht.com/cw5QgRAY1sS77x7U2ZX3DSbDjZuBl6McMNI-jbawzq8JibvEieFlJDi8ux2QFy4r0u4bEOgY=s800-c-k-c0x00ffffff-no-rj,,"Action game|Gaming (parent topic)|Action-adventure game|Role-playing video game"
423,UCDWewZ3th-f4GTmfPqQuSeg,"Java ","creador de Roblox ",2022-06-03T20:15:37.153614Z,,,0,25,0,https://yt3.ggpht.com/xb5mAfT48EHz79apC4J43EzFiBzltUJ7ORu5para3EhAkcaHRFOqH7Gxg0Yh78FchFzzK4h2nw=s800-c-k-c0x00ffffff-no-rj,,"Lifestyle (parent topic)"
424,UCy7ipuNMcvh5sWqLplyiQqQ,"JAVA Games",,2020-01-10T18:10:51.622762Z,,BR,20872,160,280,https://yt3.ggpht.com/ytc/AIdro_mGUPNCooxWR0USS30pgJGL8EgjnXzennQiZKLOUQA-R7A=s800-c-k-c0x00ffffff-no-rj,,"Role-playing video game|Action-adventure game|Gaming (parent topic)|Action game|Strategy video game|Simulation video game"
425,UCuwth1KK5LNp2GABS0nsZaw,"Java Loko","Espero que todos gostem dos vídeos que postarei em meu canal uma coisa posso garantir não irá faltar gargalhadas.",2017-02-08T15:03:52Z,,,314,17,3,https://yt3.ggpht.com/ytc/AIdro_mMRoElmh1lsMyJ1H5HTVmk2sJYUHBaSRD0KtCAgRV5kA=s800-c-k-c0x00ffffff-no-rj,,"Lifestyle (parent topic)"
426,UCY4mEcQqVIhtwpTtahAb40g,"Java TV+ ","Ótimo Natal Para Todos! Feliz Natal! ©Java Tv+ 2025",2021-11-20T21:00:54.002737Z,,,219023,363,265,https://yt3.ggpht.com/eiH7VGVPPcNcgvmh-kzl5IPDqejtfWAH2GxTFXG9SSmX6SzJN1d1tddDVJ--4lJ5_n-ANLZ2=s800-c-k-c0x00ffffff-no-rj,,"Role-playing video game|Gaming (parent topic)"
427,UC9OwOmJFiWyS7aXKy8pTbNQ,"Minecraft Java & Bedrock Deluxe Collection - Topic"," This channel was generated automatically by YouTube's video discovery system.",2025-12-29T02:17:31.097789Z,,,0,0,0,https://yt3.ggpht.com/fflI0bxwD2glGsfSqs1NGKzZByNDp56N0TcUcaZpWzgim8XFP1ZmPSNBIp3X1oBGo6C0YBG9MRQ=s800-c-k-c0x00ffffff-no-rj,,
428,UCBjD951TmIr1O5WzDDSyudQ,"Minecraft Java",,2021-06-04T13:07:02.898057Z,,,20,4,1,https://yt3.ggpht.com/ytc/AIdro_mzwk73fmnfDwFs4aca8l6kkQx6GyTAVAtENSyHlH_Zex_oOyaCVbcQl_w7mzDMX7MLRg=s800-c-k-c0x00ffffff-no-rj,,
429,UCHvwa-8244sYac4RCErBhMQ,"java archives","Nada a falar.🇨🇬🇵🇸",2024-04-04T18:10:28.43007Z,,,103317,119,123,https://yt3.ggpht.com/NmSM7B4gY1X3z_mP3oaXece1VJAbWXBo_gI6Io8mElSENhlT959rN8oRPTMejXMxC_SE04TQZA=s800-c-k-c0x00ffffff-no-rj,,"Action game|Gaming (parent topic)|Action-adventure game"
430,UC2RQHGaib5NGW47em73VPvQ,"Java Texno","Hello friends, Wolcome to my youtube channel, I make gaming videos if you like my video then please subscribe and support my youtube channel. LET'S GOOOO",2025-12-27T08:23:25.422797Z,,US,18,0,6,https://yt3.ggpht.com/ytc/AIdro_lm_zOZN6FVCMC9XEgozZJNxopPmyd0qspJwRJFxH0emdOvBN8EgbvmEsBy4G2A8EPFaA=s800-c-k-c0x00ffffff-no-rj,,
431,UCoiioF8zyaYDVf6ptXiCmjA,"java raja games","#O melhor canal de entretenimento do mundo # cheio de temas e vários jogos",2022-04-05T01:16:20.730696Z,,,834,15,5,https://yt3.ggpht.com/6XwHcGZrC4TnkTCJjz07OY_wPu48Gd1CeUKS8jI1dIrK8RYNiamHKD-pcd3jvH-vvCreahG5Sz0=s800-c-k-c0x00ffffff-no-rj,,"Gaming (parent topic)|Action game"
432,UCjhFnOw5TqZELUdRUxvvYHg,"Java Edits #RUMO 70SUBS","hoal me chamo matheus do canal matheus intro e mine pe, bom se você está procurando minecrfat pe ou intros de qualquer estilo, inscreva-se aqui porque aqui tem essas duas coisas, blz vlw é isso só quero creser com vocês, quero me divertir com vocês não me emporto com o dinheiro só quero, me divertir com vocês :D.",2016-10-30T20:28:04Z,,BR,1146,52,20,https://yt3.ggpht.com/ytc/AIdro_mSGOqRLQ4NZgywy4uBIyyTnH8UJ207WtU2oCeZ4bGR7g=s800-c-k-c0x00ffffff-no-rj,,"Gaming (parent topic)|Music (parent topic)"
433,UCs4fedmMlEY9b5OqbDql6NQ,"Silas Minecraft java",,2025-01-30T23:56:37.307076Z,,,3947,18,41,https://yt3.ggpht.com/ytc/AIdro_kN0vHjIDhTA7B0t2l-8jw4du0Fp3Q4NWDxREtZ0wG6prM4O5dykKEJAxt14lhBl9HMMQ=s800-c-k-c0x00ffffff-no-rj,,"Lifestyle (parent topic)"
434,UCTK6a-fwtmTivygRKRvgAyQ,"Teoria Java - Conceitos Fundamentais",,2025-08-04T23:21:33.505706Z,,,0,0,3,https://yt3.ggpht.com/M0-6GRULlaSXf5mQQ3SVBb7IyIwPqy7bmrDWiW1hnfalV0ETZIeqfhSbR_zPvCRiyCIRxhXScI0=s800-c-k-c0x00ffffff-no-rj,,"Technology|Knowledge|Lifestyle (parent topic)"
435,UCpPC9PRREbexO___zMm0vSQ,"Gupit Itihas","Gupit Itihas is a journey into the forgotten pages of history. Here, we uncover hidden stories, unknown warriors, lost cities, ancient ports, and secrets of Bharat that were never properly recorded or taught. This channel focuses on old and rare history, explained through storytelling, maps, and facts—so history feels real, not boring. If you believe history is more than textbooks and dates, then Gupit Itihas is for you. 📌 Unknown & ancient history 📌 Maharashtra & Indian heritage 📌 Stories no one talks about 👉 Subscribe and explore the hidden truth of history.",2024-11-27T15:35:54.67955Z,,,0,13,0,https://yt3.ggpht.com/Hswsf5240g5N3zAW9JXGjgV_h5X8Z4-OBJzbNN8VP0Mnqnf86CM5ZWPZIG-EzfZu_B_PztxyiQ=s800-c-k-c0x00ffffff-no-rj,,"Technology|Knowledge|Lifestyle (parent topic)"
436,UCNYsQVEEiBjANMKB3Ud8J3g,"cara main minecraft java roblox","suka mihecraft#fypege#jangan lupa like dan suskreb#mihecraft Ai",2025-12-24T03:43:04.715529Z,,,522,3,5,https://yt3.ggpht.com/jqQfFeW1nYBAduiTpxForq-0ePM6rGlKT8XBZX0NR6prPcE5uadyrNxBNrZE7yYyQ2tTNKCvyg=s800-c-k-c0x00ffffff-no-rj,,
437,UCgOpCuZNomTTEbOmdevd7ZQ,"Java Tania","menghadirkan konten pertania ",2022-10-17T16:15:41.33327Z,id,,1155,420,1,https://yt3.ggpht.com/G0iLzgnmAysTELRz57vCohvD_qIAIShkUqzZIwjjtFxH5CnED3v01v2wF8ZeXVKC2a0MMmlEYg=s800-c-k-c0x00ffffff-no-rj,,"Lifestyle (parent topic)|Entertainment (parent topic)|Pets"
438,UCJ4NHMJlYqM5dDdvIsMxL2w,"JAVA BAND - Topic",,2025-12-26T14:58:34.598667Z,,,13,0,2,https://yt3.ggpht.com/S5WEySfaMg1wENF0pQ03F1xgWr_77KChxu5WyJBFQLr-EVe098k6HSZGqEPklXBmJQfG2rFYXw=s800-c-k-c0x00ffffff-no-rj,,"Rock music|Music (parent topic)"
439,UC7Ja0RfF1iTiPTcAX3kwgYA,Java💙," Isaías 41:10 💛 ",2025-06-26T23:39:00.791405Z,,,351,3,2,https://yt3.ggpht.com/BRAJRR72EAf9jq109cSsOKn_h2_MqJ4TNx4_Kvi_7ILcE7TUZo_K8D3GDxbqX8ku79H4ShGO6A=s800-c-k-c0x00ffffff-no-rj,,
440,UCITwAbn5UpcV5rUtGFiE4NQ,"Sunil Khandelwal",,2020-06-17T12:31:39.501064Z,,,228,157,10,https://yt3.ggpht.com/ytc/AIdro_l-KGLCfHhtXdpFVLOdYf5nOcG9cptSRfewz-PB-0w=s800-c-k-c0x00ffffff-no-rj,,"Lifestyle (parent topic)|Knowledge"
441,UCkf-62m2-xLM-_6V5N6feDw,Javario,"Welcome to Javario 🚀 This channel is dedicated to learning Java in a simple, clear, and beginner-friendly way. 📌 What you will learn here: • Java Basics • Java Shorts for quick concepts • Exam-oriented Java (ICSE & ISC) • Logic building and problem solving • Tips & tricks to learn Java easily This channel is specially designed for: ✔ School students (ICSE & ISC) ✔ Beginners in Java programming ✔ Students who want clear concepts, not confusion New videos and shorts are uploaded regularly. Start your Java journey with Javario – Learn Java the Easy Way! 📩 For learning and updates, stay connected.",2025-12-26T14:13:45.491226Z,,,342,17,2,https://yt3.ggpht.com/Pi2K_ekuCwlegaJXbeMH3MSyMnGLcTe_Sv9WbtFGIDnB8892oOL1foTeszvyyai2tXuZWkLQ=s800-c-k-c0x00ffffff-no-rj,,
442,UCPLgh_8J_NUwDJBciFTErIg,"Angler JAVA",,2024-04-26T11:40:49.233414Z,,,4,2,1,https://yt3.ggpht.com/EyOhd4w6Ny6mvIfUVzMulWObM5U5wOhTARmWNFaNwOFARmzv4kj6nfbzbwxG6uVnyV6S_Jnwuw=s800-c-k-c0x00ffffff-no-rj,,"Lifestyle (parent topic)"
443,UCfgVo0G17ad7g18rTsVnKNg,"mesin tempel java ","bengkel mesin tempel",2024-05-08T00:22:19.13673Z,,ID,40495,61,66,https://yt3.ggpht.com/8vbAxa6gF511DFpndc5ZOaTYZqW75UURBwoMDyLL6OxzF-NkQqWFP1-nbxcSNPeIRAWqC8qpUg=s800-c-k-c0x00ffffff-no-rj,Bengkel|mesin|tempel,"Lifestyle (parent topic)|Vehicles"
444,UCHpJiw_As23p7-qS8de94-g," JAVA SHOTING MAS",,2025-10-31T05:21:09.023314Z,,,5644,11,3,https://yt3.ggpht.com/bSH3DIqydNWezy3GwBChrcr_KA06yteut1hTDkJAkUOhrdLds-KfeLqa89-sO1sbA2g4rWUK7UA=s800-c-k-c0x00ffffff-no-rj,,"Lifestyle (parent topic)|Hobby"
445,UCMeH0j1foEqDoO51awhs4uw,"Sandeep Thakur","Online Computer Programming Training",2015-12-20T19:19:01Z,,IN,12549,177,48,https://yt3.ggpht.com/ytc/AIdro_kw2b4h8mUeXjoZlUfs4dAI30qg7FF_kTphlsuxryvnlfA=s800-c-k-c0x00ffffff-no-rj,"ST Academy|st academy|programming st academy|java st academy","Lifestyle (parent topic)|Knowledge|Technology"
446,UCIcUJcL4H7j1ZU9Z7NW0r2A,"Samson Moses Imoh",,2015-01-02T12:42:45Z,,,298,0,10,https://yt3.ggpht.com/B6uwqGWFFBWM4tH1ENvmbNPDQcMRRmtB4LWeNAgVHlH-kPwe9sMuYxbtHqtyVP5Ig8tswcYJ=s800-c-k-c0x00ffffff-no-rj,,"Knowledge|Technology|Lifestyle (parent topic)"
447,UCSOstFAK8q9XDzurB9BLw-w,"Tech Maurya Support (Er Anish)","A Software Developer designs and builds computer programs that power mobile devices, desktop computers, and even cars. They not only identify user needs but also create new applications for any given market while making improvements based on feedback from users. i. Use the right vocabulary. ii. Don't exclude candidates. iii. Be authentic. iv. Make your job description readable. v. Include technical stack. vi. Describe relationships. vii. Talk about work organization. viii. Money, money, money. ",2021-08-22T14:43:32.849858Z,,IN,1757,43,17,https://yt3.ggpht.com/T7V08o1C11uhaqbNx9-qWdtLPYtZZs6dbchOkcx180xaUfp5GsAQA4EvC-QI_E_SLOuIGztqEJI=s800-c-k-c0x00ffffff-no-rj,YouTube,"Lifestyle (parent topic)|Knowledge|Technology"
448,UCHsQufOKOt64rrHXCzQh-9w,"JAVA PUBGM",@tg_enzo2,2025-07-10T14:59:00.775345Z,,,8427,87,23,https://yt3.ggpht.com/F-p0LM2usWN7kxGtqxvOarhsbnDxAp-REiSxR2YwcnmGvMy5URqSIMpsI6L98AE1mnNFB6X_cg=s800-c-k-c0x00ffffff-no-rj,,
449,UCq6HGbAAz7z5k6KxwwWC0tw,"Minecraft Java Bedrock Edition - Topic"," This channel was generated automatically by YouTube's video discovery system.",2025-04-15T01:59:42.630864Z,,,0,2150,0,https://yt3.ggpht.com/-7XWk6_TLrtDxvdrkBqnKjjFcH01Q6zdQcAtJ87jZKS43cHp4oBt9NtxN5SoIBE6pgJzcDd3fw=s800-c-k-c0x00ffffff-no-rj,,
450,UC-5RLso6gjsslTCuQJ_yg1w,"Alekhya Settypalli ","Welcome 🤗, to “ Alekhya Settypalli “ ☘️ I am Alekhya, 📍living in Japan🗾🌸. I’m a Java Engineer👷‍♀️,Mother 🤰and want to create my Memory Library 📚 here in this channel. So I will share my Experience’s like ✨life in Japan 🇯🇵 as Indian 🇮🇳 , ✨Healthy Food 🍱 for family 🧑‍🧑‍🧒‍🧒, ✨Trips and shopping 🛍️ vlogs, ✨Culture 🏯 and food 🍽️, 🤞 hope you will find some useful content, if you like 👍 please Subscribe 🛎️ and share my channel. Thank you 🙏 for watching❣️ ",2025-09-22T07:04:26.461724Z,en,JP,624,35,18,https://yt3.ggpht.com/xBrK-Q2A1E2QNZOFnnNVCKDh3fFhh4Lol3FDlry1DDYDMa5Nv82Pz4K-VuxEg2oKuQXrkNyDfQ=s800-c-k-c0x00ffffff-no-rj,"Life in Japan|Indian Mom in Japan|Java Engineer in Japan|Working Mom|Healthy Food recipes",
451,UCP5k_mfDhkblBq6QlDFLm9Q,"Shenal Karunathilaka ","so i just started this channel so at the begining the videos may not be as good as you expect but i promise you all that as i make videos i will make them better if you all undersand this then i thank you very much ",2020-08-15T18:11:31.119671Z,,US,290,17,46,https://yt3.ggpht.com/ytc/AIdro_lDV-CrmJP-EiMplYap5PO7tLUHaLQL3snBt6jt9otCeA=s800-c-k-c0x00ffffff-no-rj,,"Lifestyle (parent topic)|Knowledge|Technology"
452,UC6_IKkpHbA2_8OcI-bw3x4Q,"Mike Dev","🇧🇷Olá👋, me chamo Michael, apenas um jovem de 19 anos que busca entrar na área de programação👨‍💻, atualmente estou estudando a linguagem Java e no futuro pretendo estudar outras linguagens, esse canal servirá para documentar a minha criação de projetos e minha evolução nos estudos📖, espero que gostem🫡. 🇺🇸Hi👋, my name is Michael, just a 19-year-old looking to get into programming👨‍💻, I'm currently studying the Java language and in the future I intend to study other languages, this channel will serve to document my project creation and my evolution in my studies📖, I hope you enjoy it🫡.",2025-12-25T13:53:23.842711Z,,,12,0,1,https://yt3.ggpht.com/_Zq6Sibn93GiGzIdrqHOii_8wrhAvIvjZLcoQDNdmgOvAb9ADHGx6cDuSrjXlWsUczfzV4FGpA=s800-c-k-c0x00ffffff-no-rj,,
453,UCXk8kIbYRTAydqwAueHdssg,"Al - Rayyan","Assalamu Alaikum & Welcome! 🌙 Finding peace in a chaotic world. 🌿 This channel is your sanctuary for authentic Islamic reminders and spiritual growth. In a time of distraction and noise, we bring you content designed to soften the heart and connect you back to Allah. ""Tawakkul is everything"" Here is what you can expect: ✨ Emotional Bayans: Heart-touching stories from the Seerah, lessons on Sabr & Tawakkul, and motivation to overcome anxiety. 📖 Calming Quran: Beautiful recitations and soothing visuals to help you sleep, study, or find mental peace. ⚡ Daily Shorts: Aesthetic Islamic reminders, Sunnah habits, and powerful quotes in 60 seconds. ❓ Faith & Lifestyle: Practical answers to modern questions, making the Deen easy to understand and practice. Whether you are looking to strengthen your Iman, find comfort in hard times, or simply learn more about Islam, you are in the right place. Subscribe for your daily dose of Peace and Faith. Let's walk the path to Jannah together. 🤲 ",2016-07-12T08:20:51Z,,IN,0,104,0,https://yt3.ggpht.com/qMWMF03-Ou3HF0hYsGYoGG8x3QdDkkMVuE8cUqRr76TIpcSXpypR0hlVi0o9Lc4F05qRgQ6JIA=s800-c-k-c0x00ffffff-no-rj,"Islam|Allah|Quran|Deen|Sunnah|Hadith|Muslim|Ummah|Jannah|Sabr|Tawakkul|Al-Rahman|Al-Haq|Islamic Video|Prophet Muhammad|Islamic Motivation|Emotional Bayan|Heart Touching Story|Islamic Reminder|Depression in Islam|Allah Loves You|Quran Recitation|Beautiful Tilawat|Quran for Sleep|Calming Quran|Surah Rahman|Quran Translation|Islamic Shorts|Muslim Shorts|Quran Shorts|Deen Over Dunya|Islamic Status|Halal Memes|Trending Islamic|Peace of Mind|Hope in Allah","Lifestyle (parent topic)|Technology|Knowledge"
454,UClin_H2AbWDy1VFC3y8SYEg,NaoSobrouNada_,"Brutal, Acabou pro Beta!!! IP do melhor server de Minecraft java: redescreen.com 🤓 ",2025-11-21T13:27:06.097573Z,,BR,6,13,1,https://yt3.ggpht.com/B54G7Twb7yPzcmbT9XDzNbuGR6_pQ_GVhxBHNYA_62R6yqHeSIWMzc-uaTIsGd2DtHaSdjpR7XM=s800-c-k-c0x00ffffff-no-rj,"Jogos|Games|Gameplay|Minecraft|Shorts|Porkinbr|Eventos|Redescreen|gaming|NaoSobrouNada_|PKB|Beta|Betinha|Nerd|Moggado|Server de Minecraft|IP de server|Não sobrou nada",
455,UCvIntfu5D6vNPuTF7eIPyHA,CoderZ,"HTML & CSS & JAVA SCRIPT PROGRAM ",2025-12-26T13:21:11.49295Z,,,784,0,2,https://yt3.ggpht.com/--dKeIM1ymo9gxRGyST8oV1WRMBmm0GoNGFx6P7GKMhR925YSUu0KXudDYmEiDeFcHgF8jhWpw=s800-c-k-c0x00ffffff-no-rj,,
456,UCC7Pc5RX0W7vQbL3ncaSprw,"Digital Learning Diary","Welcome to My Dev Diary! 👩‍💻✨ This channel is my digital notebook where I document everything I learn in the world of programming — from solving DSA problems to building real-world projects. Whether it's Java, Spring Boot, automation testing, or full-stack development, you'll find videos that reflect my progress, struggles, solutions, and milestones. I’m not here to teach like a pro — I’m here to learn, grow, and track my progress in public. If you're also on a coding journey, this diary might feel familiar. Let’s motivate and inspire each other to keep going! 🧠 Topics I cover: Coding Problem Solutions (DSA) Backend Development (Java, Spring Boot) Automation Testing (Selenium, Playwright, Karate) Project Building Productivity tips for self-learners 👉 Hit subscribe if you're on a similar path — let’s keep each other motivated! #LearnWithMe #CodingJourney#MyDevDiary ",2016-02-02T13:33:02Z,,IN,1710,35,88,https://yt3.ggpht.com/C-ehmd7syYpmNqDidDka9PmH72oJGiNcJWk6IzksOlbouAmB6V5LTuMNeHU65UiNsa3pX1KVPQ=s800-c-k-c0x00ffffff-no-rj,"Leanring_Tech|gfg|coding|programming|leetcode|sql|interview|fresher|java|hackerrank|DailyPrograming|Coding|study|interview preparation|My Dev Diary","Technology|Knowledge|Lifestyle (parent topic)"
457,UCM4eRJ0UHdNKa10QDOWerpg,"Ricardo do Java","Canal duvidoso com conteúdo duvidoso sobre Java, fique por sua conta em risco!!!",2012-12-13T17:52:52Z,,,12,11,1,https://yt3.ggpht.com/_qWiKOeMLrn8n-7XeHZoaVQcaq8kpj4OnfCxib_LMvUVb6Vo-vU5oDFy0VFP-NeJHlhiNDan=s800-c-k-c0x00ffffff-no-rj,,
458,UCM10JttgEnF-pXk-dkDDFdA,"java edits","hola seja bem vindo ao canal 4kino edits, aqui vai ter edição, animaçoes, e varias outras coisas blz inscreva-se para me ajudar vlw fuiz.",2016-11-19T17:50:32Z,,BR,91,4,1,https://yt3.ggpht.com/ytc/AIdro_nM4_kbehEyHRoO01XzoW53qAyCZjLsgfc9l50tHvoHTg=s800-c-k-c0x00ffffff-no-rj,,
459,UC0Jcx0dnnmXcL8ufndXN73g,"Cr Java ","🌟🤫OTAKU CABULOSO 🌟🤫 💎Rumo a mudança geek💎 🌞Trap end trap geek🌞 ",2025-01-21T01:58:54.180859Z,,BR,599,60,12,https://yt3.ggpht.com/Hn-jghSlW0WxnJ46Y9yzojLH8MF8iD-uThDpa8qpxHoXyoRBXnQur17MyeOnzfcyhVCyS6jxVA=s800-c-k-c0x00ffffff-no-rj,"Trap|Matuê|Música|geek|Rap nerd","Pop music|Hip hop music|Music (parent topic)"
