position,id,title,description,publishedAt,defaultLanguage,country,viewCount,subscriberCount,videoCount,thumbnail,keywords,topicDetails
1,UC2liIKa5d4tvBiNzBng20PA,Python,"Enjoy the POV video :)",2019-03-26T09:46:06Z,ja,JP,53718358,186000,78,https://yt3.ggpht.com/ytc/AIdro_lGi4z3whNpPXs0ag2AaCVfMzcw1l-eqKIXD_zMnPlZ32Q=s800-c-k-c0x00ffffff-no-rj,,"Lifestyle (parent topic)|Gaming (parent topic)|Action game"
2,UCywooHx7UiGuhvyQS4qcHvA,"Programador Python","Você só domina Python praticando. Bora codar? ",2023-08-04T14:48:47.551082Z,,BR,1960667,73900,117,https://yt3.ggpht.com/GizWPDuUU_1tsrRCfwAS7LwWAVdV38fQE5Mh_HErnlZedwuOUn7XC5EPOX-Fqk8JfTZt5Fyfow=s800-c-k-c0x00ffffff-no-rj,programacao|python|tutorial,"Lifestyle (parent topic)|Technology|Knowledge|Gaming (parent topic)"
3,UCripRddD4BnaMcU833ExuwA,"Python para Zumbis","https://linktr.ee/fmasanori Programação para iniciantes com Python ",2013-08-23T20:58:31Z,,BR,616633,24200,166,https://yt3.ggpht.com/ytc/AIdro_kPwEBRDIdrid0zQ3Rb89gD2opVM7cO3dtKgYDL9k-7pNM=s800-c-k-c0x00ffffff-no-rj,Python|comunidade|gratuito|pyladies|programação,"Technology|Knowledge|Lifestyle (parent topic)"
4,UC5I-yY3K44J8A5nYGo4tgCw,"Python Brasil","Bem-vindo ao Python Brasil, o seu Canal para explorar o incrível universo da programação Python! Proporcionamos uma jornada educativa e envolvente para todos, desde novatos curiosos até desenvolvedores experientes. Aprender Python é a chave para desbloquear um mundo de possibilidades. Em nosso canal, oferecemos conteúdo valioso para você ficar atualizado! Desvendamos os mistérios do Python de maneira simples, explicando conceitos, explorando funcionalidades e compartilhando insights para que você compreenda totalmente o potencial dessa linguagem. No Python Brasil, não apenas oferecemos tutoriais, mas também guiamos você por meio de aulas abrangentes. Aprenda não apenas a escrever código, mas a criar soluções robustas e eficientes. Inscreva-se agora para não perder nossos vídeos emocionantes! Junte-se à comunidade Python Brasil, onde a aprendizagem é empolgante, acessível e gratificante. Estamos aqui para inspirar, ensinar e capacitar. Vamos crescer juntos na jornada Python! ",2023-04-05T23:28:47.16574Z,,,25134,1250,86,https://yt3.ggpht.com/G0f54_qJ-rhQTg7moFdvlLVv9yAPtHp7-7mvdZU6zfIqb02d10Q6vQv688Q1r0zgQ9aHCkg3KA=s800-c-k-c0x00ffffff-no-rj,,"Technology|Knowledge|Lifestyle (parent topic)"
5,UCSCeh6nJILegqsqsS1WizOQ,"Regis do Python","Dicas de Django.",2013-12-05T02:55:01Z,,BR,520289,6920,398,https://yt3.ggpht.com/ytc/AIdro_mNjy302QCMg4kWUsgH6-oP40VzIlB7Pjj63RrOaMWNDrg=s800-c-k-c0x00ffffff-no-rj,"python|sqlite|tutorial|django|drf|programação|dev|desenvolvimento|htmx|dicas|jwt|autenticação|login|templates|programacao|autenticacao|django rest framework|dicas de django|super dicas|curso django|django gratis|curso html","Lifestyle (parent topic)|Technology|Knowledge"
6,UC0L2VMhVc4S8seagF6DKO3A,"Daxus | Empowerdata Python","A Empowerdata agora é Daxus! Uma plataforma que conecta aprendizado prático a resultados reais. Aqui, você vai encontrar aulas gratuitas, cases de alunos, conteúdos atualizados sobre Power BI, Inteligência Artificial e muito mais. Aqui você vai apender Python, Javascript, Power BI, Excel, PowerPoint, Power Plataform, Inteligência Artificial e também vai desenvolver suas habilidades comportamentais como Comunicação e Oratória, Gestão de carreira, Inteligência emocional e muito mais. Tudo isso focado na construção da sua carreira! Confira nosso Canal Oficial Daxus: https://www.youtube.com/@daxusbrasil ",2022-11-27T15:55:35.760468Z,,BR,406020,37200,36,https://yt3.ggpht.com/WS1hLDfYdbECd3lFq1twnwrq3Fx6fYb1mRCs4tVQjwZLgs_H-LR7KvoJG55xkwAyX0NkgEXk=s800-c-k-c0x00ffffff-no-rj,"programação|python|tutoriais|inteligência artificial|ciência de dados|análise de dados|desenvolvimento de sistemas|banco de dados","Gaming (parent topic)|Knowledge|Technology|Lifestyle (parent topic)"
7,UCrNPk78dhdU0oOnBFf0fOKA,Python,"I make videos that I find very interesting! Want to sponsor me? Use my business email and I'll review what you would like me to promote python@organisedtalent.com ",2022-10-20T20:07:23.344544Z,,,8459271,78400,63,https://yt3.ggpht.com/ro_PD2wo5P3humJHzDo-4TQdnNHt1UzgflwvBo4iHGfCg9d8mpjzL2veDzW2_UMXrKX46VvMRw=s800-c-k-c0x00ffffff-no-rj,roblox,"Casual game|Action-adventure game|Gaming (parent topic)|Role-playing video game"
8,UCj4b_YT4QnFy6nx3dRCuc1w,"Python Coding (CLCODING)","Welcome to CLCODING – Your Python Powerhouse! 🐍 At CLCODING, we simplify Python programming for developers, students, and tech enthusiasts. From beginner tips to advanced projects, we cover: 🔹 Python Basics & Interview Questions 🔹 Real-World Projects & Use Cases 🔹 Data Science, Automation, Ethical Hacking 🔹 Python Libraries (Pandas, NumPy, Matplotlib & more) 🔹 Daily Coding Challenges & Quizzes Join our fast-growing community of coders and level up your Python skills with content that’s practical, clean, and fun. 📅 New videos Daily 🌐 Visit: clcoding.com 📲 Follow us on X, Threads, Instagram — @clcoding 👉 Subscribe now and code smarter with CLCODING! ",2022-01-29T04:18:21.220206Z,,IN,911992,54400,1336,https://yt3.ggpht.com/NQs8emQwnP1OO7s7eBPJ2nn80dIImqnKF7A0DpduWZgdN6XBBt6DCTsuR5iTt2umk8pcewnCsUQ=s800-c-k-c0x00ffffff-no-rj,"Python|Python|Python coding|Python Programming|Python code|Python Module|Python Library|Python for kid|Simple Python|Code in Python|Program in Python|Python coding|Python Programming|Python code|Python Module|Python Library|Python for kid|Simple Python|Code in Python|Program in Python","Lifestyle (parent topic)|Knowledge|Technology"
9,UCKQdc0-Targ4nDIAUrlfKiA,"Python Simplified","Hi everyone! My name is Mariya and I'm a software developer from Vancouver, British Columbia. I film programming tutorials about Computer Science Concepts, GUI Applications, Machine Learning and Artificial Intelligence, Automation and Web Scraping, Data Science and even Math! 🤓 I'm here to help you with your programming journey (in particular - your Python programming journey 😉) and show you how many beautiful and powerful things we can do with code! 💪💪💪 ",2019-01-25T00:48:09Z,,CA,12796833,275000,228,https://yt3.ggpht.com/ytc/AIdro_ngt_N86CG1gQ576UmAbpFyxnCZddjPWzzKXzTfxljsZkM=s800-c-k-c0x00ffffff-no-rj,"python|code|automation|automate|coding|ai|ml|bots|analytics|statistics|computing|python programming|learn python|learn programming|learn coding|python tutorial|coding tutorial|coding lessons|programming lessons|python lessons|create GUI|web scraping|create a bot|learn automation|artificial intelligence|machine learning|deep learning|data science|parallel computing|computer science","Knowledge|Technology|Lifestyle (parent topic)"
10,UCbXgNpp0jedKWcQiULLbDTA,"Patrick Loeber","Free Python and Machine Learning Tutorials! Hi, I'm Patrick. I’m a passionate Software Engineer who loves Machine Learning, Computer Vision, and Data Science. I create free content in order to help more people get into those fields. If you have any questions, feedback, or comments, just shoot me a message! I am happy to talk to you :) If you like my content, please subscribe to the channel! Please check out my website for more information: https://www.python-engineer.com If you find these videos useful and would like to support my work you can find me on Patreon: https://www.patreon.com/patrickloeber Legal: https://www.python-engineer.com/legal-notice/ ",2019-05-03T11:22:33Z,,,24208231,289000,207,https://yt3.ggpht.com/MtAplIas7mSTWrQwKxSEM9NNVaZNzIhXhVsMADkkz0Rz6wcpC2pEpkp3RqPn6N9Lvv1F9Ymm=s800-c-k-c0x00ffffff-no-rj,,"Technology|Knowledge|Lifestyle (parent topic)"
11,UCcdceOajR9QZFAnMiQTAraA,"Direto ao Python","Bem-vindo ao canal Direto ao Python! Aqui você encontrará tutoriais sobre programação em Python, focados em aplicações reais e projetos do dia a dia. Se você é iniciante ou já tem alguma experiência em programação, este é o lugar ideal para aprender a criar soluções úteis com Python. Vamos explorar bibliotecas, frameworks e técnicas que tornam a programação divertida e eficiente. Inscreva-se e comece a desenvolver suas habilidades em Python!",2024-07-04T00:23:57.167982Z,,BR,6975,279,24,https://yt3.ggpht.com/wcFrl154YNr83KbRxMghKYFCGKKhvLTu2J4eSufRowtYzEjC4sG5kHGLEyuww3dIws-HvvpHYw=s800-c-k-c0x00ffffff-no-rj,python|piton|paiton|paithon|flet|flat|pycharm|desenvolvimento|qgis|mobile|flutter,"Lifestyle (parent topic)|Knowledge|Technology"
12,UCafFexaRoRylOKdzGBU6Pgg,"Hashtag Programação","Bem-vindo ao canal Hashtag Programação! Se você quer dominar as linguagens de programação mais requisitadas no mercado, está no lugar certo. Aqui, ensinamos Python, JavaScript, HTML, CSS, SQL e Ciência de Dados, desde o básico até o avançado, com uma abordagem prática e direta ao ponto. Nosso objetivo é capacitar você com as habilidades necessárias para enfrentar os desafios do mercado de tecnologia. Acreditamos que a melhor forma de aprender a programar é colocando a mão na massa, e é isso que nossos tutoriais e cursos oferecem: conhecimento aplicável que você pode usar imediatamente em seus projetos. Além dos conteúdos didáticos, nosso canal é uma comunidade vibrante onde programadores de todos os níveis compartilham suas experiências, tiram dúvidas e crescem juntos. Se você quer se destacar como desenvolvedor, inscreva-se no canal e ative as notificações para ficar por dentro de todas as novidades! ",2020-10-19T13:14:14.581427Z,,BR,42425971,701000,1543,https://yt3.ggpht.com/n5GUY-L5kuEeNCdK5g0FiVbhoAHQJxAI-3xxvPIm1Qb2zjfRHrqNp6dakUwKGZUfBiyBrWqJPW4=s800-c-k-c0x00ffffff-no-rj,"Python|Programação|Inteligência Artifical|Ciência de Dados","Lifestyle (parent topic)|Knowledge|Technology"
13,UCTVGjydBHM2g5_K18MZqE4Q,"Programming in Python","Official channel for the introductory course ""Programming in Python"" offered as a part of the BS degree at IIT Madras.",2022-09-11T07:34:04.314995Z,,,461524,18100,550,https://yt3.ggpht.com/2_drb8QvAf_P9AiYEXs_0fZUdKRpbYo2ed4B6w8iC3q4C8Z3L0mUwJClh1Npa41InSEJ_YUfegw=s800-c-k-c0x00ffffff-no-rj,,"Technology|Knowledge|Lifestyle (parent topic)"
14,UCapoJgKKWSmyDcGOHl5UlNQ,"CG Python","I help 3D artists learn Python on Skool https://www.skool.com/cgpython/about Python tutorials for CG artists. You can expect quick to the point tips, tricks, and tutorials about how to use the Python programming language for CG art. Alongside technical deep dives for artists who want to gain a better understanding of Python. All opinions are my own. ",2021-03-20T23:02:19.391187Z,,,897178,14500,127,https://yt3.ggpht.com/sY2SuUpdE9VqR4f0-6vmsGh9uCOduuy68iXMGkVkC6IFOJ3oWEV76JCHQNrIAvBCSob5vWuytA=s800-c-k-c0x00ffffff-no-rj,,"Lifestyle (parent topic)|Knowledge|Technology"
15,UCrWnnRBtwusyMMCMxj-ZQRA,"Step into python","🎯 Welcome to Step into Python! Your ultimate destination to learn Python programming step by step — from beginner to advanced. We make coding simple, practical, and fun with clear explanations, real-world examples, and hands-on projects. 💡 What you’ll learn: Python basics to advanced concepts Data structures, functions & modules Object-Oriented Programming (OOP) File handling, exceptions, and more Mini projects & coding exercises 🔥 Whether you're a student, beginner, or aspiring developer, this channel helps you build a strong foundation in Python and grow your coding confidence. 📘 Subscribe now and start your journey — 👉 Step into Python… and step up your skills! 🐍",2025-11-09T14:20:44.813056Z,,,5709,70,12,https://yt3.ggpht.com/mbcKr-Pu9KyfsE_OOTDqi_LHsRcy09ekMcPIohGUm3mUcjGiAJEG1sa6JVb-T46qrqGbWdnQRw=s800-c-k-c0x00ffffff-no-rj,,"Lifestyle (parent topic)|Knowledge|Technology"
16,UCKPSmMfDsXTKrCZApukcJ7A,"Talk Python","Talk Python to Me is a weekly podcast hosted by Michael Kennedy. The show covers a wide array of Python topics as well as many related topics (e.g. MongoDB, AngularJS, DevOps). The format is a casual 45 minute conversation with industry experts. Have feedback for the show? Send it to talkpythontome@michaelckennedy.net. We'd love to hear from you. The show is owned and operated by PDX Web Properties, LLC. (a small company run by Michael Kennedy).",2015-04-27T16:46:12Z,,US,1008326,28300,563,https://yt3.ggpht.com/ytc/AIdro_ljnxfbHaHHrtAm07LKKsr6qLfg7UDgd8lbO08ic8GRRd8=s800-c-k-c0x00ffffff-no-rj,"Python|Podcast|Course|Courses|Software Development|web development|data science","Technology|Knowledge|Lifestyle (parent topic)"
17,UCI0vQvr9aFn27yR6Ej6n5UA,"Real Python","Python tutorials and training videos for Pythonistas that go beyond the basics. 🎓🐍 Get free Python tips and programming tutorials at https://realpython.com Hey, I’m Dan Bader and I help Python developers take their coding skills and productivity to the next level. I’m an independent software engineer, author, and speaker. I’ve been developing software for 15 years—and I’d love to help you become a more proficient Python coder. On this channel you’ll get new Python videos and screencasts every week. They’re bite-sized and to the point so you can fit them in with your day and pick up new Python skills on the side: ► Free Python Articles & Tutorials: https://realpython.com ► Listen to the Real Python Podcast: https://realpython.com/podcast",2013-05-22T11:01:27Z,,US,10768141,205000,1068,https://yt3.ggpht.com/ytc/AIdro_nzF12uuoHg0gD_rl6GKh3imllb_MI7Npr2B6tJpZp939U=s800-c-k-c0x00ffffff-no-rj,"python|pythonista|dbader|dbader.org|realpython|python training|python tutorial|python class|python videos|python programming|python for beginners|dan bader|python coaching|pythob jobs|python classes|python tutorial for beginners|python training online|real python","Knowledge|Technology|Lifestyle (parent topic)"
18,UC68KSmHePPePCjW4v57VPQg,"Python Programmer","Hi I'm Giles, I make videos about learning 🧠 I have a degree in physics, a post graduate certificate in Data Science and am a former medical physics researcher and before all that I was a financial journalist. I share the best evidence based learning techniques to help you learn anything you want. ",2008-08-16T08:48:33Z,,GB,50271457,776000,226,https://yt3.ggpht.com/ytc/AIdro_nIRNdG4jBmhOnEvlrRrEsVe0uoIoSfLBOSGu70FzBUFyg=s800-c-k-c0x00ffffff-no-rj,"maths|math|pandas|numpy|physics|science|learning|science|data science|data analysis|Python for beginners|book reviews|machine learning|learning hacks","Technology|Knowledge|Lifestyle (parent topic)"
19,UCZbgIFjQ55-kWyqC4v00GNw,"Venha Aprender Python do Básico ao Avançado","Bem-vindo ao meu canal do Youtube sobre Python! Aqui você encontrará aulas detalhadas sobre programação em Python, desde os conceitos básicos até os avançados. Se você está procurando aprender Python desde o início ou se deseja aperfeiçoar suas habilidades de codificação, este é o canal perfeito para você. Com uma abordagem passo a passo e exemplos práticos, incluindo sintaxe básica, estruturas de controle de fluxo, funções, módulos, manipulação de arquivos, programação orientada a objetos, entre outros. Além disso, também discutiremos aplicações reais de Python, como análise de dados, processamento de texto, inteligência artificial e muito mais. Inscreva-se agora e junte-se a milhares de outros programadores apaixonados por Python em sua jornada de aprendizado! Python, programação, codificação, aprendizado, habilidades, iniciantes, avançado, sintaxe, controle de fluxo, funções, módulos, arquivos, OOP, análise de dados, processamento de texto, inteligência artificial. ",2014-11-25T21:03:24Z,,BR,4831,80,194,https://yt3.ggpht.com/aYu3ua8M-La9BJJOGj67hVYkqzfD0iuJowYEjxYxf6R_BFZiGip5SkuXhbVPsF8ialaWPU7t=s800-c-k-c0x00ffffff-no-rj,"Programação|Python|Algoritmos|Inteligência Artificial|Aprendizado de Máquina|Data Science|Visualização de Dados|Ciência de Dados|Desenvolvimento de Software","Lifestyle (parent topic)|Knowledge|Technology"
20,UCEoNL-znrywHalaunyQrUBw,"Python Nordeste","A Python Nordeste é o maior encontro da comunidade Python na região. É um evento itinerante que ocorre anualmente nas cidades do Nordeste. Para mais informações, consulte: https://pythonnordeste.org/ ",2016-04-19T13:37:35Z,,,20832,845,62,https://yt3.ggpht.com/ytc/AIdro_mmGR1RGWQx4Ad9UpzZdHokO9QLopnLBwiw5pruuKZ5JN0=s800-c-k-c0x00ffffff-no-rj,,"Lifestyle (parent topic)|Knowledge|Technology"
21,UCriSeSrJ8vC54Vg8IWIJ7IQ,pythonman,"Welcome to Python Man! This channel is dedicated to helping you master Data Structures and Algorithms (DSA) using Python, all in Telugu! Whether you're just starting or looking to level up your coding skills, I’m here to make DSA concepts easy and fun to learn. You’ll find detailed explanations, problem-solving tutorials, and tips to boost your coding abilities, all in our native language, Telugu. Join me on this journey to enhance your problem-solving skills and coding knowledge. Don't forget to subscribe and hit the bell icon to stay updated with new videos! ",2025-06-03T23:43:11.918635Z,,,18579,1410,17,https://yt3.ggpht.com/_BFRNbglPjkNsJeiyjV1J0kygTn-nLAbwhl7dom9QED3w-wpPN91vl_cra2xb7TMj_KEvbaGSA=s800-c-k-c0x00ffffff-no-rj,,"Technology|Knowledge|Lifestyle (parent topic)"
22,UCCezIgC97PvUuR4_gbFUs5g,"Corey Schafer","Welcome to my Channel. This channel is focused on creating tutorials and walkthroughs for software developers, programmers, and engineers. We cover topics for all different skill levels, so whether you are a beginner or have many years of experience, this channel will have something for you. We've already released a wide variety of videos on topics that include: Python, Git, Development Environments, Terminal Commands, SQL, Programming Terms, JavaScript, Computer Science Fundamentals, and plenty of other tips and tricks which will help you in your career. If you enjoy these videos and would like to support my channel, I would greatly appreciate any assistance through my Patreon account: https://www.patreon.com/coreyms You can find me on: My website - http://coreyms.com/ Facebook - https://www.facebook.com/CoreyMSchafer Twitter - https://twitter.com/CoreyMSchafer Google Plus - https://plus.google.com/+CoreySchafer44/posts Tumblr - https://www.tumblr.com/blog/mycms",2006-05-31T22:49:22Z,,US,105862579,1500000,254,https://yt3.ggpht.com/ytc/AIdro_lD6K9DGGqWttThktCDttOdlHIHWZQ7Gcdd9WRSEqYUxw=s800-c-k-c0x00ffffff-no-rj,"Python|SQL|Linux|Tutorials|Programming|Education|Coding|How-to|Web Development|Web Design","Lifestyle (parent topic)|Knowledge|Technology"
23,UCIlUBOXnXjxdjmL_atU53kA,"Cours Python","Apprenez Python avec la chaîne ""Cours Python"" qui met à disposition toutes les vidéos du MOOC ""Python : des fondamentaux aux concepts avancés du langage"" produit par Université Côte d'Azur (UCA) et Inria et conçu par Arnaud Legout et Thierry Parmentelat. Si vous aimez ce contenu vidéo, je vous recommande de suivre le MOOC disponible sur le site de France Université Numérique (FUN) https://www.fun-mooc.fr qui ajoute aux vidéos des compléments, des exercices, des mini projets et un forum de discussions. ",2017-11-02T10:11:43Z,,,306609,5900,72,https://yt3.ggpht.com/DZpOiyy-pRP4_MXZO1i5RAkkOKHIilFpEXOehhOItHQlIXD8rZK97cUBDJCNxJKrVsStxZGf=s800-c-k-c0x00ffffff-no-rj,,"Lifestyle (parent topic)|Knowledge|Technology"
24,UC7O6kGcxQJnPFcKLUeWMMPA,"Monty Python Brasil","O canal (quase) mais completo sobre Monty Python do Brasil. Aqui você encontra curiosidades sobre os filmes, a série Flying Circus, os membros do Monty Python e, é claro, sem dizer NI pra não ofender ninguém! www.andartolo.com BlueSky: @montypythonbrasil Instagram: @montypythonbrasil TikTok: @montypythonbrasil",2013-02-18T22:11:25Z,,BR,198572,3870,390,https://yt3.ggpht.com/lIhwSi17OMzAmCBQq4Jgrhvsze_XSmISUqvtPPOgc65xjOxf0Twyfb9hOblcXZ9P8lgHyBwvRA=s800-c-k-c0x00ffffff-no-rj,"humor|britânico|inglês|grupo|monty python brasil|andar tolo|john cleese|eric idle|michael palin|graham chapman|terry jones|terry gilliam|carol cleveland|humor britânico|monty python|silly walk|monty python em busca do cálice sagrado|monty python legendado|monty python biggus dickus|monty python bruxa|monty python spam|monty python a vida de brian|monty python futebol filosofico dublado|monty python coelho|monty python peewee|monty python andorinha","Knowledge|Humor|Entertainment (parent topic)|Movies"
25,UC98CzaYuFNAA_gOINFB0e4Q,"EuroPython Conference","The official YouTube Channel of the EuroPython conferences. Current edition: EuroPython 2025. EuroPython is the official European conference for the Python programming language. Copyright © 2004-2025, EuroPython Speakers, EuroPython Society, Sweden and the Local Organisers of the EuroPython conferences. ""EuroPython"" is a trademark of the EuroPython Society. ",2011-07-04T16:27:05Z,,SE,4250699,35400,2247,https://yt3.ggpht.com/xi7teS3KSsdcQoc989Ha9NOVOi4d8biv2yQcNEORE-bkfk7AFklqR28sWl3rGEw0kcYue7BA6Jk=s800-c-k-c0x00ffffff-no-rj,"europython|python|pycon|europe|python conference|python code|python programmers|europython conference|python developers","Lifestyle (parent topic)|Knowledge|Technology"
26,UCdpQJDGrM3Xj58ZFF-2UNBA,"Python DS","PythonDS: Data Science no Python e mais... Canal criado por Janio Lima, autodidata (e viciado) em Python, RPA, Data Science e linguagens de programação em geral. Aventureiro em Linguagem C e hobista em microcontroladores, especialmente, ESP-8266 e Arduino. Começando também aprendizado de Raspberry Pi e a cada dia buscando acrescentar novas ferramentas e aprendizados na bagagem. A ideia desse espaço é compartilhar estes aprendizados e trocar experiências com quem estiver a fim de aprender com foco principal em Python, mas com diversificação para ferramentas complementares e outras linguagens. Python e seu logo são marcas registradas da Python Software Foundation. Este canal não possui nenhuma relação formal nem é apoiado ou de qualquer forma referendado por aquela instituição. 2019-2024. Janio de Souza Lima. Conteúdo desenvolvido e compartilhado exclusivamente com propósitos educacionais.",2020-04-21T15:10:08.283676Z,,BR,162126,3970,119,https://yt3.ggpht.com/3P_pzQpCMjfOCJFmyA2INxMGwamSFqvf3zBkLRYp3RMkgXMDdL8C3pDy_sS9xWsfUHVJM_tC=s800-c-k-c0x00ffffff-no-rj,python|programação|code|coding|tecnologia|datas|science,"Lifestyle (parent topic)|Knowledge|Technology"
27,UCMjMBMGt0WJQLeluw6qNJuA,"PyCon US","PyCon US is the largest annual gathering for the community that uses and develops the open-source Python programming language. It is a conference produced and underwritten by the Python Software Foundation (https://www.python.org/psf/) PyCon US (https://us.pycon.org/2026/) is organized by the Python community for the community. We try to keep registration far cheaper than most comparable technology conferences to make PyCon US accessible to the widest group possible. PyCon US is a diverse conference dedicated to providing an enjoyable experience to everyone. Our code of conduct is intended to help everyone maintain the PyCon US spirit. We thank all attendees and staff for observing it: https://policies.python.org/us.pycon.org/code-of-conduct/.",2020-02-12T21:08:24.450421Z,,US,1763777,33700,705,https://yt3.ggpht.com/TBWasUdBE0Iq4_99RsJlmoodqA1PajIO8ngfkC6Ew7wK1sRVcZDEgOD0MADwXBJey6g8OwD10g=s800-c-k-c0x00ffffff-no-rj,,"Technology|Knowledge|Lifestyle (parent topic)"
28,UCxHBj6mfMn7AChmbpvDroKg,"Python Developer - 0.1","Welcome To My YouTube Channel 🐍 Learn, build, and grow with Python — the most powerful and beginner-friendly programming language in the world! This channel is dedicated to helping students, developers, and professionals master Python programming through step-by-step tutorials, projects, and real-world examples. 🚀 What You’ll Find Here: 🐢 Turtle Graphics Design (GUI Programming) 🎮 Python Game Development 🌐 Django Web Development 🤖 Machine Learning 📊 Data Science Projects 🧠 Artificial Intelligence Concepts 💼 Python Interview Questions & Tips 💡 About Python: Python, created by Guido van Rossum and released in 1991, is a high-level, interpreted, and open-source programming language. It’s designed to be simple, readable, and powerful, making it perfect for beginners and experts alike. 🎯 Start Learning Today! Subscribe to Python Developer - 0.1 and begin your journey into: 👉 Python Programming 👉 Web Development with Django 👉 AI Let’s code your future — one line at a time. 💻✨ ",2020-11-30T18:09:55.360853Z,,IN,1052703,6930,841,https://yt3.ggpht.com/kjKeNHOZ7hVsyYOsWG97VRRMy1d5caSWa2JEKUbu1my85C94mMp2QUlyzvSAxEMHlnMRwr5Obw=s800-c-k-c0x00ffffff-no-rj,"Django|python|programming|coding|developer|design|Python Developer - 0.1|Python Developer|Python Games|website development|Deploy Projects","Knowledge|Technology|Lifestyle (parent topic)"
29,UCRjs7gazj9zxRxNnjbACh-g,"Python Cerrado","O encontro da comunidade Python da região Centro-Oeste do Brasil, tem como objetivo promover a plataforma Python entre universidades, empresas e instituições da sociedade civil, ao mesmo tempo que foca em temas relacionados ao Software Livre. Isso, por sua vez, incentiva a difusão da cultura associada ao tema e a promoção e estímulo ao desenvolvimento da Região Centro-Oeste. ",2025-07-31T14:57:33.047059Z,,,649,54,9,https://yt3.ggpht.com/KbspV9BmeZwM-EMKQN7Ia7KowBiRbN-wYlJFuRmbW3vmBYznOJyO_iRXwhDJaowkT1lyUFIe=s800-c-k-c0x00ffffff-no-rj,,"Technology|Knowledge|Lifestyle (parent topic)"
30,UCkvQcNjmC_duLhvDxeUPJAg,"Python Biella Group","Community Italiana di Python che si pone l'obiettivo di studiare e apprendere l'omonimo linguaggio di programmazione in tutte le sue accezioni Il nostro motto: C’è sempre qualcosa da imparare per migliorarci e crescere…insieme! Iscriviti alla nostra community e al canale per supportare le nostre iniziative e per imparare assieme a noi. ",2020-12-19T13:46:08.183969Z,it,IT,108500,2420,160,https://yt3.ggpht.com/vi_vnDY0HwreCA0dsr9R0hcU2O1sC1dF6_DK_9M5nqn8K2MEtMKfcou-zIWrPoulTEzO60vMXw=s800-c-k-c0x00ffffff-no-rj,"Python|Biella|Programmazione|programming|coding|code|dev|development|it|ai|bot|framework|community|live|recordings|learning|course|corso|diretta|registrazioni|chatbot|data|dati|backend|frontend|db|database|machine learning","Lifestyle (parent topic)|Knowledge|Technology"
31,UC5Kgc_HNzx4GJ-w4QMeeKiQ,"Pythonプログラミング VTuber サプー","Pythonプログラミングについて解説するVTuber サプーです✨ 初心者でも分かりやすく、Pythonを学習できるような動画をアップロードしていきます！ みんなが少しでもPythonが好きになってくれたら嬉しいな💕 Xをやってるので、フォローお願いします！ X ▶︎ https://x.com/PythonSuppl メール ▶︎ python.supu.vtuber@gmail.com HP ▶︎https://python-vtuber-supu.github.io/ 🩵 来歴 🩵 2021年1月：Python プログラミング VTuber としてデビュー 2022年1月：チャンネル登録者数１万人を突破 2024年7月：「VTuberサプーが教える！Python初心者のコード／プロのコード」を出版 2024年11月：チャンネル登録者数１０万人を突破 2025年2月：Developers Summit 2025 「ITエンジニア本大賞2025」プレゼン大会に登壇 💛 書籍出版 💛 VTuberサプーが教える！Python初心者のコード／プロのコード ▶︎ https://www.amazon.co.jp/dp/4297142856 ",2021-01-21T13:05:32.969273Z,,JP,9414904,150000,264,https://yt3.ggpht.com/5U7ZN8Uwxm0yWSWJRJ4Le-BT-rfMVwHB4jw0ixBoiEk_bgvb2A5RYUD6db0BPL-n40GRr54ESA=s800-c-k-c0x00ffffff-no-rj,プログラミング|Python|初心者|入門|基本|パイソン|学習,"Lifestyle (parent topic)|Technology"
32,UCoxFkMMqobh_sBPmVZiDMCA,explore.python,"let's Learn python programming language. .with me ,☺️ Best programming Language for AI 😎. https://www.youtube.com/@explorepython",2025-03-17T17:09:27.579284Z,,,6714,28,48,https://yt3.ggpht.com/XLo0ljkjlQFtc5aX3XAP0aexVmmPgGgUCp9eRwQucbAb3ZT_l4Xk0XzZKKxaTkHr7_Fr2F4J=s800-c-k-c0x00ffffff-no-rj,,"Lifestyle (parent topic)|Knowledge|Technology"
33,UCd3wQye3xG9Jt55neyVt3uw,"Dé Contra Python","oi eu sou programador e quero compartilhar o que faço :)",2025-01-24T17:33:03.149097Z,,,2,0,2,https://yt3.ggpht.com/dhVAu5s9iV_WtJ7Q8A00e6jD-bSqQyYk5k0ygMbUeA8GeWg4Rrv61X3cd4SHrm6PUWMqxbdq=s800-c-k-c0x00ffffff-no-rj,,
34,UCvqscgZKhDoKP-kEQm_kZ-Q,"Leonardo Frugal - Oficina Python",,2017-06-30T12:44:41Z,,,22767,667,39,https://yt3.ggpht.com/e8B0lwqA8QEgyvYIbBmZEoXs2Bp7Cdx0vc8kMExELIjAzfkyQV2SGFu_fqC64svyWxY3cefji6g=s800-c-k-c0x00ffffff-no-rj,,"Technology|Knowledge|Lifestyle (parent topic)"
35,UCt3NmQ5Xwm2qeQ6wUrzhS6Q,"p for python","https://www.youtube.com/c/pforpython Sooch ko badloo nazarey badal jatey hai",2015-08-17T05:26:34Z,,IN,73494,437,302,https://yt3.ggpht.com/LZJCkuDoL6KeUlp7BlYSv5kxB3pjkN1o5y5uA-R4b-QzVONOLIRTYEMCVWoW4mi9uxOV_mO9OQ=s800-c-k-c0x00ffffff-no-rj,Guruji,"Lifestyle (parent topic)|Knowledge|Technology"
36,UClbtTCONv0ZFoM399-r4CnA,"Learning Python","Welcome to Learning Python. This is a channel to master programming in Python.",2021-04-05T17:51:32.857045Z,,DE,1142287,16500,152,https://yt3.ggpht.com/ytc/AIdro_n-RhXFUGmIRTLmfCaJ2yyaShTrTGxUxmd9PykzeuXR_A=s800-c-k-c0x00ffffff-no-rj,"python|learning python|python 3|learn python the hard way","Technology|Knowledge|Lifestyle (parent topic)"
37,UCSwSD4MeOxb-29ezJi39Xgw,"The Python Quants","This channel provides mostly instructional videos and talks by Yves Hilpisch and The Python Quants. The focus lies on Python for Finance, Artificial Intelligence and Algorithmic Trading.",2012-11-23T15:17:30Z,,,307735,10400,114,https://yt3.ggpht.com/6NzXqOiEyK4OJx4L34tj0gvayKn8946aKF84vDXSALFJY6azAac5QUeAafUGkfFT5bioDzNmE7E=s800-c-k-c0x00ffffff-no-rj,"Python|Finance|Algorithmic Trading|Artificial Intelligence|Machine Learning|Deep Learning|Data Science|AI Engineering","Technology|Knowledge|Lifestyle (parent topic)"
38,UCJTdDhg2jRKl32IhgpLFjKQ,"Com Python","Nesse canal vamos ver um pouco de Python, e como podemos criar algumas ferramentas. ",2021-07-17T18:54:19.124597Z,,BR,29953,527,18,https://yt3.ggpht.com/MldSnEQh9zBTfN4M7TzvBV9ToT3W3pWUfdG9Yknoh-BYIcCBgFIlB1POyiUOswMhMRreelYMrcY=s800-c-k-c0x00ffffff-no-rj,"python|python3|scapy|programação|redes de computadores|python para tecnicos|tecnico em informática|como suar python|python avançado|python tools|com python","Lifestyle (parent topic)|Technology|Knowledge"
39,UCHeNxWGbq_0v2lNCgWplNGQ,"Python Basics","Learn the basics of python programming language. Simple and easy to learn.",2017-03-19T20:43:27Z,,US,1110456,13900,1294,https://yt3.ggpht.com/ytc/AIdro_mhfOPX9GHb6ITpwirzvwO7bfKxTGY2kowNOxtd3cqkgA=s800-c-k-c0x00ffffff-no-rj,"python|basics|programming|python basics for absolute beginners|python programming","Technology|Knowledge|Lifestyle (parent topic)"
40,UCT6O3b2PUABjKjbmcUHQguA,"BotCity BR - Plataforma de Governança para Python","A democratização da AI e do Python nas áreas de negócio criou um desafio crítico para o C-Level: o Shadow Python. Scripts e agentes sem governança rodam em endpoints corporativos, gerando riscos de segurança, falta de rastreabilidade e lacunas de conformidade. Com +7 anos de experiência em governança de Python, desenvolvemos o BotCity Sentinel, um agente de monitoramento de Python + AI nas estações de trabalho. Ele atua como uma camada de observabilidade que detecta o uso de Python+AI, cria inventário contínuo, gera relatórios executivos e de conformidade, e entrega alertas priorizados por risco para TI e Segurança. Com o BotCity Sentinel, sua empresa garante: - Inovação Segura: liberdade para as equipes inovarem com AI sob a supervisão da TI. - Visibilidade em Endpoints: inventário em tempo real e auditoria de riscos. - Compliance sem Atrito: governança ativa sem impactar a produtividade. Escale com Governança. Saiba mais: https://www.botcity.ai ",2022-09-13T16:44:20.376322Z,,,54892,1270,50,https://yt3.ggpht.com/m-jEnO9UEmT62Q5gmDA82MBuwgU9lhx2tBIyIyTb8iq2D2L-RZpq9VDQrXIeT_Z9ob3zcov6zsA=s800-c-k-c0x00ffffff-no-rj,"RPA|Python|Selenium|Puppeteer|Playwright|Orchestration|Automation|Hyperautomation|Python RPA|RPA Python|Robotic Process Automation|Robot Framework|Web scrapping|Java RPA|Javascript RPA|Process Automation|Intelligent Automation","Technology|Knowledge|Lifestyle (parent topic)"
41,UCXd8rzn7y0g_bCXpyoEg2Sg,"Python P - Topic",,2025-09-18T18:20:24.324628Z,,,59950,128,14,https://yt3.ggpht.com/4OaAX6i2kmVPfpB-Ju3hn8q2kqBiQzf81ZZZRVL9sA46eiKNr3fqM_ANBu1qHKa1m0nu-iwKyrE=s800-c-k-c0x00ffffff-no-rj,,"Pop music|Hip hop music|Music (parent topic)"
42,UCy00NmeqM31Fkyln5Id_92g,"Dev Python","Este é o canal certo para aprender a programar e acertar o seu primeiro emprego, gerar renda e se tornar um perfeito destaque no mundo da programação, Venha aprender ",2024-05-10T18:43:10.421888Z,,BR,25239,4270,69,https://yt3.ggpht.com/43qf8vvVydTfUSobzA-Os4gbKpuyYDn-KbVsAQh4X0fHYrERHg7D_sQv9wgewkIupIxiYl9V3A=s800-c-k-c0x00ffffff-no-rj,"python|flet|sql|dev python|aprender python|inteligência artificial|machine learning|flet python|deep learning|python web development|python webscraping","Lifestyle (parent topic)|Knowledge|Technology"
43,UCLc1vUexbRTlRBJcUG9U6ug,"North Bay Python","North Bay Python is a single-track Python conference held north of the Golden Gate in in a barn on a working ranch just outside Petaluma, California. We're nonprofit and community-run, serving professionals, enthusiasts and students alike. We aim to be accessible, inclusive, and affordable.",2017-10-30T04:51:16Z,,US,491482,6550,116,https://yt3.ggpht.com/ytc/AIdro_nN-O1cGS-jXYmCTDcYAyGbTu4bW9JlFKB55JSKkFfAVA=s800-c-k-c0x00ffffff-no-rj,,"Technology|Knowledge|Lifestyle (parent topic)"
44,UCysULjmzRXTCvWro-83D1Uw,"Python Pará","Comunidade de usuários e desenvolvedores que utilizam Python no Pará ",2025-12-01T00:24:36.128995Z,,,7,1,2,https://yt3.ggpht.com/k0iqKC1fJVVsypNijedQYD9QVfIGdT40by2ksEi1TusenBX3RTjNgJeAtfqwohSSNaIB5kbbEw=s800-c-k-c0x00ffffff-no-rj,,"Lifestyle (parent topic)|Technology|Knowledge"
45,UCgw11Au74VxgP7mxDbiueEQ,"Fall in Python","Welcome to the channel! This channel focuses on Python Tutorials, Data Science and Engineering applications using Python programming language. If you are just starting learning Python, check the ""Beginner Python Tutorials"" playlist first. print(""Welcome!"") Who am I? LinkedIn: https://www.linkedin.com/in/rscorrea-me/",2020-05-28T19:29:58.683245Z,,DE,26021,4480,27,https://yt3.ggpht.com/ytc/AIdro_kpHcE5OrKsHOcz_0CrrEeOsf1FHfRGAa3kHLiefk0cQA=s800-c-k-c0x00ffffff-no-rj,"python|tutorials|programming|education|coding|how-to|engineering|math|student|science|statistics|algebra|calculus|python tutorial|learn python|python full course|data science","Lifestyle (parent topic)|Knowledge|Technology"
46,UC6PiFyqBiUjiJ7Q3DRSW2Wg,"Python au lycée","Vidéos ""Python au lycée""",2017-10-12T07:33:37Z,,FR,668365,11500,62,https://yt3.ggpht.com/ytc/AIdro_kvkycxB7PmrhykyZy8RZ_YKR3Y6nAOhfD-hWUQ03VgIg=s800-c-k-c0x00ffffff-no-rj,,"Technology|Knowledge|Lifestyle (parent topic)"
47,UC6vY6GlklV7cNt5MohPWdSw,"Swiss Python Summit","The summit about the programming language you love. Here you can find recorded talks of the past summits. To find the slides, visit our website https://www.python-summit.ch/recordings/",2016-02-11T15:33:30Z,,CH,41035,440,80,https://yt3.ggpht.com/ytc/AIdro_k9PJ4Nk-qQpgsUTObGJYWyX3PgOiEV7cvDvSjz5ttX1Q=s800-c-k-c0x00ffffff-no-rj,,"Technology|Knowledge|Lifestyle (parent topic)"
48,UC2IRXg1rRD2yiig1Sqbf6iQ,"OpenEDG Python Institute","The OpenEDG Python Institute is an independent non-profit project venture established by the Open Education and Development Group to promote the Python programming language, train a new generation of Python programmers, and support professional careers in Python programming and related technologies. As part of its mission to improve and develop careers in Python programming, the OpenEDG Python Institute offers an independent global framework for curriculum development, skills assessment, and high-stakes Python programming exams.",2018-05-18T09:19:33Z,,,398680,3020,9,https://yt3.ggpht.com/VQmJcz8NVRWw9JiZALycR_ohyJVrwZPQqNvIL_Kt4_ZBb2FYWKEA3Booej9Jqye5kQoZLERL6Rg=s800-c-k-c0x00ffffff-no-rj,,"Technology|Knowledge|Lifestyle (parent topic)"
49,UCCqLuQlsXATKEUQPXhLpvIQ,"Python Hub","Welcome to Python Hub, your go-to destination for mastering Python. Immerse yourself in the language that's shaping the digital world. Whether you're a beginner or a seasoned coder, our informative and engaging tutorials have you covered. From basics to advanced concepts, Python Hub helps you explore, learn, and innovate in coding. Dive into our practical examples or challenge yourself with our coding tasks. Don’t just learn, start coding today with us at Python Hub, where coding meets creativity and innovation! Certification Courses - https://openinapp.link/a2nz4 Python App - https://openinapp.link/m641g Social Media Handles: Instagram: https://insta.openinapp.co/bek0y LinkedIn: https://linkedin.openinapp.co/gbi2q FB: https://fb.openinapp.co/ywtsv X: https://twtr.openinapp.co/5ehmg Subscribe : ) ",2024-01-18T11:27:25.719498Z,,IN,133996,4160,261,https://yt3.ggpht.com/QBidaf7728ojBr0SYIv98HmJk-burTnGpYtq6FziRVDXDUSNA-K-4L19KB0Pq_f8h2WTBtZKTQ=s800-c-k-c0x00ffffff-no-rj,"python|Python Hub|Python Tutorials|How to python|Programming language|learn python|python for fresher|python for beginners","Lifestyle (parent topic)|Knowledge|Technology"
50,UCsQg7RfnYn1HNf0446330Cw,"Python Patashala","""You're never too old to learn, and you're never too young to teach"" Welcome to Python Pathashala! Here you’ll learn Python programming, AI/ML basics, Data Structures, and real tech concepts explained in simple, clear Telugu. This channel is created to help: • Students gain knowledge in programming • Beginners in coding • Anyone who wants to learn in Telugu language • People preparing for placements What you’ll find here: ✔ Step-by-step Python tutorials ✔ Real-world projects ✔ DSA in Python ✔ Coding logic explained simply ✔ Career guidance in AI/ML & Software My goal is to make coding easy, fun, and understandable for everyone. Subscribe and start your coding journey with me! 🚀❤️ ",2025-11-24T12:18:24.634539Z,,IN,1793,148,10,https://yt3.ggpht.com/D9LDZucLMy1TEG2X8E3AVR9G8VNNIqKQXb_yusMQWCUzHen-pKiP0x9fQ4y35VkjH0tkgINQ7Io=s800-c-k-c0x00ffffff-no-rj,"Python tutorial|Python programming|Python for beginners|Python full course|Python coding|Python Patashala|Python Patashala programming lessons|Python for absolute beginners|Python zero to hero|Python from scratch|Python easy explanation|Python simple examples|Python crash course|Python practical course|Python hands-on lessons|Python interview questions|Python for placements|Python coding interview preparation|Python for AI & ML","Lifestyle (parent topic)|Knowledge|Technology"
51,UCIB8Ysl9hLr9xNYSEH17WOw,"Python Tech",,2014-09-27T01:44:00Z,,BR,67264,856,47,https://yt3.ggpht.com/KPl1ohIziNgt5kYEHG1JsZZer5m-HRjx5siZPkKMWeiAMfzkRM0_mx-y1tzyDcOzdva7PBednOs=s800-c-k-c0x00ffffff-no-rj,python|programação|java,"Lifestyle (parent topic)|Knowledge|Technology"
52,UCRVBd_OlTnAEf-oXHTS4rNw,"Goblin Universitário Python","Goblin Universitário é um projeto de educação a baixo custo, que objetiva o suporte e acompanhamento de alunos universitários. Esse se destaca no ensino por utilizar a técnica na auto-correção durante os cursos, ou seja, é necessário que o aluno compare a sua solução à solução proposta pelo curso. Podendo este, questionar e propor melhores soluções para a mesma questão. O projeto surgiu da necessidade de alunos da Universidade de Brasília, as disciplinas Cálculo 01, Cálculo 02 e Cálculo 03 juntas tem um grande índice de reprovação e desistência em número. Para reduzir esses índices, o Goblin se propôs a resolver todas as listas de Cálculo 01, abordando da forma mais simples e direta as soluções. O método proposto aos alunos aliado aos conhecimentos obtidos nas aulas da UNB é uma tentativa de melhoria de desempenho no ensino na Universidade de Brasília. ",2023-09-19T01:11:55.907788Z,,BR,2136,73,85,https://yt3.ggpht.com/oBWrNgCV_2oe7hr1YE2pziNhHQLVMcpZMQES_3i6L5eitTt545PPD10mbTdPmFBlc3y2L9Li=s800-c-k-c0x00ffffff-no-rj,"goblin|universitario|APC|ICC|Python|Computação|UnB|UNB|Lista|Algoritmo|Strings|Tuplas|Recusividade|Beecrowd|Funções|Dicionários|Variáveis|goblin universitario|Entradas/Saída de Dados|Listas 1|Listas 2|Project Euler|expressões e instruções","Lifestyle (parent topic)|Knowledge|Technology"
53,UCWgZ7IgOixWNiZXiqpI24dA,"Aprendendo python até simular um pulsar ","Estou aprendendo python até simular um pulsar kkkj",2025-12-17T20:24:55.062448Z,pt,BR,3166,14,4,https://yt3.ggpht.com/lmRxBUJ3ksqNT5Sy02ICydWjIPGekN-vJJOJdFWm4nScA_9x6RGOghopfArCNm5uzZej1HIj4Ak=s800-c-k-c0x00ffffff-no-rj,"Programação|Python|Astronomia|Pulsar|aprendizado|humor|computação|simulação|melhoria pessoal",
54,UCJ_gIPLffA7ZTYc5gOV6MgA,"Python New Zealand","Python New Zealand - https://python.nz Videos of all keynotes and talks at Kiwi PyCon, Aotearoa New Zealand's Python conference, since 2012. Videos of meetup talks. ",2013-07-30T02:09:39Z,,NZ,922356,6570,271,https://yt3.ggpht.com/2OaHA93HDSqbt7TTytxxEQAOSBHuBsMlrd4D-7doyhxZWn_16Lz2kZBjDG9rIGwacBdLb25LYA=s800-c-k-c0x00ffffff-no-rj,"pythonnz|python|nz|kiwi|pycon|kiwipycon|conference|kiwi pycon|new zealand python|new zealand pycon|python new zealand","Technology|Knowledge|Lifestyle (parent topic)"
55,UCa-_CI6tWWffqaBbBJC5fow,"Puget Sound Programming Python - PuPPy","PuPPy is one of Seattle's largest tech meetups, focused on the Python programming language.",2019-09-22T19:24:34Z,,US,2159,75,36,https://yt3.ggpht.com/ytc/AIdro_nSyCNx0_XzsxG_Gg8ZlrpAC92sTDd4dHUvYg5xn-DAAw=s800-c-k-c0x00ffffff-no-rj,,"Lifestyle (parent topic)|Knowledge|Technology"
56,UCjh6ezKv0ymJ8_ifgunmbqg,"Python with Andrew","Do you want to learn to code? Looking to learn a simple and powerful programming language like Python? At Python with Andrew, you can learn the basics of Python and then start to develop your skills to solve real-world problems. I provide simple code for you to learn from - no super tricky code! Here you can learn how to build simple and easy-to-understand programs using python. Subscribe to get access to the videos and projects - more are added each week ",2022-09-07T01:41:46.641776Z,,AU,99008,703,67,https://yt3.ggpht.com/tAQ-335VwYRJM1umKxurx1dm7uF8QeEFrBAoL9vW4KVLydRN-nSMnoFqOd72wCbEtWEFbqQTodY=s800-c-k-c0x00ffffff-no-rj,"python|programming|learning to code","Technology|Knowledge|Lifestyle (parent topic)"
57,UCOkPvw0Qbon83qrJYOoMULw,"Our Python Coding Journey","Welcome to Our Python Coding Journey About: Let's embark on an exciting journey together into the world of programming? Look no further! Our Python Coding Journey is going to be your go-to resource for mastering Python, the versatile and beginner-friendly programming language. If you are a beginner in Python, I hope that we can learn together. If you are an expert in Python please feel free to help us out if you see an easier way of doing things. What We Offer: 👉 In-Depth Tutorials 👉 Practical Examples 👉 Step-by-Step Guidance 👉 Engaging and Interactive Python Basics for Beginners Mastering Loops and Conditions Building Fun Projects Tips and Tricks for Efficiency: #PythonCoding #CodingForBeginners #LearnPython #ProgrammingJourney"" Python Lists, Python Strings, Python Tutorials, Python Shorts, Python Games, Python Syntax, Python for beginners, Python Mad Libs, Python Code, Python, Python Video ",2022-03-28T13:13:13.97495Z,,PH,17532,44,22,https://yt3.ggpht.com/vntVownx8MYW6wbCp2SNGYqwM4mhZMXuVlJnbshztxVOiaDBb8-PEklP069llYsiDbxXmuMJdg=s800-c-k-c0x00ffffff-no-rj,"Python Programming|Coding for Beginners|Learn Python|Python Basics|Python for Beginners|beginner tutorials for python|python tutorials for beginners|easy python tutorials|easy python tricks|Python Language|Python Projects|beginner python projects|easy python projects|python projects for beginners|Python Variables|Python Loops|Python Functions|python tips|Programming for Newbies|python fundamentals|Python Learning Path|python lessons|python practice","Lifestyle (parent topic)|Knowledge|Technology"
58,UCC3_dSUen5cfiow8E5exgwQ,"Python Perú",,2024-06-12T04:43:09.27369Z,,,17135,1070,94,https://yt3.ggpht.com/mYl0QgPpFfZsGZAlRmhQcWvbIKPsQ_jnU2dHUcOx1CRh3LcfRXWQSAF2i0V5Nx4plX9hg64oDTY=s800-c-k-c0x00ffffff-no-rj,,"Technology|Knowledge|Lifestyle (parent topic)"
59,UCprjr7gVzK3kQOwNx6HulsQ,"Python Brasil",,2020-05-16T17:20:32.74193Z,,,206,15,8,https://yt3.ggpht.com/ytc/AIdro_nk5zvpxuPTH6nCGCKYWzGMRO8_rGlKVsIObNslSGBojg=s800-c-k-c0x00ffffff-no-rj,,"Lifestyle (parent topic)|Knowledge|Technology"
60,UChRKs7eGYjT48EHccNj5r_w,"Taming Python","All my Videos are basically for the students learning Python as a programming Language ",2011-12-10T10:18:44Z,,,24917,206,53,https://yt3.ggpht.com/1qEk3kFACQtCNHrXUfzWfJKCvRkHR97c-44X5wYzGlnM-4lIYQ1x4dY9JQIChBgHWWC-NGgaVw=s800-c-k-c0x00ffffff-no-rj,,"Technology|Knowledge|Lifestyle (parent topic)"
61,UC_jacmsGNZQR5BPP7h0EtXw,"NHS Python Community","Lead by enthusiasts and advocates, the NHS Python Community for Healthcare is an open community of practice that champions the use of the python programming language and open code in the NHS and healthcare sector.",2022-04-01T10:49:58.722252Z,,,7650,507,32,https://yt3.ggpht.com/OJU4c4Ko9fqE0rfvIZPuJP8L5EqoRtYEQwDiBOM5LYl5Cnf0lyJyp_uKhcE7bO6BadGxWc8dDA=s800-c-k-c0x00ffffff-no-rj,NHS|Python|Open-Source|Data|Analytics|Community,"Lifestyle (parent topic)|Technology|Knowledge|Health"
62,UCsOHru9bLL_mtkKRYW46I2g,"Python Decoded","Без зайвих балачок, корисні відео по Пайтону і не тільки. Від Пайтон розробника для тих, хто: - розробляє на Пайтоні, - тестує на Пайтоні, - вивчає Пайтон. Підтримати канал: Patreon: https://patreon.com/python_decoded Посилання на Банку: https://send.monobank.ua/jar/3CiHEjphUu Номер картки банки: 4441 1111 2460 0390 ",2023-07-01T09:19:46.106849Z,,UA,50831,1990,126,https://yt3.ggpht.com/FQXVnYDzmC26-dVvnjLMudhsg55RbQWStbh69WStuFz-uqPfx5vrkQRc29cUid7bfoYRNz8cVes=s800-c-k-c0x00ffffff-no-rj,"python|пайтон|програмування|python|інформатика|програмування|пайтон українською|python for beginners|задачі на пайтон|пайтон українською|Пайтон для початківців|програмування на пайтоні|інформаційні технології|уроки по програмуванню|Python з нуля|Python для початківців|основи python|python для новачків","Lifestyle (parent topic)|Knowledge|Technology"
63,UCB_Ik2SWQGFXBKSwF4I18sA,"Python Todo Dia","O Python é o maior aliado de qualquer pessoa que queira automatizar o seu dia a dia, e principalmente para profissionais da área de Cyber Security que desejam ter um arsenal de ferramentas para qualquer caso, seja Red Team, Blue Team ou Threat Intel o Python vai te ajudar! Se caso você caiu de paraquedas e não entende 1% desse assunto, não se assuste, eu tento sempre explicar tudo de uma forma fácil e divertida! Pode apostar, fica um pouco, vai gostar do conteúdo. ",2024-11-26T16:58:24.52851Z,,,3963,101,17,https://yt3.ggpht.com/WkUHt1-YiM0ne2RbjuDi0FnY65yFTeT6eBQVMKR7IrDU61U7Z5ovxornJOVDLLX9UR9eqYDTlF8=s800-c-k-c0x00ffffff-no-rj,,"Lifestyle (parent topic)|Knowledge|Technology"
64,UC_-eLVd-NgXOUnMGD0lm99Q,"X.python - Topic",,2025-09-12T10:03:23.229163Z,,,321,3,6,https://yt3.ggpht.com/c9i7YC2qRAu4ZLJcxpTKKCgslntKxVRMHTFbwpVyU-5Wo9NSZeiZVk_Yu5w8Yg7UtLqCtREitw=s800-c-k-c0x00ffffff-no-rj,,"Music of Asia|Hip hop music|Music (parent topic)"
65,UClp9gAxAKcLEh1yLr35l__w,"Python Russian","Простым языком о самом популярном языке программирования Python ",2019-12-06T10:09:07.609024Z,,RU,1394446,20900,94,https://yt3.ggpht.com/A3FAF9eQI1mKst-Ueyr9FTEhMNY59MwrM1d6p2B5aY1VFZn-QJVVNtsbk5U4InAoxejN9tVHxg=s800-c-k-c0x00ffffff-no-rj,"PythonRussian|python|PyCharm|пайчарм|пайтон|питон|программирование на python|python с нуля|как стать программистом|python практика|язык программирования python|уроки программирования|python для начинающих с нуля|питон с нуля|python для начинающих|python уроки|как выучить питон|учим python|python уроки с нуля|уроки питон","Lifestyle (parent topic)|Knowledge|Technology"
66,UCggZvARaczWC4wc4E6f330w,"All About Python","Hub for the python programming language, including tutorials, projects, modules, fun facts, and doubt clearance. Hi, my name is Vishesh Dvivedi and I currently work as a Senior Software Engineer. I have learned Python programming language on my own (self-taught) and have been practicing it for the past 3 years now. I made this channel as a hub where anyone and everyone who is or wants to be a python programmer, can come and learn something new with each video. On this channel, you will find new Python videos every week, covering trending topics and also the topics you want videos on. To get free python blogs: https://allaboutpython.tech To get python-related facts and figures: https://instagram.com/itsallaboutpython ",2021-04-17T07:40:33.865779Z,,IN,474323,4160,33,https://yt3.ggpht.com/IRvD1nDU2_SgukPetopZNNHz0qv8OVhAOr_itWt0QKc63kyqftHoaqs-KFufUNL35LQmaXAQSg=s800-c-k-c0x00ffffff-no-rj,"allaboutpython|itsallaboutpython|python|tkinter|automation|tensorflow|all about python|its all about python|python tutorial|python tutorial for beginners|python programming|python for beginners|learn python|python full course|learn python programming|python course|python 2020|python programming language|python programming tutorial|python from scratch|python language|python basics|web development|artificial intelligence|data science|machine learning","Technology|Knowledge|Lifestyle (parent topic)"
67,UCXRCUkv7abYGm6fD023PZpQ,"Python Simplificado","Fala pessoal, meu nome é Luciano e este é meu canal de dicas e tutoriais sobre a linguagem de programação Python. Um pouco sobre mim: Eu sou formado em Ciência da Computação, tenho Mestrado em Ciência da Computação e atualmente estou no quarto ano de Doutorado na Universide Federal do Rio Grande do Sul (UFRGS). Trabalho com Python a muitos anos e quero compartilhar com vocês um pouco das minhas experiências adquiridas no dia a dia durante meu Mestrado e Doutorado e também as experiências profissionais trabalhando com a linguagem Python durante todos esses anos. ",2020-09-16T19:28:10.275984Z,,BR,33870,896,4,https://yt3.ggpht.com/HXpKsfH-_pvRGTi29ppSsNJ9kpNB1TttJMmH60olGFEE9lZj9rHKY1C_odzBG1u5pw6RBuI3lz8=s800-c-k-c0x00ffffff-no-rj,python|development|programação|pyside6|pyqt6|pyqt5|pyqt|qtdesigner,"Lifestyle (parent topic)|Technology|Knowledge"
68,UC0TGoROSpRfspumZ1WQ4Emw,"Física e Python","O objetivo do canal é abordar problemas de Física com a linguagem de programação Python",2020-06-09T20:12:49.612673Z,,,3876,132,10,https://yt3.ggpht.com/ytc/AIdro_mShL5MSy-i41012L4X-7bAhSwyVmwBE46SBslwCaiiCQ=s800-c-k-c0x00ffffff-no-rj,,"Lifestyle (parent topic)|Knowledge|Technology"
69,UCRwRIpYnYiiXbwE7wChJ6SQ,"Live Python","Python Live exists to help people from all walks of life, however they have stumbled across programming, to advance past Intermediate Hell and gain expert breadth, depth and experience of the language by following our live coding tutorials. This channel will release 1 tutorial occasionally more. There are a lot of ideas for release topics and release formats and I want this to ultimately be your channel. I want you to have your say by posting in the comments section and saying if there are things you want covered that haven't been so far. By the end of the second week I'll be in a position to post a release schedule looking a month ahead each time. Give this a one month trial by dedicating a tiny portion of your day to following along with me as I code away. Write down on a piece of paper just for yourself how confident you currently are with python and how good your portfolio is. Repeat after one month.",2019-07-18T16:13:21Z,,GB,691649,9530,37,https://yt3.ggpht.com/ytc/AIdro_mptqTmmoidEJkrkSCmDjAD-uaytitEQDIlya7hrxH9NLY=s800-c-k-c0x00ffffff-no-rj,"python|python tutorial|intermediate python tutorial|python 3 tutorial|beginners python tutorial|python 3","Lifestyle (parent topic)|Knowledge|Technology"
70,UCAl6wbmth7jUd2a5BnvdzmA,"Python Class Room Diary By Sangeeta M Chauhan","Python language tutorial in very simple language. Very helpful for Class XI and XII students who opted Computer Science or Informatics Practices Subjects. Tutorials are made in bilingual language (Hindi + English) so that Indian Students can understand it easily. Videos are made as per CBSE syllabus . ",2020-03-01T15:06:55.986281Z,,IN,335888,2900,181,https://yt3.ggpht.com/ytc/AIdro_kqq3dgWmMP4qv3nbHgBwC1sUArZ-2oDFDCYsw8tkuStg=s800-c-k-c0x00ffffff-no-rj,"pythonclassroomdiary|CBSE|XII|CS|IP|SQL|MYSQL|BOARD|HINDI|PYTHON|BOARD|XI|Programming Concepts|Programming logic|Python Programming|COMPUTER SCIENCE|INFORMATICS PRACTICES|SANGEETA M CHAUHAN|SANGEETA CHAUHAN|CLASS XI|Python Tutorial for Beginners|1:31:31 NOW PLAYING WATCH LATER ADD TO QUEUE Python Basics | Python Tutorial For Beginners|Learn Python Programming from Scratch|python in hindi|class xii","Technology|Knowledge|Lifestyle (parent topic)"
71,UCNllLjMFpE7LIIlmKg4d_CA,"Pikito Python","Dois estudantes (futuros experts) da linguagem Python, ajudando quem está começando no mundo da programação!!! - De estudante para estudante; - Dicas, resumos e soluções de problemas; - Vídeos claros e objetivos; Por Guilherme (Mikin) em parceria com a É o Conas Videomaking _______________________________________________________________________________ Guilherme Balduino Lopes - Graduado no curso de Engenharia de Controle e Automação pela UFU - Pesquisador e desenvolvedor de softwares/firmwares - Futuro professor Vinícius Ferreira - Video maker - Copywriter (escritor/roteirista) - Estudante da linguagem Python ",2023-06-16T23:57:28.720086Z,,BR,36119,399,42,https://yt3.ggpht.com/qCMI_6fCUev6r3D2J4tJ9phXytJB680Wi6y8h0edwaZdtarCxJll5Ppkpj18NIFPfc7rpOg-=s800-c-k-c0x00ffffff-no-rj,"python|programação|programação python|curso de python","Lifestyle (parent topic)|Knowledge|Technology"
72,UCoA6SA6FxNPubGFFvAEt3Yw,"Python Tutoriais","Seja bem-vindo ao nosso canal de tutoriais de programação em Python! Aqui você encontrará uma variedade de vídeos dedicados a explorar diferentes bibliotecas do Python, desde as mais básicas até as mais avançadas. Aprenda a utilizar essas poderosas ferramentas para desenvolver projetos incríveis, desde análise de dados até desenvolvimento web e muito mais. Nossos tutoriais são cuidadosamente elaborados para tornar o aprendizado acessível e divertido, seja você um iniciante ou um programador experiente em busca de aprimoramento. Junte-se a nós e embarque nesta jornada de descoberta e desenvolvimento!",2024-03-15T19:25:34.227541Z,,BR,1470,39,15,https://yt3.ggpht.com/GBxTzcmJM9WypcBbiOgvQN9cwQrIRkKhQBmqAO56kzmm8aYSYsudS8UnMABlSp3AE4pRX6ud=s800-c-k-c0x00ffffff-no-rj,,"Technology|Knowledge|Lifestyle (parent topic)"
73,UCXQUj1VfyBBzv66pFSwtBMg,"PYTHON + CIÊNCIA","Aprenda programação Python de GRAÇA! #deubom ",2021-03-31T12:19:30.617124Z,,BR,6210,49,12,https://yt3.ggpht.com/ngw6ogZZ28cdv6f598E_VAEK5UmfaxSASIAMpjyPIPsfMd1xxJR2AznQPOUDXys_c-M86NCsGA=s800-c-k-c0x00ffffff-no-rj,"python|pythontutor|jupyter|python try|len python|time python|tableau python|code python|python google|replit python 3|python hacker|data science academy python|codelab python|python html5|python para pentest|python ipynb|engine godot|python online|programação orientada a objetos python|site python|html css python","Lifestyle (parent topic)|Knowledge|Technology"
74,UCcE2EClxLEy3ksYrmrkXACw,"Python Minas Gerais","Um canal para a exibição de vídeos gerados nos encontros da comunidade Python de Minas Gerais, palestras, dojos, discussões sobre Python e tecnologias agregadas no mundo da TI e fora dele.",2014-01-17T00:56:59Z,,,24384,736,46,https://yt3.ggpht.com/ytc/AIdro_ntvVqKWmvcsD9SvG5mvkjSyCdZINqA0siv01HI_Jpy=s800-c-k-c0x00ffffff-no-rj,python,"Technology|Knowledge|Lifestyle (parent topic)"
75,UCZL4g8AiaIIq8LD4nxOxsNw,"Python La Paz","Comunidad de Python en La Paz - Bolivia",2016-10-20T16:14:04Z,,BO,7812,513,39,https://yt3.ggpht.com/ytc/AIdro_m7Thkz0aPo2jJEdx46jgB2wTEsZCFtDK410vQXDzeE8E4=s800-c-k-c0x00ffffff-no-rj,programacio|python,"Technology|Knowledge|Lifestyle (parent topic)"
76,UC_JJ-7ZAuSbwXNUvo8rpFbA,"Python Floripa","Canal para disponibilização de conteúdo relacionado a Comunidade Python Floripa.",2020-02-04T00:47:03.304446Z,,BR,12964,816,68,https://yt3.ggpht.com/jLWXeoSd2QhFPrLWPh5H51Fmzvt2XJ6E_tHge2sa2n3GNi7Lece8RfYNbZDGuxrdJFOVjRQg6fc=s800-c-k-c0x00ffffff-no-rj,python,"Lifestyle (parent topic)|Knowledge|Technology"
77,UC_9o-Zcyw21QfI1ass6H5rw,"future with python","Dear All My name is Amit Upadhyay this channel i made to serve you the knowledge related to programming languages future with python channel is only meant to educate the people for python and other programming language Apart from this We will provide videos for the CBSE students for different different subject like Physics Chemistry Math Channel Link : https://www.youtube.com/channel/UC_9o-Zcyw21QfI1ass6H5rw future with python, code with python,python future,django python,code with amit,basic python,python very easy language,learn full python,how to learn python,make future with python,advance python,online course python,python for CBSE,cbse python,class 11 python,class 12 python,python future scope,machine learning,deep learning,facial recognition code python,learn advance python,basic python,core python,python for biginners,begin with python ",2022-01-14T05:18:31.150072Z,,IN,15489,289,90,https://yt3.ggpht.com/_HZCzXpPDyDyXSZQkG7BUM-oZeq-m7bZQmo_MAKGmPIOrOxJlB95A9uB5PJXG4n-H0rfxuUNOA=s800-c-k-c0x00ffffff-no-rj,"Cbse|amit|future with python|code with python|python future|django python|code with amit|basic python|learn full python|how to learn python|make future with python|advance python|python for CBSE|cbse python|class 11 python|class 12 python|machine learning|deep learning|learn advance python|basic python|python for biginners|begin with python|Class 12 CS/IP|Code hack|amit upadhyay|amit sir",
78,UCrHbpLTZInzV5ing8EJzQsw,"Techeno Python","SE TORNE UM PROGRAMADOR PROFISSIONAL ATRAVÉS DE UM CURSO PRÁTICO E FOCADO NO MERCADO DE TRABALHO Aprenda com projetos reais que vão além do teoria e te colocam frente a frente com os códigos já nas primeiras aulas! Vá do básico ao profissional sem perda de tempo (mesmo que você seja completamente iniciante) e esteja dentro de uma das áreas mais promissoras para o futuro, a programação! ",2022-05-23T14:25:34.629492Z,,BR,1063,6,21,https://yt3.ggpht.com/b44j177YjOXM0vrxroYAtTkqHRtyYZ8giaGQiU5iMH-eETZSxiAuvZOXE-CwljfmBSuHUdqTnA=s800-c-k-c0x00ffffff-no-rj,"cdftv|cdf|nerd|geek|programador|desenvolvedor|coder|developer|informática|youtuber|ti|youtubebrasil|uilblognews|lógica|programação|algoritmos|arduino|tinkercad|haskell|plc|clp|automação|código fonte|linguagem de programação|web developer|gabriel fróes|vanessa weber|aprenda python do zero|aula de python|segurança da informação|softwares profissional de ti|técnico de informática|simulação eletrônica|diagrama de blocos","Knowledge|Technology|Lifestyle (parent topic)"
79,UCjYLIv07fw21w0uIAtUMnNA,"PyAr - Python Argentina","Conferencias y videos de Python Argentina",2017-03-22T14:25:02Z,,AR,272286,6250,310,https://yt3.ggpht.com/ytc/AIdro_lIHzls58z-e-ak2AiMTMOJr31pDskXXC_tz1vhRlcOEg=s800-c-k-c0x00ffffff-no-rj,Python|Argentina|Educación|Comunidad,"Technology|Knowledge|Lifestyle (parent topic)"
80,UC2Vx8s1N-_L-3WrcXgmhT1w,"Snake Investor - Investindo com Python","Independentemente do perfil de desenvolvedor ou investidor a proposta do canal é ajudar você chegar no próximo nível embarcando nessa aventura comigo, onde vamos desde o processo inicial até a parte dos códigos, design e testes sob a ótica de um desenvolvedor e melhor ainda, colocando nosso primeiro robô para trabalhar em um ambiente real para gerenciar o nosso capital. A Idéia é formar uma comunidade onde podemos juntos trocar conhecimento e aprender novos métodos e técnicas. Então seja você um desenvolvedor iniciante ou com nenhum conhecimento prévio, embarca comigo que sua curva de aprendizado vai ser gigante! ",2022-05-10T18:50:54.627719Z,,,2405,181,12,https://yt3.ggpht.com/yby_kNlZAJcZLQzH8SOPnndfz1HQ3R0gJr_hI1DCgKqATtwuAPL0JagDKGOnYv0QDJmsTVBr=s800-c-k-c0x00ffffff-no-rj,,"Technology|Knowledge|Lifestyle (parent topic)"
81,UCGm3CO6LPcN-Y7HIuyE0Rew,"Monty Python","Welcome to the official Monty Python YouTube channel where you can enjoy exclusive videos featuring us, the Pythons, our fans & collaborators; official music video; iconic sketches from Monty Python’s Flying Circus and clips from our films - Monty Python’s Life of Brian, Monty Python & the Holy Grail and Monty Python’s The Meaning of Life - as well as behind the scenes footage from our live shows and much, much more. No more of those crap quality videos you've been watching. We're giving you the real thing - HD videos delivered straight from our vault. And what's even more, we're letting you see absolutely everything for free. You’re welcome! So, subscribe, like, and hit that notification bell harder than a knight with a rubber chicken… and don’t forget to buy our products and join us across our social media platforms below! ",2006-01-14T01:01:21Z,,,112170905,730000,173,https://yt3.ggpht.com/ytc/AIdro_k2ar3Mr2r_XHMIp9dBBv43gIAZ7_pCdufDzI2vQzmDRGc=s800-c-k-c0x00ffffff-no-rj,"comedy|funny|Monty Python|official channel|sketch show|John Cleese|Michael Palin|Terry Gilliam|Terry Jones|Eric Idle|Graham Chapman college humor|funny videos|silly walks|dead parrot sketch|life of brian|the holy grail|flying circus|the pythons|funniest joke ever|English comedy|classic comedy|Arlene Phillips (Musical Director)|monty python dance|behind the scenes|monty python live","TV shows|Humor|Entertainment (parent topic)|Movies"
82,UCMaSPg7gnfzh8PvdXyU-ZfQ,"State of Python","Olá, meu nome é Glauber Belo e seja muitíssimo bem recebido ao nosso canal. O nosso propósito aqui é o de difundir conhecimento da linguagem Python para artistas e técnicos 3d de maneira gratuita, colaborativa e aberta para todos que desejam aprender e ensinar Python para artistas e técnicos 3d. Nossos contatos: 💻 Youtube | https://www.youtube.com/channel/UCMaSPg7gnfzh8PvdXyU-ZfQ?sub_confirmation=1 📖 Discord | https://discord.gg/uVMjq34NPw 📧 Email | stateofpython@gmail.com Esperamos que aproveitem as nossas aulas e que também entrem em contato conosco para colaborar com seu próprio curso aqui no State of Python. Abraços 🙏 ",2024-06-18T01:04:16.220722Z,,BR,114,7,23,https://yt3.ggpht.com/yq0c2UO5AjPd_F6zVtuqFBdYOnBvInL5FBeVnqeZ70Oooyuo-_sFXHanKX0nDVULSmQaPnRaoQ=s800-c-k-c0x00ffffff-no-rj,"maya|python|state of python|maya python|python rigging|python modelagem|python animação|aula de python em maya|aula de python portugues|aula de python 3d|aulas de python|aulas de programação em python|curso de python|curso de personagens com maya|curso de maya online|curso de maya|curso completo de maya|curso de autodesk maya|curso de animação 3d com maya|curso basico de maya|python 3|autodesk maya|python tutorial|curso maya|python para iniciantes","Lifestyle (parent topic)|Knowledge|Technology"
83,UCUc8ZdKDPbyrTXZeAVXJwow,"Python na Prática",,2020-10-06T23:10:54.511378Z,,BR,36733,1060,7,https://yt3.ggpht.com/ytc/AIdro_k8c79k0UTkpSazKBJhI9EFmhHG-UKud7SxJNMMaxyiYg=s800-c-k-c0x00ffffff-no-rj,"Python|Pandas|Análise de Dados|Data Analysis","Technology|Knowledge|Lifestyle (parent topic)"
84,UCgMKiUUjhWOJVQ4YSOiueOQ,"The Python Show","Hi, Viewers, As we know the Importance of Python Language in the present era, python is currently the most widely used multi-purpose high-level programming language. the biggest strength of Python is its vast collections of libraries which can be used for : Machine Learning(Numpy, Pandas, Sci-Kit Learn, Keras, TensorFlow), Data structure and Algorithm, Web Frameworks(Django, Flask, FastAPI, etc), Image Processing(OpenCV, Pillow, Matplotlib), Test Frameworks(Pytest, Selenium), Web Scraping and many more. So in this channel, I will cover all the topics related to python, because there is no other youtube channel where everything related to python is covered. ",2022-11-24T09:41:53.205815Z,,IN,30433,161,64,https://yt3.ggpht.com/RCeekVioInYiaabs92UvVa8e1G-WOt8HVOaG5V2bNkUwaKpSqqPRIkSBo14TJ0aionD2uWfxPw=s800-c-k-c0x00ffffff-no-rj,,"Technology|Knowledge|Lifestyle (parent topic)"
85,UCAFPe09NhBOgEMCgrYBUMKA,"Programação Python","Vamos aprender programação a partir da resolução de exercícios. ",2022-03-25T17:39:54.707509Z,,BR,61600,669,42,https://yt3.ggpht.com/wNAb3t8NfOqiFR3HgoBPoiTSjCKsvFT27PddwAzDH7PsEjW7-Kb6TzyXQ3Njt8ayolrgXCFC9Q=s800-c-k-c0x00ffffff-no-rj,"Programação|Python|Computação|Linguagens de Programação|Ciência da Computação|Sistemas de Informação|Desafios de Programação|Engenharia da Computação|Estrutura de Dados","Lifestyle (parent topic)|Knowledge|Technology"
86,UCyMrBqAj-98a70ZWPZZb9IQ,"Curso de Python UFAC","Este canal é voltado para o aprendizado da linguagem de programação Python utilizando o Jupyter Notebook e conceitos da engenharia e matemática. Sinta-se livre para se inscrever no canal.",2020-08-31T21:31:58.942919Z,,BR,1653,53,20,https://yt3.ggpht.com/ytc/AIdro_kFiTsJjqfqLtOrU9mY2_7mtvIDWNLW72EcqoQhsjrZjA=s800-c-k-c0x00ffffff-no-rj,Educação|Python|Curso|Programação|Engenharia|Matemática,"Technology|Knowledge|Lifestyle (parent topic)"
87,UCUyYyHeq4sF9dgm_AudZjrQ,"Física em Python","Python básico no contexto da física. No momento estou num projeto de uma série de videoaulas de Python Para estudantes e professores de Física. Mesmo que Física não seja sua praia, os conceitos apresentados estão no alcance de todos!",2020-04-19T22:02:40.967606Z,,BR,10897,474,34,https://yt3.ggpht.com/ytc/AIdro_mM_IKh2VJdu2T2oqwXHuwm058up7UaTuoGDaxokT9aTw=s800-c-k-c0x00ffffff-no-rj,Python|Programação|Física,"Lifestyle (parent topic)|Knowledge|Technology"
88,UCT372EAC1orBOSUd2fsA8WA,"Chicago Python Users Group","Founded in 2003, Chicago Python User Group ( http://chipy.org ), AKA ChiPy (pronounced chip-pee) is one of the world's most active programming language special interest groups with over 1,500 active members and many more prestigious alumni. Our main focus is the Python Programming Language. There are many ways to get and stay involved. Meetings are open to all levels. Our main (Loop) meetings start at 6pm on the 2nd Thursday of every month at all different locations around downtown Chicago. Stay tuned for a range of other events including our Special Interest Group (SIG) meetings and Project Nights.",2017-08-09T01:08:54Z,,US,194727,2130,213,https://yt3.ggpht.com/ytc/AIdro_lOoruXOQYGfYmDq-_E48G2PxMc6W-uHYJdcdegiPa1Mg=s800-c-k-c0x00ffffff-no-rj,,"Technology|Knowledge|Lifestyle (parent topic)"
89,UCmatEGW5pgW5SrNrkOzRD4A,"AlgoritmosAZ - Python","Aprenda o básico sobre algoritmos utilizando a linguagem Python. Em seguida, aprimore sua habilidade com algoritmos através de exercícios resolvidos.",2015-03-11T18:55:35Z,,,1966,136,8,https://yt3.ggpht.com/ytc/AIdro_mxT8ALovklruSDjG5q4T9tCuDpcY4GCOn2Ye7RqxmtIQ=s800-c-k-c0x00ffffff-no-rj,"Algoritmos|programação|python|resolução de problemas","Technology|Knowledge|Lifestyle (parent topic)"
90,UCS5RtJRUiXF54o3bBGWCAxA,"Python Fun","Uma abordagem diferente para ensinar Python, principalmente para pessoas que não são da área de programação. Conteúdo produzido por Juliana Servidoni, jornalista que ama programação e utiliza linguagem Python. e-mail juservi@gmail.com",2019-11-22T15:19:33.236749Z,,BR,8398,376,22,https://yt3.ggpht.com/SXJiVcAX3o3RPdJQLC9CoucON0vVFnruygTiPBcig2mYd_OXCgIeyUieM9hLQRxp90pbfXY8Lg=s800-c-k-c0x00ffffff-no-rj,"python 3.7|tutorial python","Lifestyle (parent topic)|Knowledge|Technology"
91,UCQBSz_BNSVAFs1_XrzxfhIw,"Cometa Python","COMETAPYTHON é um canal exclusivamente para programação PYTHON.",2013-10-15T20:21:02Z,,BR,14348,361,15,https://yt3.ggpht.com/iXu4vmB1cI2-sqgxeEbV-ECokUMFE_oGs0AXa2dqqKlrOxVBKJ6jgfCY7fDU3NGKx4cOA8hsrw=s800-c-k-c0x00ffffff-no-rj,,"Lifestyle (parent topic)|Knowledge|Technology"
92,UCHOL0fN4Aoa2MNUHtBvclyQ,"Prodígio Python","O canal Prodígio Python é o lugar perfeito para quem quer aprender a automatizar tarefas e melhorar sua produtividade usando a poderosa linguagem de programação Python. Nós oferecemos tutoriais passo a passo, dicas e truques, e mostramos como usar as bibliotecas e frameworks mais populares para construir scripts e robôs incríveis. Se você é iniciante ou já tem alguma experiência com programação, nós temos conteúdo para você. Seja você um empreendedor, estudante ou profissional, nós o ajudaremos a otimizar sua rotina e alcançar seus objetivos com a ajuda do Python. Então, inscreva-se agora e junte-se à nossa comunidade de Prodígios Python!",2022-12-25T18:16:50.861748Z,,BR,6551,49,42,https://yt3.ggpht.com/61j3O_UJbjehbX1bmBny4M0yIEUoDi9O6sXZgz_6S-kIac95eYj88dhuyVCVKwaaK5ZNUxDDkA=s800-c-k-c0x00ffffff-no-rj,,"Technology|Gaming (parent topic)|Lifestyle (parent topic)|Knowledge"
93,UCLRXGSdAbsHGlSDMTTai51g,"Python Sudeste",,2016-11-16T18:14:39Z,,,6327,202,14,https://yt3.ggpht.com/ytc/AIdro_kLsjfKe3Fz3wcp0iS-RjwwOIlRvU-8RbAgzr4naWIvDg=s800-c-k-c0x00ffffff-no-rj,,"Technology|Knowledge|Lifestyle (parent topic)"
94,UCaKJ9J74NI0QsedVPCYvBng,"Python Arabia بايثون ارابيا","Python Arabia is a collection of efforts to learn the Arabs developer advanced level of programming and cloud using Python language and related frameworks ... small support will push us far .. Thanks! القناة مهتمه بدعم المبرمجين العرب لمهارات برمجة المواقع والتكنولوجيا السحابية بفضل الله و دعمكم نستمر https://www.buymeacoffee.com/pythonarabia ",2020-12-03T08:01:36.637508Z,,EG,181527,4640,47,https://yt3.ggpht.com/ytc/AIdro_mF1_mNfykTV84Vd847FI1ojubsYLfS8nWWDlQ6or4a1A=s800-c-k-c0x00ffffff-no-rj,python|django|flask|developing|api|بايثون|دجانجو|فلاسك|برمجة|celery|devops|Redis|mongodb,"Lifestyle (parent topic)|Technology|Knowledge"
95,UCGvWNU6m-G_pzMwtRyw4UPw,"Mantu ji python ",,2024-11-22T03:51:35.279367Z,,,1229,6,13,https://yt3.ggpht.com/msleTe-W0xOLLyZw05op7s9OvMggnn_1NmEy_7tX68njGCCgfDoxc2zTLfRMcdI1R3PY3-QiAF8=s800-c-k-c0x00ffffff-no-rj,,"Technology|Lifestyle (parent topic)|Hobby"
96,UCa6tm-RwMYl3I9RonsnbAuQ,"FWP - Fun With Python!","Coisas legais, interessantes, algumas divertidas (outras nem tanto). Tudo escrito em Python! ",2020-04-21T18:22:11.459026Z,,,8729,34,73,https://yt3.ggpht.com/vBxn2jZaagXw3z-4kUqp2RsM4WloT_TKoxbxS9kRT3tHnucP-IJvdg09GaZGuTvemdlOAozA4ks=s800-c-k-c0x00ffffff-no-rj,,"Football|Sports (parent topic)|Society (parent topic)|Motorsport"
97,UCULoqsLqxDitb5fFwvQPb5w,"Python Simplificado",,2025-02-03T19:13:28.889294Z,,,177,29,10,https://yt3.ggpht.com/B5taKsXsqVS_GsA1-Zlxb5CCVvovOEZk2FDUdnu2JYi2jzU46oRnCIHcNKa12L5I0OuXIfdW7Q=s800-c-k-c0x00ffffff-no-rj,,"Lifestyle (parent topic)|Knowledge|Technology"
98,UCTfunCMzyVMEl4zjNVrpobQ,"I love Python","Passei um bom tempo estudando outras linguagens, como dizem conhecimento nunca é demais, mas quanto mais aprendo sobre as outras linguagens mais me pergunto como python consegue simplificar tantos as coisas, ainda mais com suas inúmeras bibliotecas que acabam fazendo com que você fique indeciso na hora de escolher, por isso passarei meu tempo livre me dedicando a aprender mais sobre essa fabulosa linguagem e sempre que possível compartilharei algum conhecimento por aqui, estou inteiramente aberto a criticas e sugestões, até porque estou entrando no mundo a edição de vídeo agora, sei que tenho muito a melhorar, mas tenham certeza que sempre farei o melhor dentro dos meus limites de conhecimento, no mais espero respeito dos que aqui vierem a comentar, não para mim que já estou acostumado com todo tipo de coisas, mas espero que respeitem os seus colegas usuários que direta, ou indiretamente fazem com que fazem com que essa plataforma seja o que é hoje. ",2020-12-04T00:18:19.107175Z,,BR,89949,848,476,https://yt3.ggpht.com/8TNl_q5g5rxarEZ_z6grkeepC8vBnE4JEREfSdvNOmpJ4z4S6DRv0EerWVujkASPiZo89ISr=s800-c-k-c0x00ffffff-no-rj,"Python|programação|program|django|desenvolvimento de software","Technology|Knowledge|Lifestyle (parent topic)"
99,UCwjs8WsE8Skcs26w5zc_2yw,"ACERVO PYTHON","💻 CURSO DE PYTHON AVANÇADO: ",2023-02-14T10:53:14.276957Z,,,2794,907,72,https://yt3.ggpht.com/e-79etJmd2vow6jWsDrR9zAC0vwKeWx3__X8bQGjqyv5PpshTFh_HvlCaoL7ibiMgfwPom-r=s800-c-k-c0x00ffffff-no-rj,,"Technology|Knowledge|Lifestyle (parent topic)"
100,UCyFJ6UAVgzgWuqIKEB46X9Q,"Python BR IFSP",,2015-09-04T17:16:43Z,,,4658,68,8,https://yt3.ggpht.com/ytc/AIdro_lgWIIElKMr6tmXiBW424Tw0v4j4zQDWRwegO-E8lzJag=s800-c-k-c0x00ffffff-no-rj,,"Technology|Knowledge|Lifestyle (parent topic)"
101,UCUAVDPguRzqHySnZw64CcOg,"Python Software Foundation","The Python Software Foundation (PSF) is a 501(c)(3) non-profit corporation that helps support Python and its community. The mission of the Python Software Foundation is to promote, protect, and advance the Python programming language, and to support and facilitate the growth of a diverse and international community of Python programmers. Help the PSF continue with its mission by donating! https://www.python.org/psf/donations/",2020-05-08T15:12:26.477251Z,,US,25406,1270,56,https://yt3.ggpht.com/ytc/AIdro_n9xEAsyWDK3v8Ab7e7Nllm4-c1bXjYSvU2mYI-AAflLw=s800-c-k-c0x00ffffff-no-rj,,"Politics|Society (parent topic)|Knowledge"
102,UCirblMqzMAUQTfCrYhdXzmw,"Python Fãs",,2024-06-18T21:30:08.468994Z,,,458,9,20,https://yt3.ggpht.com/4y1y5dWy6MkbfhKQaNY8mkaarvfX3QKTxDh3rqXwor9b_Eh_ab6w8ClPiS9zfgZrSuyk8KB0Fw=s800-c-k-c0x00ffffff-no-rj,,"Technology|Knowledge|Lifestyle (parent topic)"
103,UC1uj19dZQXa17-SqNGpVNLw,"はやたす | Python・データサイエンスコーチ","フリーランスのデータサイエンティスト（Python / 機械学習） TechFrontier(テクフロ)主催 | 著書【Pythonブートキャンプ】 | Python&データサイエンス YouTube5.7万人 | 数学科卒 | Kaggle Expert | Udemy受講者6,000人 | 情報系大学で講演 | 環境構築で挫折▶︎8ヶ月で独立▶︎東証一部企業3社で案件▶︎月単価100万↑ ビジネス活用やキャリアアップ、転職のためにプログラミングを習得したいと考えている社会人の方に向けて発信しています🔈 English Ver: Freelance Data Scientist (Python / Machine Learning) Organizer of TechFrontier, Author of “Python Bootcamp”, 57K subscribers on a YouTube channel focused on Python & Data Science, Mathematics graduate, 6,000+ Udemy students, Guest speaker at IT universities. Overcame the hurdle of environment setup → became independent in 8 months → worked with 3 publicly listed companies → earning over 1 million yen/month per project. I share insights for working professionals who want to learn programming for business applications, career advancement, or transitioning to a new job. ",2020-01-03T04:56:15.131275Z,,JP,3536361,60100,125,https://yt3.ggpht.com/KIbrFsZqkwurG0AXCy8l39kceMoRnOoKmdk443dYgjMEiJ4uZpfIufqbI8cLc9csTmE8-vjaTFU=s800-c-k-c0x00ffffff-no-rj,Python|プログラミング|機械学習|AI|データサイエンス,"Lifestyle (parent topic)|Technology|Knowledge"
104,UCP7fwddwISAOa272BLyKMRQ,"Eduardo Python","Olá seja Bem-Vindo ao meu canal. aqui te dou dicaís que como programar e como você usar a programação para esta faturando uma renda extra. ",2019-11-27T15:54:04.491278Z,,BR,40040,441,67,https://yt3.ggpht.com/5Nr2o1mEmvLmBFYBKnhK9VUAAh9KE_MyVzoGh7QMjpqRrWN8rjptYaSyX1Iethw1PtlxJiTPci8=s800-c-k-c0x00ffffff-no-rj,"programação|qdXfNvA0|códigos|python|Python3|Python Tutorial|aprendendo Python na Pratica|Python na prática|curso python grátis|Eduardo Python|como estudar Python|práticando programação|Python e bom?|renda extra|programação em python|Tutorias de programação|python tutorial|learn python|python for beginners|python course|python 3|python tutorial for beginners|python full course|python basics|python language|python 2020|python for everyone|ball python","Technology|Knowledge|Lifestyle (parent topic)"
105,UCZx0r6ClIND6cx_w1KEPa5g,"Aadi and Python","AI म्हणजे Python . मराठी पोरांसाठी , मराठी पोरांन रान पेटवलय 🔥 Free मध्ये शिका Python ani IT मध्ये ऐटीत जा 💯",2025-10-20T08:32:15.717324Z,,IN,369193,22200,80,https://yt3.ggpht.com/znm7HBZBUu6wqyIfYchctsRDr_JsjOvSPlePi2Z5bS7Gn9FR_8PMnmVI-0uqit0i0_Sd1Xlh_g=s800-c-k-c0x00ffffff-no-rj,"python marathi|learn python in marathi|python full course marathi|python tutorial marathi|python live marathi|python projects marathi|python coding marathi|aadi and python|python marathi course|python in marathi language|python daily live marathi|python practical examples marathi|python marathi lecture series|python marathi training|python marathi learning channel|python marathi education|python marathi for beginners|aadi and python live","Lifestyle (parent topic)|Knowledge|Technology"
106,UC6nglU3MK8EGDeHSZ5_4JYw,"Python Shorts","Saia do ""Hello World!"" para mega projetos em #python com #shorts Vídeos #shorts com dicas de #python todos os dias para que você aprenda rápido e com qualidade!",2022-11-19T02:59:39.321352Z,,BR,3375,22,11,https://yt3.ggpht.com/DHBr-tI-JHrHbzQ3DMtUavPCJ9MSXoAMOG9Kq16n6gVhfsvAn4IHEa3vEi2jue-CgzHelVSgKw=s800-c-k-c0x00ffffff-no-rj,"shorts|python|dicas|programação|programacao|short|tips|linguagem de programação|linguagem de programacao|python tips","Technology|Knowledge|Lifestyle (parent topic)"
107,UCGgbuy4XG17henhPfTxiqCA,"PYTHON PARA NEGOCIOS",,2022-01-19T13:26:00.315549Z,,,19029,305,65,https://yt3.ggpht.com/7aN9N6of21TJGrIipvFNp6mXlUjt80dNHKe39rtLxUnh6QGVj03ssgYmg186eN_tT070br6lIg=s800-c-k-c0x00ffffff-no-rj,,"Technology|Knowledge|Lifestyle (parent topic)"
108,UCYE9SAsc2Ng-bn-49VJRRNA,"Beast Python","Hello, welcome to my channel, where I will upload videos 24/7, on my channel you can see a lot of useful codes, and maybe even learn programming, I hugged everyone, I will be grateful to all new subscribers I am the beast Python developer and a fan of Mr.Beast",2023-04-18T16:28:53.994247Z,,,290,2,13,https://yt3.ggpht.com/MFwvuESd-oYYht1uYvHDYzbOi4OKj7p7toymsN85hq273oUV-HkxgT9Vf0w1hMZxIZFv7gu_Gg=s800-c-k-c0x00ffffff-no-rj,,"Knowledge|Technology|Lifestyle (parent topic)"
109,UCIkg7kLDRl90fHEb2tFYRwg,"Python Programmer","Want to learn Python programming through interactive tutorials? Well then, you've come to the right place. Here I will be regularly uploading python tutorials on various aspects of programming and teaching you guys how to become quite good at coding. ",2023-08-15T11:55:28.374622Z,,,5822,72,45,https://yt3.ggpht.com/S_GK0r5LKZscHRJv0mqI5MdK0Wiinwz3_dUgUsCYwHTrvIf0pjTgqyOo_Mg2VeFbM9jEShpYUQ=s800-c-k-c0x00ffffff-no-rj,,"Lifestyle (parent topic)|Technology|Knowledge"
110,UCYJ8CxPJ-aCl3qA6hcAJjvw,"anaconda python","hello friends . this channel is made for educational purposes. on this channel you will found every thing about python and here we will try to do all types of questions. friends. python is an programming language.and it was developed by { Guido Van Rossum } in FEBRUARY 1991. PYTHON is based or influenced with two programming languages : ABC language Modula-3 python is easy to learn. friends follow me and support our channel. thanks for watching",2020-04-24T06:32:05.241166Z,,US,1058,17,21,https://yt3.ggpht.com/ytc/AIdro_kfJNBF_umQEFd5nmTO_c5f4B6EEjSk-Kf_iIA_PGpV5w=s800-c-k-c0x00ffffff-no-rj,"python|learn python","Technology|Knowledge|Lifestyle (parent topic)"
111,UCKokyfsqVHmjWL7b5cUXB5w,"Python Revision","""Welcome to Python Revision! This channel is dedicated to helping you master Python programming. We provide code walkthroughs, and problem-solving sessions to solidify your understanding. Whether you're a beginner or looking to brush up on specific topics, we've got you covered. Subscribe for regular Python revision content!""",2025-03-29T09:07:59.082101Z,,,876,0,9,https://yt3.ggpht.com/k9Vpo7_2m_Km9UgYB_tMbRTvv2vZHtk0d3SF1k5DSafwiLYWOL3DqlJ5TkJoQv9B6_L15jlCFw=s800-c-k-c0x00ffffff-no-rj,,"Lifestyle (parent topic)|Knowledge|Gaming (parent topic)|Technology"
112,UCgOpRUD5Cbru5SIJcKrPDLQ,"Python for beginners","Various type of python programming code are given here also with various design...python project tutorial also available here. Subscribe our channel to learn various turtle design free, also with more about python programming language...",2020-08-20T13:44:47.939315Z,,,15118,162,42,https://yt3.ggpht.com/YOudLHTrNpsv8k6t3xYgtRda4O6OTvemYZZ2rky_9v0IwWNyL3qRGv1uCKNZy6V5E1zTDBvXc6Q=s800-c-k-c0x00ffffff-no-rj,"programing|programming|python|Python For Beginners|Python programming|Python language|python project|new project|programming language","Lifestyle (parent topic)|Technology|Knowledge"
113,UCAX6aBGWTY_8w50IMO20INg,Python,,2023-03-28T18:18:40.032433Z,,BR,137,2,5,https://yt3.ggpht.com/s7FxygEpzOISfG17uYfKgazohpcriN48LWyEQfSNOPj-Wfa6zjQmeLXzuMcJrvbZrNaaQ0IV=s800-c-k-c0x00ffffff-no-rj,python|programação|logica,"Lifestyle (parent topic)|Technology|Knowledge"
114,UChXPc6oLWHUCGmt2i9YPAWw,"Python Beginners","Python Beginners",2024-07-28T14:28:10.085973Z,,,653,7,21,https://yt3.ggpht.com/ytc/AIdro_lRyZkwPw0x7IAtIsr3h8RD7OLQiMj64AT9z9wg5IdKOvALoEa8EA9SKI35G023QyLAFA=s800-c-k-c0x00ffffff-no-rj,,"Technology|Knowledge|Lifestyle (parent topic)"
115,UCrhuObZ5WapG0CydaD8wpEA,"Discover Python","This channel is dedicated to the Python programming language and learning Python through small and large projects that anyone can do. The goal of this channel is to highlight the awesome power of Python and support those that are getting started with the language. ",2020-12-03T09:12:09.504597Z,,US,64958,371,10,https://yt3.ggpht.com/ytc/AIdro_lcmhGU3rui-xjnrAWH1Cembd5JrS2uCJw7I4_NarJeUg=s800-c-k-c0x00ffffff-no-rj,,"Lifestyle (parent topic)|Knowledge|Technology"
116,UCJ5kTlZJpB20bPi52MckP5w,"Python Note","Welcome to the PythonNote channel! Here we explore and practice programming in Python, one of the most popular and versatile programming languages. On this channel, you will find a plethora of instructional video tutorials where we delve into all aspects of Python programming, from the fundamentals to advanced techniques. We also discuss the latest trends and technologies in the Python world, sharing our experience and advice on application and software development using this language. Our goal is to make Python programming accessible and engaging for everyone, regardless of your skill level. Join us on the PythonNote channel and embark on your journey of learning Python programming today!",2017-12-25T17:33:31Z,,US,18691,56,18,https://yt3.ggpht.com/nds1XlVbd-Hp25djxD1wPleRrH2T9YnyM6ZLIWkV9xtHbgppwZB3L_yx281_au2aswD4jBdb=s800-c-k-c0x00ffffff-no-rj,"Python|bots|Python programming|Python tutorials|Telegram bot development|Telegram bot programming|Python projects|Coding tutorials|Programming for beginners|Python coding tips|Python libraries|Web scraping with Python|Data analysis with Python|Machine learning with Python|Artificial intelligence programming|API integration with Python|Building chatbots with Python|Python automation|Python GUI development|Software development tutorials|Python best practices","Lifestyle (parent topic)|Technology|Knowledge"
117,UCPQYBCVp2ZbPp7fyz2gHs2w,**Python**,"A Python YouTube channel could be described as a platform where content creators share programming tutorials, tips, and tricks focused on the Python language. The channel could feature various Python libraries, frameworks, and tools for web development, data analysis, machine learning, and artificial intelligence. Additionally, the channel might showcase Python projects, code challenges, and coding interviews to help viewers improve their skills. Overall, the channel aims to foster a community of Python enthusiasts and provide them with valuable resources and knowledge to enhance their programming expertise.",2020-09-12T11:31:09.25942Z,,,2752,7,24,https://yt3.ggpht.com/5y0cTDG3sMqKLmytY7xl6k9v3DoQlVU7wwuoqPKOamlns65sH8QajobRjxQI50DI6qenoIfY0zc=s800-c-k-c0x00ffffff-no-rj,,"Lifestyle (parent topic)|Technology"
118,UC74TGAoN4mVRucrUdiUJKsQ,"Python Center"," ""Welcome to Python Center, your go-to destination for all things Python programming! 🐍💻 Whether you're a beginner taking your first steps in the world of coding or an experienced developer looking to enhance your Python skills, our channel is dedicated to providing engaging and informative content. Explore a variety of Python tutorials covering everything from the basics to advanced topics. Dive into hands-on coding projects, discover practical tips and tricks, and stay updated on the latest trends in the Python ecosystem. Our mission is to create a supportive community of Python enthusiasts, fostering a collaborative learning environment. Don't forget to subscribe, hit the notification bell, and embark on a rewarding learning experience with Python Center. Let's code and create something amazing! 🚀👨‍💻👩‍💻 #Python #Coding #Programming #PythonCenter"", I well teach you computer languages ( Python, Jawa, css, HTML, C++) in Urdu language. I hope you well get benefits from my channel.",2021-02-15T17:13:21.725763Z,,PK,304,10,35,https://yt3.ggpht.com/ouTup-4n8Vh4_QDNsDNyl821A2zYfhubobM2vKAxEA-Qfu9d3iCQ09MzNo4CXKsPCQuIRfqQWw=s800-c-k-c0x00ffffff-no-rj,"Python|Programming|Coding|python tutorials|python lectures|python platform|artificial intelligence|python language kaise sikhe|python in english|Python Center|Software Development|Python Tutorials|Python Programming|Learn Python|Code Snippets|Python Tips|Python Tricks|Python Projects|Python Beginners|Python Intermediate|Python Advanced|Data Science|Machine Learning|Web Development|Python Libraries|Python Community|Tech Education|Computer Science","Lifestyle (parent topic)|Knowledge|Technology"
119,UCoLi8es95jsFd8wzet0ZOtg,"Python Programming","Programming and Problem Solving Subject Concepts explained unit wise explained by Prof. Meera A. Thorat from Pimpri Chinchwad College of Engineering.",2020-04-03T03:16:24.759511Z,,IN,43886,298,23,https://yt3.ggpht.com/ytc/AIdro_nI72r3ssQ9h30Vjt1l3mxxIpSmCsUdWk_2_BkNZhQ=s800-c-k-c0x00ffffff-no-rj,,"Lifestyle (parent topic)|Knowledge|Technology"
120,UCSpvePuvj9ZGwtxDuYPGFGg,"ARTIFICIAL INTELLIGENCE WITH PYTHON. SPECIAL","Programming dynamic systems in python allows their verification through simulation. Programaçao de sistemas dinamicos em Python; programar em python o pendulo simples, o dobro pendulo, a ley de Newton, o uso das equaçoes diferencias ordinarias, uso do metodo de euler, uso do metodo de runge kuta, etc ",2022-06-27T22:16:30.375591Z,,BE,840,19,22,https://yt3.ggpht.com/2PlVm2y891nOtq8FEUPpSjVSGtNLRZMfLbKmxUwzrczb5VdSt3Z75Ej1pjyQ4E8WyyqI6FHhCEc=s800-c-k-c0x00ffffff-no-rj,"Bases para programar robos em python|robos em python|Robos com python|Artificial Intelligence with Python","Technology|Knowledge|Lifestyle (parent topic)"
121,UCx1U0RIgfIvi9DlMJcxYvsA,"Além do Python","Bem-vindo ao Além do Python! Aqui, mergulhamos nas maravilhas da programação e exploramos as últimas tendências em tecnologia. Vamos além do básico, desvendando os segredos do mundo da codificação, compartilhando dicas práticas, e desbravando as fronteiras da inovação. Se você é apaixonado por programação e deseja expandir seu conhecimento em tecnologias correlatas, este é o seu lugar. Inscreva-se, ative o sino e embarque conosco nesta jornada fascinante Além do Python! #python #programming #technology #webdevelopment #alemdopython ",2024-02-01T19:30:01.228485Z,,BR,795,30,5,https://yt3.ggpht.com/WfnveZ5ELbe8RwB4-KLRnYUmUzZCDwx70gJpZLR4BF2a7vm2G2JPnGifgGgk1j_gCs4SU0rbnA=s800-c-k-c0x00ffffff-no-rj,"python|programação|ubuntu|linux|tecnologia|py|django|sql|html|css|javascript|pandas|dev|devops|pytho|educação|educa|aprender python|aprender a programar|comandos python|banco de dados|programar python|desenvolvimento web|como programar em python|realidade da programação|dia a dia de um programador|cotidiano de um programador|começar na programação|tecnologias obrigatórias para ser programador|ferramentas devops|metodologias ágeis|canal de python|além do python","Lifestyle (parent topic)|Technology|Knowledge"
122,UCfJyVdFy1aMOcaPIOGnDxcw,"python learning",,2024-03-29T19:17:16.769729Z,,,10,0,3,https://yt3.ggpht.com/ytc/AIdro_kA_6HdENDjw6fe_r9pdpnYaIg22ZpzrM2F_T9lQCkQZoJyK-2CU7RnxSy91qymNidZjQ=s800-c-k-c0x00ffffff-no-rj,,
123,UCfKjz_1cCR6B5vcKvRIvvAQ,"Excel With Python","Hello everyone, I am Aditya Johorey, a Python and Machine Learning Enthusiast. I like making content and I post tutorials regarding Python programing language, Machine Learning, and Data Science. I hope you found my content interesting and insightful. Follow us for more such content on Excel With Python. ",2022-06-09T08:12:45.790315Z,,,9677,612,16,https://yt3.ggpht.com/zMhs4jbdskH4jAtvHYwpsO4Xp04vZvc7I2eO8kzaGSzufxz94aEV8nonD4OmuTQTA4LAhqiC=s800-c-k-c0x00ffffff-no-rj,"Python|excel.py|placements|interviews|numpy|pandas|ternsorflow|matplotlib|folium|Data Science|Excel with python|Machine Learning|Python Tutorials|Python free course|Python Programing|python programing language|Machine Learning course|Data Science and machine learning|Machine Learning free course|python projects|placements projects|placement project ideas|python projects for cv|machine learning with python|scikit learn|python for beginners|Advanced python","Technology|Knowledge|Lifestyle (parent topic)"
124,UCnM-_FG-2nhxWXemG0X8tew,"Python Expert","Currently I am working on Python Development, Data Science, AI,and ML ",2016-03-11T14:16:40Z,,PK,1356,16,23,https://yt3.ggpht.com/2XWCAgcSooMTCKWCDAIjezvWtgqdNup05ZMXINPySXp5i0NBqaYN79RKa6BMPixEgPzdwFDYX7A=s800-c-k-c0x00ffffff-no-rj,,"Lifestyle (parent topic)|Knowledge|Technology"
125,UCbTGnWMTOCPj53pzj4coaaA,"The Python",,2025-08-17T15:02:10.579776Z,,,7,0,1,https://yt3.ggpht.com/H1O4GvPxXv4SG_4EB0U2PaJ4lvY6U2cYyHwOGcidG4sKm17LufBt8w8A6sRuMwFcPxzs2a-asg=s800-c-k-c0x00ffffff-no-rj,,
126,UC5cRuFRNxn_5v1wyBNfyR6g,"Programming Python Paradise","This channel share educational contents on programming and related topics, specially on python programming language. If you have a passion for coding and want to explore the fascinating world of Python, deep learning, machine learning, NLP, transformers, CNNs, and beyond, then you've come to the right place! 🎥 What to Expect: On this channel, I bring you engaging and informative videos that cover a wide range of topics in the world of programming and AI. Whether you're a beginner or an experienced developer, there's something here for everyone. From Python tutorials that dive deep into its powerful capabilities to hands-on projects showcasing real-world applications, we've got it all! 🤖 Don't miss the ""MINI- The Personal AI"" series, where we build customizable AI assistants to boost productivity and simplify life. 🔔 Don't Miss Out: If you're as excited as I am about the vast world of programming and AI, make sure to hit that subscribe button and ring the notification bell! ",2023-06-24T10:52:58.973652Z,en,IN,16023,126,90,https://yt3.ggpht.com/wIsYpwnNt1bCrLiRwUNzrH80AKCoGkYienfdp5Agvjf6BTxMvEBryWvOSxhlWf2CigJxphvMdO0=s800-c-k-c0x00ffffff-no-rj,"python|programming|paradise|jarvis|ai|shorts|#shorts|codewithharry|python paradise|deep learning|python tips|viral shorts|trending shorts|youtube shorts|#trending shorts|programing python paradse","Knowledge|Technology|Lifestyle (parent topic)"
127,UCCTjSYevlO2n8A1S0pJbKVA,"Advance Python Programming by RAM CHARAN","Let 's make Computer Science easier and simpler in every digital class for PYTHON and MySQL. These classes are exclusively for the learners , to the learners and by the learners.(Classes 11 and 12 COMPUTER SCIENCE Students).Advance Python Programming deals with concept of python programming language, Relational Database management System(SQL),Python-MySQL connectivity and Data Visualizations. ""ENJOY PLAYING WITH PYTHON "" ""ENJOY PROGRAMMING IN PYTHON"" ""ENJOY PROGRAMMING MySQL IN PYTHON"" ",2021-04-18T16:56:30.28825Z,,,4443,276,49,https://yt3.ggpht.com/ytc/AIdro_lhOEJHyoFqu_mO8gSmRxg1cmBx0Kr7jP_-ClZzP-NeJA=s800-c-k-c0x00ffffff-no-rj,,"Lifestyle (parent topic)|Knowledge|Technology"
128,UCBChgXsdFHV98fzr0GxHNsg,"Python Br","Programador em python👨‍💻",2023-07-01T11:08:08.805941Z,,,224,1,2,https://yt3.ggpht.com/iI3Yx1vdcDfmKf0K8QR-lEf5ROWqs8BadiHp_Z4OxDFGi85jROU66KKoTAI8E3-CSxCxv0g=s800-c-k-c0x00ffffff-no-rj,,
129,UCwpCBVE_vIK8miRDOZuWzgw,"Pro Python Programmer","Hi! My name is Mitchell and I'm a professional programmer. I think Python is a great language, especially for those who are new to programming. My goal is to make learning to code fun and accessible to everyone. This channel is dedicated to programming, Python, technology, and engineering/innovation. Please check out the videos, enjoy, learn, and grow together!",2020-03-23T20:08:41.455206Z,,US,487,21,19,https://yt3.ggpht.com/ytc/AIdro_npjC5yhFLaAdlHBXhQBwAjARszURLjkKlWN5Zeycl1nw=s800-c-k-c0x00ffffff-no-rj,,"Lifestyle (parent topic)|Knowledge|Technology"
130,UCpBuGfvIonf2jS241PaKixA,"Script Python","🐍 Conceitos da Linguagem Python Função Lambda: Funções anônimas curtas para expressões rápidas. 🐍 Ambientes e Ferramentas Jupyter: Ambiente interativo para ciência de dados. tqdm: Adiciona barras de progresso a loops. 🐍 Visualização de Dados Matplotlib: Biblioteca para criação de gráficos variados. 🐍 Desenvolvimento Web e APIs Requests: Facilita requisições HTTP e consumo de APIs. FastAPI: Framework eficiente para criação de APIs. 🐍 Interface Gráfica Tkinter: Biblioteca nativa para interfaces gráficas simples. 🐍 Banco de Dados SQLite: Banco de dados leve e embutido. 🐍 Bibliotecas de Cálculo Numérico e Estatístico NumPy: Manipulação eficiente de arrays multidimensionais. Pandas: Análise e manipulação de dados tabulares. 🐍 Aprendizado de Máquina e Inteligência Artificial Scikit-learn: Modelagem estatística e aprendizado de máquina. PyTorch: Framework poderoso para redes neurais profundas. ",2018-01-26T22:31:51Z,,BR,1569,270,20,https://yt3.ggpht.com/WJrkH8x8zCqKZVjZ5x7FqLcUJA2Uc-hrLGoKAieGQHPuo6VQIRou0xjGnuWxdSgzH9K4hO4g2F8=s800-c-k-c0x00ffffff-no-rj,,
131,UC6HVhkHm7OaIXAc2znWBynw,Python__program," Welcome to our channel dedicated to helping you master essential Python skills! In today's fast-paced world, proficiency in using computers is more critical than ever. Whether you're a beginner looking to navigate your way around a computer or an experienced user seeking to enhance your skills, you've come to the right place. On this channel, we offer comprehensive tutorials, tips, and tricks designed to empower you with the knowledge and confidence to tackle various aspects of computing. From basic operations like file management and internet browsing to more advanced topics such as programming, graphic design, and cybersecurity, we've got you covered. Our expert instructors break down complex concepts into easy-to-follow, step-by-step instructions, ensuring that learners of all levels can follow along and progress at their own pace. Additionally, we regularly update our content to keep up with the latest trends and technologies in the ever-evolving world of computing. ",2024-03-23T04:55:56.744005Z,,IN,423,9,10,https://yt3.ggpht.com/QHNdOtq9TU-IyaTNThy1nSjZb7rfF_Ee6RUKPEWTiEcIagSQOOAaIRzqFNCjtTtKMe8TM8ug=s800-c-k-c0x00ffffff-no-rj,"skill|sourses|computer courses|computer skill|skill sphere","Lifestyle (parent topic)|Technology"
132,UCN3ksSNYfdMnKmjC938rO7A,"Learn Python",,2021-10-19T18:10:54.861462Z,,,779,11,10,https://yt3.ggpht.com/LJ37KCPXA7kE6trF438wS8NiXVp5W5CRsH28guqwE6MrZ8e3JEdxSZYilLoxGONkdejb5Pk29g=s800-c-k-c0x00ffffff-no-rj,,"Technology|Knowledge|Lifestyle (parent topic)"
133,UCWgc9siYEW1y2m1S--LlftQ,"Python Programming","Python Programming, Learning Programming, AI, Data Science, Data Analytics, Machine Learning, Neural Networks, Deep learning, LLM",2024-05-18T04:33:48.095412Z,,IN,124,1,8,https://yt3.ggpht.com/Hhrf65eIauFwclmdNuMnE6PaIHz_KZLTZKScsJirbW7md1gOlBCRU_tYHuX0wvOmVmyAg31LOQ=s800-c-k-c0x00ffffff-no-rj,"AI|Automation|API|Django|FastAPI|Python Programming and More|Machine Learning|Deep Learning|Data Science|Data Analytics|Web Development|Django REST Framework|Object-Oriented Programming","Lifestyle (parent topic)|Knowledge|Technology"
134,UCsYy8SCbwLL4lnhcZdIkpiQ,"One mïnute Python kída","Learning python programming language in one mïnute... Please like, comments & subscribe my channel...❤️",2022-09-28T17:45:10.28177Z,,,2163,11,35,https://yt3.ggpht.com/hBgVhjpy8zZqn4jCS5J-JU0Gdyk7HIqxyUWY-G8VdSfm65D9au6Nnc0-jRGiIa_Ib31wPl0j3Q=s800-c-k-c0x00ffffff-no-rj,,"Lifestyle (parent topic)|Technology"
135,UCtFS_PhuzcJBETXwWIsyP5Q,"Python FEI",,2019-06-11T18:19:31Z,,,87842,968,94,https://yt3.ggpht.com/ytc/AIdro_lfeQyfb0A7xrWNbxRH_BjNO32aXqc9qahyNEuNglu6Mw=s800-c-k-c0x00ffffff-no-rj,,"Technology|Knowledge|Lifestyle (parent topic)"
136,UCMTF2IhRnHD30Cf2WM8yi4Q,"Python Sem MIMIMI","Sou o Kaique, criei esse canal para conversar e discutir sobre linguagem de programação Python, Esse canal também é voltado para compartilhar os resultados de automações de processos. O objetivo principal é demonstrar soluções práticas para desafios reais, apresentando o passo a passo de problemas resolvidos no dia a dia. ",2020-04-27T00:51:53.847493Z,,BR,50994,1110,16,https://yt3.ggpht.com/6KCS2UFkgSjj_HFxri-fBuAApNMi1AXZ6qTRcC1vainimNHWBUEmjWWdu67Ndv0bUmyHb1Ry=s800-c-k-c0x00ffffff-no-rj,python|dev|rpa,"Lifestyle (parent topic)|Technology|Knowledge"
137,UCOpquoJo3TOVGfrng0euNuQ,"Canal Python","Se precisar é só chamar!!!",2022-11-23T21:06:10.80342Z,,,44,1,2,https://yt3.ggpht.com/j-r85xOUKxURee1NgevH34vRX8Lm7ZjyMumxN0Gz2MxSbPMgs24d0oXyjWiw4mTpKusq8l5Mbg=s800-c-k-c0x00ffffff-no-rj,,
138,UC0h1i9qnN9Ra97BgK3wNa4g,"Programming Python","This channel will contain several tutorials on how to write code with Python. First I published these Tutorials in german, and my first intend was to teach my pupils how to write small programms, especially arcade games and adventures. Very soon after the first videos I had some requests on much more difficult aspects of Python, such like writing an e-Mail-distributor, things I've never thought about. But: I did my job pretty well, and then I had been asked to publish these tutorials in english. So here I am. GUI, writing games, using databases, making websites interactive: all those things will get their tutorials. Just have a little patience with me. It takes its time to produce videos in a language I don't use every day.",2016-03-25T14:24:01Z,,,98429,478,16,https://yt3.ggpht.com/ytc/AIdro_kA8OU1uFWXM0lVQn1fei5AFD44xHAzdnEcx9Z7XREp_w=s800-c-k-c0x00ffffff-no-rj,"Python|programming|Java|creativity|GUI|database|mySQL|application|grafical interface","Knowledge|Technology|Lifestyle (parent topic)"
139,UCxYB0-EYp_Jywuk-gERT0kg,"Python Bytes","Are you ready to dive into the world of Python? Our channel offers short, informative, and engaging videos designed to unravel the mysteries of this powerful programming language. With each video lasting less than 40 seconds, we focus on teaching you one fascinating Python fact, problem, or aspect. Whether you're a beginner or an experienced programmer, our goal is to provide you with bite-sized knowledge that is easy to grasp and apply. Join our growing community of Python enthusiasts by subscribing to our channel. By hitting that subscribe button and enabling notifications, you'll never miss a Python Byte! We encourage you to share your thoughts, ask questions, and suggest topics for future videos in the comments. Get ready to unlock the power of Python one byte at a time. Let Python Bytes be your guide on this thrilling programming journey. Subscribe now and embark on an exciting adventure into the world of Python programming! ",2023-06-04T01:23:02.772121Z,,,221,5,27,https://yt3.ggpht.com/55hTKaEJo01Iwghslhx76WYEy4dFVUIfX8sD0GdoCIpb0_5SQfT6Xwu0nM893cKcxZ6c-YiJzQ=s800-c-k-c0x00ffffff-no-rj,"Python|Beginners|Programming|Software engineering","Lifestyle (parent topic)|Gaming (parent topic)|Technology|Knowledge"
140,UCH0o5afCgermtnv3yk_dX8g,"DSA with Python","Master Data Structures & Algorithms in Python | DSA with Python Welcome to DSA with Python, your one-stop destination for learning Data Structures and Algorithms (DSA) in Python! 🚀 Whether you're a beginner or preparing for coding interviews, our step-by-step tutorials cover everything from arrays, linked lists, recursion, trees, graphs, dynamic programming, and more! 💡 🔹 Beginner-friendly explanations 🔹 Practical coding examples in Python 🔹 Interview preparation for FAANG & top tech companies 🔹 Regular updates with new content Subscribe now and start your DSA journey with Python! 🐍🔥 ",2017-05-20T18:43:40Z,,IN,113,3,11,https://yt3.ggpht.com/XCAUzdiJl-Nf4YE7gyXp03CoCPtJCAg25DbouBsSQycSAemiKbxPC3QNLKJ1eG2U89UN-EYmd3U=s800-c-k-c0x00ffffff-no-rj,"DSA with Python|Data Structures and Algorithms in Python|Python DSA tutorial|DSA full course Python|Learn DSA with Python|Python for DSA|DSA Python roadmap|DSA in Python for beginners|Python coding for DSA|DSA concepts in Python|Python programming for beginners|Learn Python for DSA|Best DSA course in Python|Python coding interview questions|Problem-solving with Python|Algorithm and data structures in Python|Python competitive programming|Python logic building","Technology|Knowledge|Lifestyle (parent topic)"
141,UCBgYKkmGOFnKuUUtkTB9DOg,"Coding With Python","Hi Guys, I am the coder who is gonna teach you python as well as other languages.. Do subscribe and support me!!!! ",2023-02-20T13:46:25.180272Z,,,40567,79,15,https://yt3.ggpht.com/OvQL6O3vmd0WkqvX93hmQZEJsspEdST99uXe4Tg47cAM-w_VhdGrGHGDo4cDHRwBUPQUZ2wI0bk=s800-c-k-c0x00ffffff-no-rj,,"Lifestyle (parent topic)|Knowledge|Technology"
142,UCrMVhdiJ1bqOBeJ5ZeptFaA,"Curso Data Science com Python baseado em projetos","Seja bem-vindo à jornada fascinante da Ciência de Dados! Em um mundo cada vez mais orientado por dados, o curso que apresentamos é a chave para desbloquear o potencial ilimitado do universo da análise e interpretação de dados. Prepare-se para mergulhar em uma experiência educacional enriquecedora que o capacitará a transformar dados brutos em insights valiosos. Este curso apresenta mais de 10 projetos na área de Ciência de Dados, utilizando conjuntos de dados reais disponibilizados gratuitamente unido teoria e prática na medida certa! Acesse o curso completo: https://www.udemy.com/course/curso-data-science-com-python-baseado-em-projetos/?referralCode=57AEAAF0FC6CE31CE8EE ",2023-12-02T13:54:09.258587Z,,BR,5361,634,28,https://yt3.ggpht.com/x_zIZKm79YdVPVXbvjTQfvNIQb0mufmeMAG_bqpaTdyhO31AtgQ-Ekz7Al-Vr-PfYg-G4_QR=s800-c-k-c0x00ffffff-no-rj,"Python|Pandas|Ciência de Dados|Data Science|Machine Learning|Aprendizado de Máquina","Lifestyle (parent topic)|Knowledge|Technology"
143,UCOUrlykjCizfF9F-_xXiTRQ,"Python Basics","Python Skills Python from input ",2021-04-29T07:07:26.060552Z,,,7353,72,17,https://yt3.ggpht.com/ESp6yTYDlnZSBZ5BLiRyLNNflZdRo4bJvj7d7Vstti5y50WQ416hyvY8jEi6WyDfvtQMckZ7YA=s800-c-k-c0x00ffffff-no-rj,,"Knowledge|Technology|Lifestyle (parent topic)"
144,UCwkh39GrK1xdxR9jW4DRlTA,"Python helper","Hey, This is Python helper who is trying to teach you Python and other programming language with the help of these small small videos.It is a small intiative by me to help you guys. So please make sure to subscribe my channel and hit that bell icon to get notified.. Till then..... Let's code it!!!!!",2021-02-02T10:47:30.660075Z,,IN,24044,174,44,https://yt3.ggpht.com/oFyjJvirXCQZhl-1i2Uc_mYBfRBAgodTe2zD_KOupW0g7P_R2TkVvZMcW8aUUjLoHHb0XLeD=s800-c-k-c0x00ffffff-no-rj,,"Lifestyle (parent topic)|Technology|Knowledge"
145,UCe-ZvHdwWQS1IdKEY86fBUA,"Python Zone BD","Welcome to Python Zone BD! 🐍 Your ultimate destination for mastering the Python programming language and all its powerful features! Whether you're a beginner starting your coding journey , this channel is for you. 🔹 What This Channel Will Offer: ✔ Python Tutorials – From basics to advanced concepts ✔ Framework Guides – Django, Flask, FastAPI, and more ✔ Project-Based Learning – Build real-world applications ✔ Tips & Tricks – Optimize your Python code like a pro ✔ Latest Updates – Stay ahead with Python’s newest features 📌 Subscribe and hit the notification bell to never miss an update! ",2025-06-08T17:48:32.479924Z,,BD,33,3,2,https://yt3.ggpht.com/--McWZPN1pwpJjddMjHZuHQHijYYoouP5HtiFsXLWrl1efBf6ZN6bCVf3C3NWaic2Dord1CKGQ0=s800-c-k-c0x00ffffff-no-rj,,"Lifestyle (parent topic)|Knowledge|Technology"
146,UC_TyhgT0A4a1DKZMDyRc1AQ,"Python Code Buddy","Welcome to Python Code Buddy, the ultimate destination for learning Python programming language! Our channel is dedicated to providing comprehensive tutorials and practical examples on everything related to Python, from the basics to advanced topics. Whether you're a beginner or an experienced programmer, our videos are designed to help you improve your skills and enhance your understanding of Python. We cover a wide range of topics, including data structures, algorithms, web development, machine learning, and much more. Our expert instructors have years of experience in Python programming and are passionate about teaching. They use clear and concise language to explain complex concepts and provide step-by-step guidance to help you master Python. Subscribe to our channel to stay up-to-date on the latest Python tutorials, tips, and tricks. Join our community of Python enthusiasts and become a Python Code Buddy today! ",2022-01-30T20:42:34.869914Z,,,20558,136,12,https://yt3.ggpht.com/2xA5D0-qlwBAYyWTdG0HCpnSQ4Pulc7XNxhlH4JoM5fX0JXACBzGbijtJ5BloQtM5YrXAK6KUw=s800-c-k-c0x00ffffff-no-rj,"python|pandas|numpy|pythonista|keras|seaborn|matplotlib|ETL|python training|python tutorial|python class|python videos|python programming|python for beginners|python tutorial for beginners|python training online|data science|data visualization|data analysis|python projects|python 3|deep learning|machine learning|neural networks|data mining|data cleaning|feature selection|applied machine learning|natural language processing|feature engineering","Lifestyle (parent topic)|Knowledge|Technology"
147,UCVxPTRxEcoWjEFIMXHaGgHA,"Python India","PyCon India is organized every year by Python communities and user groups all across India as a way to pool their experience and expertise into making a more successful, more accessible conference every year. The conference is organized entirely by volunteers all the way from planning, to finding the speakers, to managing the event successfully. Our Vision is to bring the cumulative knowledge and experience of our community members to the public. We want to create a responsible and inclusive ecosystem where Pythonistas from diverse backgrounds can come together to share their stories and gain something from other’s experiences. We aim to ensure the conference can reflect the diversity of our community and facilitate the exchange of ideas, knowledge, and experiences enriching the community.",2012-10-01T12:49:04Z,,,373876,5500,467,https://yt3.ggpht.com/k-L9imwFt1bvM5nFihcmZm0Uh9LjVkkPuUR-VBOKNFjdbkBpJrbQkQjGfLwu1ipK2rcovTglSso=s800-c-k-c0x00ffffff-no-rj,python|pycon,"Technology|Knowledge|Lifestyle (parent topic)"
148,UCnw7qlNurc-tuyCm8VD8taQ,PYTHON,"DICAS DE DECKS DE CLASH ROYALE AQUI NO SEU CANAL DE CLASH ROYALE ",2022-05-20T22:15:53.622615Z,,,4,0,1,https://yt3.ggpht.com/LwffQ6bOvKd5IxAZUcSmlLtvFBAZMe4uK6uGUl_joqogGm6s47qFwpxZSGrsXI7PCg5XpuBm=s800-c-k-c0x00ffffff-no-rj,,
149,UCkDJ2F4AuGHv7ztpxFRWiJg,"Python AI","Hey there! Welcome to Python AI Join us as we explore Python and AI through fun and practical tutorials. No matter what programming language you’re into, you’ll find something here to spark your curiosity and level up your skills. Hit subscribe and let’s code up something amazing together! ",2024-08-28T12:19:23.120421Z,,IN,1121,26,12,https://yt3.ggpht.com/RAJQD9c8BpSbtkv4sZ0xrx2ALOX5o20SaHxWSyctFu-FJdvjY7LFmDT-n3yDaMRHITcj_nX4hQ=s800-c-k-c0x00ffffff-no-rj,"python|AI|Python AI|Python Projects","Knowledge|Technology|Lifestyle (parent topic)"
150,UC4ws8OZHg_kYm6rtdWBsxWA,"PythonIA inteligência Artificial com Python ","Olá, e seja muito bem-vindo ao Python IA! Este é o seu espaço definitivo para mergulhar no fascinante universo da Inteligência Artificial, Machine Learning e Ciência de Dados, tudo isso com a linguagem de programação mais poderosa e versátil do mercado: o Python. O que você vai encontrar aqui: Tutoriais Passo a Passo: Do básico ao avançado, criamos guias práticos para você dominar as principais bibliotecas (como TensorFlow, PyTorch, Scikit-learn). Projetos Reais: Construímos projetos do zero, mostrando como a IA é aplicada em problemas do mundo real. Conceitos Descomplicados: Explicamos teorias complexas, como redes neurais e algoritmos de aprendizado, de um jeito que todos podem entender. Se você é um estudante, desenvolvedor ou apenas um entusiasta da tecnologia, junte-se à nossa comunidade! 👉 Inscreva-se agora e ative o sininho para não perder nenhum vídeo! Quer aprender a criar Inteligência Artificial na prática? Está no lugar certo. Eu sou André Camelo, especialista em IA. ",2020-05-17T14:51:45.170576Z,,BR,1218,10,35,https://yt3.ggpht.com/B8NNmwzrDm6CrVuWbpZPFwPCxf_M_yS5nZiknipfgqPeNiR0FsyG02uENhyEUSZP8eRE6DsF=s800-c-k-c0x00ffffff-no-rj,"#BRASIL #brazil #videosbrazil|#python # pythonia # pythoniando #ia #ai #pythondozero #programacaopython","Knowledge|Lifestyle (parent topic)|Religion|Society (parent topic)"
151,UCnwijGyyWgCXmIpssTM2Cqw,"Python For Ethical Hacker","Python for Ethical Hacker 🔥🛡️ Welcome to Python for Ethical Hacker! This channel is dedicated to helping cybersecurity enthusiasts, ethical hackers, and security professionals master Python for offensive and defensive security. 🔹 Learn ethical hacking techniques with Python 🔹 Automate security testing & penetration testing 🔹 Explore Web3 security, smart contract exploits, and blockchain hacking 🔹 Develop custom hacking tools, fuzzers, and exploit scripts Whether you're a beginner or an experienced hacker, this channel will provide hands-on tutorials, real-world case studies, and in-depth security research. Subscribe now and start hacking—ethically! 🚀💻",2025-02-11T17:56:54.471655Z,,,7057,45,41,https://yt3.ggpht.com/5fdfTEonIdwcoHP2HpOMR-_KSb7REb184QiE363Hb_Pnzn0B_-WCUz4lz_2iT-ettNPaENsI4w=s800-c-k-c0x00ffffff-no-rj,,"Knowledge|Technology|Lifestyle (parent topic)"
152,UCFQzqlJPwLB4kQiic-AaBtw,"Dicas de Python","🐍 Bem-vindo ao DICA DE PYTHON! 🐍 Aqui você encontra dicas rápidas, úteis e diretas ao ponto para melhorar seu jogo em Python — sem enrolação! 🎥 Vídeos curtos (menos de 2 minutos) que vão direto ao assunto: ✔️ Truques que poucos conhecem ✔️ Erros comuns (e como evitá-los) ✔️ Atalhos no VS Code ✔️ Módulos incríveis da biblioteca padrão ✔️ E muito mais! 💡 Você manda nas próximas dicas! Deixe nos comentários qual tema quer ver no próximo vídeo. Se você é iniciante ou já tem experiência, sempre tem algo novo pra aprender por aqui . E o melhor: não perca tempo com aula longa e chata 😉 🔔 Ative o sininho para não perder nenhuma dica nova! 👍 Se gostou, curta o vídeo , comente sua opinião e compartilhe com quem também ama programar . 🚀 Juntos vamos crescer e transformar esse canal no melhor cantinho de dicas de Python do YouTube ! 👉 Clique em INSCREVER-SE AGORA e vire um Python Ninja comigo! #DicaDePython #PythonRápido #ProgramaçãoParaTodos #DevPython #DicasDeProgramação ",2024-03-04T23:18:20.179261Z,,BR,5,0,8,https://yt3.ggpht.com/af4MqjQHQnKtEOi-HDvDLKPavXXWwlyRuyC53kvDLvRk7DcToYfJ1ADlQafULk3fwUR8Ltmj=s800-c-k-c0x00ffffff-no-rj,"Aulas de Python|Python para iniciantes|Curso de Python|Truques com Python|Módulos Python|Código Python|Python rápido|Python na prática|Vídeos curtos de Python|Dica rápida de Python|Aprender Python rápido|Programação em Python|Truques Python|Dicas diárias de Python|Como usar Python|Aulas curtas de Python|Vídeo sobre Python|Melhores práticas Python|Segredos do Python|Python na prática|Exemplos de Python|Pequenas dicas de Python|Técnicas em Python","Technology|Knowledge|Lifestyle (parent topic)"
153,UC-bhqj-oBngk6TRTNwoyEbg,"Doutor Python","um canal voltado para ajudar quem esta começando no Python sejam programadores que ja tem uma certa familiaridade com outras linguagens como java ou c mas também para aqueles que estão começando Python é uma linguagem que foi criada para produzir código bom e fácil de manter de maneira rápida.uma linguagem focada na produtividade",2015-07-12T23:01:07Z,,BR,36076,171,120,https://yt3.ggpht.com/ytc/AIdro_nZTpKnUgRBae6XhztlVmTrCqxQ8ebkrBS0Tjgsh0hYBg=s800-c-k-c0x00ffffff-no-rj,,"Technology|Knowledge|Lifestyle (parent topic)"
154,UCxI046FqBGgRaB0EBlWOi3g,"Programador Python","Olá! Eu sou Gabriel e sou programador. Atualmente, sei programar Python. Meu primeiro código foi um app de fazer redação digitando, em que você pode exportar como PDF ou DOCX ou TXT. Espero que gostem, Valeu!",2022-01-16T23:11:05.519513Z,,,610,8,7,https://yt3.ggpht.com/KwLDGhWemENopT_tGUXbJB2hvBgbG_vT1AfAacpcC7bBmxs630vlh7zk058q7uG-k4maTLjhJ1Y=s800-c-k-c0x00ffffff-no-rj,,"Lifestyle (parent topic)|Technology"
155,UCPaYdKl5JHOgE8gWY96JrDA,"Krunal Python Codes","Learn Python Programming by doing 100 Python Projects. I Hope This 100 Python Programs Will Help You To Understand Python Programming Language.",2023-10-05T04:45:12.011421Z,,IN,36339,246,30,https://yt3.ggpht.com/9otDdccdsu7HctfKzV0WB6_nQkGO4XpZtykMpMrLX7Yx747MMiCCNQkhfKcYNh7kKYbp0arEig=s800-c-k-c0x00ffffff-no-rj,"python|free python projects with source code|free python projects|python programming for beginners|basic python programming|learning python for beginners|python basic programs|python learning|program python|python basics|python programming|python tutorial|python coding basics|python programs|python coding|python create class|the python|python language|python in hindi|python download|python coding language|python class example|python example","Technology|Knowledge|Lifestyle (parent topic)"
156,UCHR5Fp5FrAKy3Deq3dk9okg,"python AI lab","On this channel, we delve deep into the intersection of Python programming and AI technologies, unraveling the possibilities and advancements in the field. Whether you're a beginner looking to grasp the fundamentals or an experienced practitioner seeking cutting-edge insights, our goal is to provide you with comprehensive knowledge and practical guidance. Join us on this exciting journey as we cover a wide range of topics, including machine learning, deep learning, natural language processing, computer vision, and more. Whether you're interested in building intelligent applications, diving into neural networks, or understanding the algorithms that underpin AI, Python AI Lab is your go-to resource. Subscribe to our channel, hit the notification bell, and embark on an exhilarating journey towards mastering Python AI. ",2023-06-16T10:32:18.091278Z,,IN,19643,118,13,https://yt3.ggpht.com/waSccoLogpG66vOtnCN0BRZEgomNGP8QRZxaTdFQ3xCm3TH0se5x3QkwIvl15_XvC8x2SZIg=s800-c-k-c0x00ffffff-no-rj,"AI|python AI lab|python ai lab|artificial intelligence|python for beginner|basic python|python from beginning|python full course|python codes|Python programming|what is artificial intelligence|artificial intelligence course|artificial intelligence programming|machine learning models|deep learning models|artificial intelligence for beginner|artificial intelligence model|artificial intelligence programming language|basic programming|python programming","Lifestyle (parent topic)|Knowledge|Technology"
157,UC-OQkLYbeGfnFYK05ah3ZGg,"Python Fácil","Instagram: @pythonfacil Site: pythonfacil.com",2022-01-21T00:08:16.296701Z,,,547,1,1,https://yt3.ggpht.com/b2B9nKs2H3pLHvMFZK8dtCDaNIuDWm-Q8PZTOEfNH5e9NagYXINvZjcuHLc97xsN5svhNYZ2NMs=s800-c-k-c0x00ffffff-no-rj,,
158,UC5vQYZY9V1AUzPxkgjWZ8sA,Python,"Sim, eu sou programador! Sim, eu sei usar arduino! Não, eu não sou xiter no csgo! Para de choro e vai aprender a jogar! E o mais importante é PAITON e não PITON! ",2016-01-14T01:27:17Z,,BR,6925,30,7,https://yt3.ggpht.com/ytc/AIdro_mJ4ruV6st0PszG-cXS_KhuJifoKKoUfVR6swDRHPg=s800-c-k-c0x00ffffff-no-rj,"micropython brasil|orange pi|python orange pi one|micropython esp8266|micropython esp32","Lifestyle (parent topic)|Technology|Gaming (parent topic)"
159,UClGi4ovMa2XLQXRmLdXRE_Q,"ALUNO PYTHON","Sou uma pessoa excepcionalmente inteligente, com uma sede insaciável de aprendizado e crescimento pessoal. Desde muito jovem, sempre fui fascinado pelo funcionamento do mundo ao meu redor e pela busca incessante pelo conhecimento. Além disso, considero-me um homem de bom coração, sempre buscando ajudar os outros e espalhar felicidade onde quer que eu vá. Acredito que a positividade é contagiosa e faço questão de compartilhar essa energia com todos ao meu redor. Minha paixão pela tecnologia me levou a aspirar a ser um programador e engenheiro mecatrônico. Estou comprometido em dominar essas disciplinas, dedicando horas de estudo e prática para alcançar meus objetivos. Acredito que, com minha determinação e inteligência, estou destinado a deixar minha marca no campo da tecnologia, inspirando outros com minha jornada de aprendizado e excelência.",2023-02-15T00:15:43.121292Z,,,85,1,5,https://yt3.ggpht.com/JMMrH5QLNe1knMXpDOmUOgY9Z-W8g5Om81QRYKKJP3BImE7TW23IEm1SaGmPWjbjwW3RJd3gjg=s800-c-k-c0x00ffffff-no-rj,,"Gaming (parent topic)"
160,UCTnAohR8gmHQqY-jnM_r1fQ,"Python V full course","Python is one of the most popular programming languages around the world. The use of Python language in the field of Machine Learning and Data Science has increased its worth.So, let us start with our journey to dive deep into the Python programming world.... ",2021-05-28T11:24:44.075026Z,,,243,4,21,https://yt3.ggpht.com/Ig_9xO6KMnXGX9OrtjHpK75rXRsdzq3tMg9qVP6UbASLAzP9oFqzWzhmiLYUEdLYJyOSl7RQ=s800-c-k-c0x00ffffff-no-rj,,"Lifestyle (parent topic)|Knowledge|Technology"
161,UChGgEmPc3VswANgSd50oMVg,"Python Basics","Python programming 😍 ",2018-06-16T06:44:00Z,,,2528,46,34,https://yt3.ggpht.com/NhAAjlWUqhcfa1SQL33CtWYFp0coy1aWPpPpUkI6m5xDvj0gZoNX_7SnCuBosTbBlriHL8P_ag=s800-c-k-c0x00ffffff-no-rj,,"Lifestyle (parent topic)|Knowledge|Technology"
162,UCU9AURR7JGOK0XhO5EeqhDg,"PYTHON PARA INICIANTE","ESTE CANAL FOI CRIADO PARA AJUDA AS PESSOAS QUE ESTÃO COMEÇANDO A ESTUDA PYTHON AQUI VOU PASSA TODO MEU CONHECIMENTO QUE TENHO EM PYTHON ",2021-08-16T18:54:39.926272Z,,,125,2,7,https://yt3.ggpht.com/wkGK09DhBnmSTesVgW0ol0vBL2BelHfqF9HMFp6sINrJtQ7MoNNuOLKjYKMo5l-L5rJRkqE6=s800-c-k-c0x00ffffff-no-rj,,"Lifestyle (parent topic)|Knowledge|Technology"
163,UCLJyEZXnEuMgXqtS0sJgBFg,"Practical Python Solutions","This channel was designed to teach all audiences the Python Programming Language through fun, creative and intuitive videos. As you get more advanced in your programming journey, we will collaborate on more complex functions, such as encrypting files or web scraping. This channel is yours, so don't hesitate to ask questions or make suggestions! 📬 For more information, visit us: * On Github: https://github.com/pmahon2016/ * On Facebook (in English): https://www.facebook.com/Pmahon1998/?view_public_for=532308790567825 * On Facebook (en français): https://www.facebook.com/groups/325392452065776 * On Twitter: https://twitter.com/paulmahon Enjoy! Paul",2018-08-03T16:09:46Z,,IE,272432,2410,78,https://yt3.ggpht.com/S9__oXaawIt8bL4xMJdgAanWYucmsV0ECUaieCcUbFRNtpU6QaOCK-OrIkgPwF_DaV4DxJbX=s800-c-k-c0x00ffffff-no-rj,"Python|Coding|scikit|Data center|numpy array|values examples|data normalization|machine learning algorithms|variance meaning|normalize vector|normalize data|python encode|python tutorial|learn python|python programming|python online|webscraping python|python language|python script|python basics|python for beginners|python course|python book|learn python free|python programming language|python coding|Paul Mahon|Python Practice|python class","Lifestyle (parent topic)|Knowledge|Technology"
164,UCNYAKDt4VMfPt0lT_hnrjXg,"Coding with python ","hello friends welcome to my channel ""Learn about python programming language. From basics to advanced, I've got you covered. Interactive tutorials, real-world projects, and expert tips. Transform your coding skills and boost your career! Subscribe now and let's code!"" please subscribe and support my channel 🥺🥺🥺 ""💻 MASTER PYTHON WITH THIS 1 VIDEO! 💻 Learn advanced Python concepts, including decorators, generators, and more! Expert guidance | Real-world projects | Interactive coding challenges Subscribe now and take your Python skills to the next level! 🔥"" ""🚀 PYTHON CODING CHALLENGE! 🚀 Improve your coding skills with this interactive Python challenge! Beginner-friendly | Intermediate | Advanced levels Subscribe now and show off your coding skills! 💪"" ",2025-03-16T08:41:36.915515Z,,,12562,20,26,https://yt3.ggpht.com/ys8Fp72tGhppT2UWljwmfwx8bM4X-CEO6xSTZsQTtxL1ivJYxYdxlE4wdgbDflBJON4WgNb893A=s800-c-k-c0x00ffffff-no-rj,,"Technology|Lifestyle (parent topic)|Knowledge"
165,UCzTRORYrUgm7mIK8xLIYOGQ,"Python Talks",,2020-06-26T00:39:14.931973Z,,BR,3059,62,3,https://yt3.ggpht.com/ytc/AIdro_mOAkBDxmfxSb4UJNI5KRVjRzYb6uLg0BuIX425YXVYjA=s800-c-k-c0x00ffffff-no-rj,"python|Excel|Power BI|Power BI Python|Power BI e R|Programação Python","Technology|Knowledge|Lifestyle (parent topic)"
166,UCWWgDqtNtKQpHVsF8N1zQ6A,"Python Rápido","Projeto criado pelos alunos da Ciência da Computação da Universidade Paulista - UNIP, 2023",2023-11-20T21:05:03.402208Z,,,127,3,8,https://yt3.ggpht.com/fwXmJhL4HBY85i5WktLojsX96k9oISiUP8sV-AjAzkxzCfKlbEAP6rzCbAaYszM_-w9JOCaF=s800-c-k-c0x00ffffff-no-rj,,"Lifestyle (parent topic)|Knowledge|Technology"
167,UCTVm9ssXUpg_wsFC2GGGLNg,"Python In Excel","I created this channel because I felt there was a big wave of excitement throughout the Excel community when the Python in Excel feature preview came out in August 2023. I think with the official release of the feature in September 2024 there are enough people with access that merits a channel dedicated specifically to the Python in Excel feature. The goal of this channel is to spoon-feed the most important people (you!) the essentials of the Python programming language as it pertains to Excel integration. I aim for 10-minute videos on topics where using Python in Excel is faster than Excel on its own. I hope my demos equip you with building blocks to get the most out of Python in Excel. I created this channel for you, so please leave comments—they help me improve the content and guide the channel’s direction. With 20+ years of Excel experience in corporate planning and consulting, I’ve never felt more inspired to tackle challenging problems, and I hope to help you do the same! ",2023-11-11T04:35:41.500828Z,,US,1791,55,9,https://yt3.ggpht.com/JkvE2MJekYQR6y665kBhzbSkiGcPx6jTL6xlCU7LX4x_wD_NvkVh7ONSpQtzrX0RB5BBRNXKTQ=s800-c-k-c0x00ffffff-no-rj,,"Lifestyle (parent topic)|Knowledge|Technology"
168,UCmaiKMyFb9H3SsOLAFMdS4Q,"Python Engenharia",,2014-10-24T04:42:38Z,,,1665,7,4,https://yt3.ggpht.com/ytc/AIdro_k9DtbRyjVUahCcHrBy42xounKBQ7S81g76YetwRcg=s800-c-k-c0x00ffffff-no-rj,,"Lifestyle (parent topic)|Technology"
169,UCWk-h2dD8Y9lHIyYoJ8-Z9w,"Automação Com python","Esse canal e dedicado a automação com python",2022-07-06T02:14:37.24404Z,,,206,1,3,https://yt3.ggpht.com/R87YN29CDoQg-Kq4ODMaFT3x49kOKUx4XnmKRhaMYNHWR0UHpNPrEXIAvM2UnFw6xKuw7sMy1A=s800-c-k-c0x00ffffff-no-rj,,"Technology|Lifestyle (parent topic)"
170,UCmDxbf1dJWRssYuE-26QXzw,"Curso de Python","Este canal é sobre um projeto universitário, onde vamos ensinar as pessoas a programar do zero! Criamos um plano de ensino que permite pessoas que nunca tiveram contato com a programação embarcar neste mundo. Agradecemos muito o interesse e ficamos felizes com este passo inicial que tomou em sua vida! Se você fez esse curso, por gentileza, nos envie um feedback, isso ajudará muito! Obrigado!!! ",2023-05-29T03:43:37.872568Z,,,101,11,6,https://yt3.ggpht.com/eVh5P6F5U3gwakIhHxaIGyl9ehH2Sgr5MXE7-8B-ojVrG_3Hq9rjhRRDbxMy8o2svidfdOod=s800-c-k-c0x00ffffff-no-rj,,"Lifestyle (parent topic)|Knowledge|Technology"
171,UCJ9JIU7gt5CAokSzADZgaKw,"Play With The PYTHON.","This channel is made for those who loves PYTHON PROGRAMMING LANGUAGE.... Subscribe the channel to get various Python Project codes at free.... ",2021-05-19T12:03:17.917293Z,,IN,395,16,8,https://yt3.ggpht.com/03IsIjPtdVSVAqLJhfIsHO9aeBfT0Mw0qy_gzdpC9Sncre7cE4bxk1diENhV2anWFZjevdG5=s800-c-k-c0x00ffffff-no-rj,,"Lifestyle (parent topic)|Knowledge|Technology"
172,UClEJCXKJIS0vvcap3KnshXg,"Minuto Python","Olá seja bem vindo ao meu canal, me chamo Igor e aqui toda semana tem dicas, tutorias e curiosidades sobre Python, Machine Learning e Data Science.",2021-08-22T12:15:21.936274Z,,BR,16584,243,7,https://yt3.ggpht.com/-FFyEEpEeDEOfBFqOgBTbprxzSgJSfgu4NLJxrOBw3smRlNeJek1bDqdFM0Kr3hhIzrrkpLH=s800-c-k-c0x00ffffff-no-rj,,"Lifestyle (parent topic)|Knowledge|Technology"
173,UCuCQQ_HuNqjRSdpcflCjY0A,"Python Beginners","Python Beginners is a Programming Concept Related Channel Where You will get Videos related to Python Programming language or Other Programming Language and Database Related Videos also.I Will Share The Programming Concept With The Help Of My Channel",2018-08-24T13:25:12Z,,IN,22618,399,24,https://yt3.ggpht.com/ytc/AIdro_lhamcgWrQj52WFfnoP2B6ATSt5b46xKA5PebCflNxrWg=s800-c-k-c0x00ffffff-no-rj,"Python Beginners|Python Beginners In Hindi|Python beginners by dhurub saxena","Lifestyle (parent topic)|Knowledge|Technology"
174,UCOXddmJndNAxbTR8BUY2mmA,"Concise Programming with Python"," zip() function with iterables. zip function in python by concise programming with python, zip() function in python by jeelan mullah. learn python programming language easy way. ",2023-02-26T12:45:11.167829Z,en-IN,IN,61,10,1,https://yt3.ggpht.com/DtyzxdU2ffVSMNRp2fTILlJgWfgqAUDwpqZb1CXyC8dWwdnp5JUsaTyuURrRCUXMtMC8LItjYw=s800-c-k-c0x00ffffff-no-rj,"To learn and practice with Python Programming Language.",
175,UCD4begBKdP6aB6noq3F5qbg,"Smart Python","Vídeos curtos para auxiliar pessoas que tenham curiosidade em programação e apenas um celular em mãos. ",2021-04-22T20:15:16.893518Z,pt,BR,421,5,6,https://yt3.ggpht.com/ov-NnhhlYh8jaHsHpCaXkZDA8nGY4VeID5AhcEtRu8BRJJwt_T7uzqwzN0YTBQq1nb5Czeye=s800-c-k-c0x00ffffff-no-rj,"python|programação|codar|codificar|codificação|projetos|celular|smartphone|android|pydroid|ti|tecnologia|tech|iniciante|intermediário|junior|dados|sistemas|informação|informática|software|analise|desenvolvimento|computação|pydroid 3|data science","Knowledge|Technology|Lifestyle (parent topic)"
176,UCWEDZGbHDCJ1eyrETwrxyFQ,"Python in Practice","There are many tutorials for Python basics and many other tutorials for specific tools and fields like Data Science, Web Apps, Automation My channel focuses in the between, how to get familiar with the language environment after learning the basic material or watching an intro tutorial. In our videos you will get used with the terminal, the editors, some basic frameworks, basic libraries, and practice with the common structures (lists, dictionaries, etc) and logic (loops, if-else conditions, functions, etc), by solving specific problems hackerank-type (once-question problems) or by working on pipelines that contain various steps to complete. We will also talk about general topics about this amazing language and how it affects our life in this changing world ",2025-03-20T17:57:21.234969Z,,,42778,9970,20,https://yt3.ggpht.com/Cuu_kxTdH_62C4LfblAVckJ_fsr9M-hG7CwemULu6yb1Ydt_a2YkwsNvzYeOuu9fHNWdu6hv9DA=s800-c-k-c0x00ffffff-no-rj,python|programming|coding,"Lifestyle (parent topic)|Knowledge|Technology"
177,UCNvOgJZxELrGYzJQTnCDSHQ,"Programando em Python","mostrarei de formas simples e divertida como trabalhar com Python, resolvendo exercícios e criando pequenos programas com a linguagem.",2020-09-19T02:27:14.212088Z,,BR,1204,16,2,https://yt3.ggpht.com/ytc/AIdro_kk2L2tnHG0ZX86pHW9GrtfXrH6H0lrNi0t_9IBA_U9lQ=s800-c-k-c0x00ffffff-no-rj,"python|programando com python|exercício python|resolvendo exercício python|como instalar python|python para iniciante","Technology|Knowledge|Lifestyle (parent topic)"
178,UCEhI2CfdT5--TYq47K4en4A,"Python Barcelona","PyBCN is a non-profit organization focused on increasing the usage and knowledge of the Python programming language. Check https://pybcn.org ",2016-03-01T11:45:39Z,,ES,15681,351,81,https://yt3.ggpht.com/ytc/AIdro_k4VFWjTKh3fo9EM4haDPeKJRYj2mPTfcLh5GvJNn3J6A=s800-c-k-c0x00ffffff-no-rj,python|Barcelona|meetup|pybcn|tech,"Lifestyle (parent topic)|Knowledge|Technology"
179,UCGqBRBluyDZobWUQaPsEFew,"Python Problem Solving",,2021-11-05T01:51:58.767465Z,,,4199,18,5,https://yt3.ggpht.com/Kk24ptYALt1vix__g5YUhm7to6f5oQWPgy2JMW-8RhUZpzwzCPKzR-cd-FrYmrhEUfCi_t5BiQ=s800-c-k-c0x00ffffff-no-rj,,"Lifestyle (parent topic)|Knowledge|Technology"
180,UCsjjt3yZd_NieR9_FTOfGmg,"Python Shorts","In this channel you'll get informative short videos regarding Python Programming language",2024-04-04T10:34:53.35089Z,,PK,19,9,11,https://yt3.ggpht.com/kZg5sw94PfP1bFbuAoNWtp8YkGGrG8QkXNWMBUHDmTmqDQbf0w5FdXFb8f1Km8xWDUbX6ceHjg=s800-c-k-c0x00ffffff-no-rj,"Python|language|Programming language|Short videos","Lifestyle (parent topic)|Knowledge|Technology"
181,UC5V61cEGzE-Vo1MGYLd8saQ,"Let's Python","Heyy, On this channel, I upload videos related to the Python programming language and try to create simple python programs. ",2022-08-09T12:47:42.373274Z,,IN,2072,18,10,https://yt3.ggpht.com/pK0zRSAnOUNiuuDtJw1xcITlVue2G-9A37WorDsiH9V2EV4o16FbEkF6pGQ6fNJ8tEx8COmo7w=s800-c-k-c0x00ffffff-no-rj,Python|Pythonprogramming|Education,"Lifestyle (parent topic)|Knowledge|Technology"
182,UCUVFiMPhGIXMUrGCu1mQVBw,"Python Norte","Participe do Python Norte 2024, um evento dedicado à tecnologia e à inclusão! Estamos comprometidos em promover a diversidade e a inclusão ao longo dos dois dias do evento, que acontecerá em setembro. Inscreva-se agora para fazer parte deste momento inspirador, onde celebraremos a união de diversas vozes e perspectivas na comunidade de tecnologia.",2024-09-23T12:37:22.55197Z,,BR,113,18,5,https://yt3.ggpht.com/Pkj7SxDAprAJvhCyMo5yl2u-cpZc9GrkeoBfYShkGzYinhFSIn0Y-59uG4uBPJ5O505C0aH6rA=s800-c-k-c0x00ffffff-no-rj,"python|programming|grupo de usuários|user group|pycon amazonia","Lifestyle (parent topic)|Knowledge|Technology"
183,UCXIKTlRw8OHVQ_WlEMP_jSg,"Mouse Vs Python","I love the Python programming language. Here at Mouse Vs Python, you will learn about Python through beginner, intermediate and advanced tutorials. I will also be covering cross-platform GUIs, PDF creation, visualizations and much more!",2014-11-24T22:21:04Z,,US,229736,4060,153,https://yt3.ggpht.com/ytc/AIdro_mpVMISqVCya1s5EpVbT49kMjd6XSFOwDJDKkHnEbP-VA=s800-c-k-c0x00ffffff-no-rj,,"Lifestyle (parent topic)|Knowledge|Technology"
184,UC9QKneV_oww9e-i-4yG5MAA,"Caixa de Ferramentas - Python",,2018-12-02T19:05:09Z,,,175,3,7,https://yt3.ggpht.com/ytc/AIdro_lDf6QkAajqeul689HXjdPAw_7eYUqq4aNnlXrGw4jHNg=s800-c-k-c0x00ffffff-no-rj,,"Technology|Knowledge|Lifestyle (parent topic)"
185,UClxxDKc7HlREGXbLF1-V2sg,"Academia de Python Acessível","Canal com conteúdo de Python com prática de programação acessível para pessoas com deficiência visual, confiram!",2021-07-14T00:45:54.56215Z,,BR,9,7,1,https://yt3.ggpht.com/I3VwW4VFSMXBv3VKUpqDeeQHoK4krtnTKqFcWCfwdm33JlOAPu1E5Ix8GRoRUJPm62GMQo8dmGc=s800-c-k-c0x00ffffff-no-rj,"academia de Python acessível|aulas e instruções com acessibilidade",
186,UCrH7qRelgbFlFETOvuDZq_w,"Análise de Dados com Python","Aprenda Análise Exploratória, Descritiva, Preditiva e Prescritiva para Ciência de Dados. Práticas em Python com muita estatística, Machine Learning, Redes Neurais e diversas outras ferramentas.",2020-07-09T18:02:50.34505Z,,,0,269,0,https://yt3.ggpht.com/DGXTx-CYQDi9cswRQQBP0DuPHp5If_Ga1ssWAlYsCpqh8z0i26a8JNnqrq3kBs4EzZBw9sJ-1Q=s800-c-k-c0x00ffffff-no-rj,,
187,UCtyVvNUs9eF27VduO3bjLXQ,Python,"minecraft por inquanto mais mais tarde eu vou trazer outros jogos pc:precessador:xuxa placa de video:patati patata memoria ram:peppa pig mause:do bicho piruleta teclado onde vc pode comprar:paraguai.shop.com",2015-01-04T16:19:09Z,,,128,6,6,https://yt3.ggpht.com/ytc/AIdro_mnGQJXtHD6BK9LP-eh7sYIS7U-_4YrdlpUnSKLiN4GyA=s800-c-k-c0x00ffffff-no-rj,,"Strategy video game|Action-adventure game|Gaming (parent topic)|Role-playing video game|Action game"
188,UC99hLNuNd3fJJt4bbNqA5Iw,"Python ao vivo","Python ao vivo já diz tudo. Vamos juntos nessa jornada aprender e se divertir usando python3. Se inscreva no canal para receber todas as notificações e não perder nada!",2021-02-12T03:42:30.772502Z,,BR,6673,35,10,https://yt3.ggpht.com/ytc/AIdro_nWWD_IcjUyn8wzMf_68ao4rmvqalGrHHSykQ2sif4RDA=s800-c-k-c0x00ffffff-no-rj,Python3|python|import|pyautogui,"Technology|Lifestyle (parent topic)"
189,UC5-RKETzk2EoDaS9SdJt0cw,"Codificando em Python",,2020-10-13T20:13:05.806327Z,,,1342,26,4,https://yt3.ggpht.com/ytc/AIdro_ktfqMf6hp4wrv_q6tIlQk00LbzYL8JXTSjpfrGUUhmkg=s800-c-k-c0x00ffffff-no-rj,,Knowledge
190,UC5vJq2uEXv9Zc3LBxKEKO9w,"Python Made Easy",,2025-12-29T06:31:31.199388Z,,,0,0,1,https://yt3.ggpht.com/ytc/AIdro_lDEcvZu9Ma2FG9uoD0zoy5fomWlP39McilMj_VU1TjJ_gf71EBO-aqzKbq64nmLcwjHg=s800-c-k-c0x00ffffff-no-rj,,
191,UCZ4wOeuk2tHJRozBsAhAlsw,"Projetos Python","Aprenda a manipular tabelas em Python para a extração avançada de dados em arquivos: .csv, .html e dados obtidos em sites da internet. Visando a obtenção desses dados para trabalhar com análise financeira, aprendizado de máquina e inteligência artificial. A Inteligência Artificial é qualquer tecnologia que permite a um sistema demonstrar inteligência humana. Já o aprendizado de máquina é um tipo de IA que usa modelos matemáticos treinados em dados para tomar decisões. ",2022-07-02T17:26:43.13651Z,,BR,2077,29,3,https://yt3.ggpht.com/ncw0UAVPSf6B2YhTs9JcHIw0cMJkw9hayUTaQY5EXa4awMPVwsUxTzuZcM8sf5LZs3fVxokWpw=s800-c-k-c0x00ffffff-no-rj,,"Lifestyle (parent topic)|Knowledge|Technology"
192,UCVXuydo0t3N5PomC8c6PRkA,"Python Comentado","Por que Python? Porque... - Bonito é melhor que feio - Explícito é melhor que implícito - Simples é melhor que complexo - Complexo é melhor que complicado - Linear é melhor do que aninhado - Esparso é melhor que denso - Legibilidade conta - Casos especiais não são especiais o bastante para quebrar as regras. - Ainda que praticidade vença a pureza - Erros nunca devem passar silenciosamente. - A menos que sejam explicitamente silenciados - Diante da ambiguidade, recuse a tentação de adivinhar - Deveria haver um — e preferencialmente apenas um — modo óbvio para fazer algo. - Embora esse modo possa não ser óbvio a princípio a menos que você seja holandês - Agora é melhor que nunca - Embora nunca frequentemente seja melhor que já - Se a implementação é difícil de explicar, é uma má ideia - Se a implementação é fácil de explicar, pode ser uma boa ideia - Namespaces são uma grande ideia — vamos ter mais dessas! import this -- The Zen of Python, by Tim Peters ",2021-05-03T17:27:28.459374Z,,BR,1088,26,2,https://yt3.ggpht.com/ytc/AIdro_mU2aBME2nfNzT57mBvqNzmsS2jk3FOrdTXno39yDevvA=s800-c-k-c0x00ffffff-no-rj,python|pythonbr|pythonbrasil|pythonbasico|pythonprogramming|pythonprogrammer|programacao|logicadeprogramacao,"Technology|Knowledge|Lifestyle (parent topic)"
193,UCuylsSs_noBLfNt3vxborrQ,PYTHON,"Não clique aqui: https://bit.ly/3me0q70",2021-12-17T00:56:11.058438Z,,,2190,8,11,https://yt3.ggpht.com/RQl6c0a9tn_3qsFaJAeovJn7NRQKeyZh6G0uyWWJNN7cjEU4U5eyIEp6cd8lkhRfSVj4zcqK=s800-c-k-c0x00ffffff-no-rj,,"Action-adventure game|Gaming (parent topic)|Action game|Role-playing video game"
194,UCMl0_wn4tGAx80bVtewbu5w,Alan.Python,"Voltado para iniciantes em Python. A proposta aqui é compartilhar a minha jornada no aprendizado da linguagem Python, tentando ser o mais simples possível. ",2023-01-28T17:52:45.051895Z,,BR,16,0,1,https://yt3.ggpht.com/zOZhJ-JH95A_UUCbZwNzKb4DUsJNA1QMNywhRR4Z8NLXN4v58xlmnxsUC-1xw4uBPN9Jl87PMw=s800-c-k-c0x00ffffff-no-rj,"programação|python|tkinter|ttkbootstrap|pygame|kivy|folium|pyqt5|tkvideo|ttk|ctk|Alan.Python|janela com tkinter|janela no python|programação com python|tkinter themed|custom tkinter",
195,UCc3TyIBj6GnsAs2WoQGaEEQ,"Python Ninja","Seja bem-vindo ao canal Python Ninja! Aqui, nós apresentamos códigos Python interessantes e aplicáveis ao dia-a-dia. Nossa missão é inspirar a comunidade de programação, mostrando como é possível utilizar o Python para resolver problemas reais e tornar a vida mais fácil. Junte-se a nós e descubra como o Python pode revolucionar sua rotina.",2023-02-01T16:39:07.763115Z,,,77,2,1,https://yt3.ggpht.com/wJ-Gy_p9Awyih_DUQLFSIIhYHNEJO347Hl2zbun4NWD2mVloFWVumICmQ3IxA_M2Qn2S6OVM=s800-c-k-c0x00ffffff-no-rj,,
196,UCq2iD0y1_RHasuv7HfHu8Dg,"Meus Jogos Em Python","Oi, aqui é o MiauGatinho, nesse canal novo irei mostrar meus jogos feitos/recriados em python, também irei fazer jogos com a foto de perfil de inscritos sorteados!!!",2025-07-02T23:52:10.510578Z,,,71,1,1,https://yt3.ggpht.com/IGB1xja2c3gE03s-jArMEzMTYbP9XxwIgOAdODhcdTM5ha2X-9EyZG3T2D4rokHtbYFHTdFNF9M=s800-c-k-c0x00ffffff-no-rj,,
197,UC5NfuaR-hdI8VSkpWyy1j8Q,"Universidade Python","Carreira, Negócios e Muito Python.",2019-04-23T11:25:31Z,,,908,57,9,https://yt3.ggpht.com/ytc/AIdro_nn7_4VhUbUOMv-nZQoII4t8ZY8OLCyBGiXFtZoNJzOzw=s800-c-k-c0x00ffffff-no-rj,,"Lifestyle (parent topic)|Knowledge|Technology"
198,UCv-HRSaNpUq18yY2V61EZVw,"Learning Python","Python is a general-purpose interpreted, interactive, object-oriented, and high-level programming language. It was created by Guido van Rossum during 1985- 1990. Like Perl, Python source code is also available under the GNU General Public License (GPL). Python is named after a TV Show called ‘Monty Python’s Flying Circus’ and not after Python-the snake. Python 3.0 was released in 2008. Although this version is supposed to be backward incompatibles, later on many of its important features have been backported to be compatible with version 2.7.This tutorial gives enough understanding on Python 3 version programming language. Please refer to this link for our Python 2 tutorial",2016-12-27T15:41:47Z,,,666,4,18,https://yt3.ggpht.com/ytc/AIdro_nrSwgHxZDPYBKMnqsbRDaN2jxHKiJHusY0ls7DvFxW6w=s800-c-k-c0x00ffffff-no-rj,,"Technology|Knowledge|Lifestyle (parent topic)"
199,UCGHBteN0UL0MUvWvZQ70DEA,"Python Digest",,2022-08-25T08:52:00.757555Z,,,987,9,10,https://yt3.ggpht.com/ytc/AIdro_lDEcvZu9Ma2FG9uoD0zoy5fomWlP39McilMj_VU1TjJ_gf71EBO-aqzKbq64nmLcwjHg=s800-c-k-c0x00ffffff-no-rj,,"Technology|Knowledge|Lifestyle (parent topic)"
200,UCHmNt4wKj-3SBMuobuAuh3w,"A journey to Python with shorts","Embark on ""A Journey to Python with Short Videos."" Dive into Python's coding adventure through concise, engaging videos. Unlock the language's simplicity and versatility, making your learning journey dynamic and accessible. Explore Python's power in bite-sized lessons, transforming coding education into an interactive experience.",2023-11-21T12:00:57.214062Z,,CZ,662,7,12,https://yt3.ggpht.com/rDvugnM6tpGKcSeAly6KF1IKctycyBlqPlPHz8j03pxFVetAy0Z1j6PtGQp4YDKYi7oZ-MPu4w=s800-c-k-c0x00ffffff-no-rj,Python|Shorts|Programming|Science|Astronomy|Sun|tricks,"Technology|Knowledge|Lifestyle (parent topic)"
201,UCufI-FAb2yQlCn8LlGuUadQ,"Dicas em Python",,2022-01-04T19:01:22.58578Z,,,23,0,1,https://yt3.ggpht.com/EuJoLtNFlNG5n2R3Vcokk-6AqnMYZ66697xmgLXI7YUTdvFy2ADmwIxqHMIHmXx4km9W6dkw=s800-c-k-c0x00ffffff-no-rj,,
202,UCqK9eeupXduSHf5LKbKsukw,"import python","PLEASE SUBSCRIBE ME 🙏 IMPORT PYTHON TARGET 10K 🎯 .COMPUTER SCIENCE ENGINEERING .SOFTWARE DEVELOPER . TECHNICAL CHANNEL . CODING . PYTHON CODING ",2024-04-13T05:50:34.613433Z,,IN,13314,36,22,https://yt3.ggpht.com/2u7eEJJaIaiw_Xpfl7CBMeP9fde4HW23R9Ym2D_zjM62G7aPErh6RXBBaax94p7-O3gGDN1beg=s800-c-k-c0x00ffffff-no-rj,"import python","Knowledge|Technology|Lifestyle (parent topic)"
203,UClaKYyzOfQQSnys5yiTwGRw,"Programando em Python",,2024-07-27T16:14:27.562348Z,,,634,21,4,https://yt3.ggpht.com/-itZ9I_6TqmMgGljaD8UyYi71dI7NmaEeQ_BBDrXaenBh0JifcD8ALf0x_5Vp8myNmanDmjH=s800-c-k-c0x00ffffff-no-rj,,"Technology|Knowledge|Lifestyle (parent topic)"
204,UCacAK-VfPksHY8KfJIk7JYQ,"python games","Canal de Lives e videos de jogos variados, estamos começando então por favor compartilhe nossos videos para nos ajudar a crescer, obrigado. : ) Donos: Pilot e ikki",2019-10-14T11:29:55.560493Z,,BR,27,4,4,https://yt3.ggpht.com/ytc/AIdro_mWyGdL-M0JUs5PcFJ9UFHteS3icCAeUWMkl7k52-4fKg=s800-c-k-c0x00ffffff-no-rj,,"Role-playing video game|Action-adventure game|Gaming (parent topic)|Action game|Strategy video game"
205,UCng_UfV8nxBI1SzCWGdvHNQ,"Python In Tamil","Description: Welcome to ""Python In Tamil "" for learning Python programming in the Tamil language. Whether you're a complete beginner or have some coding experience, our channel is designed to help you master Python. We offer a structured approach to learning Python, from the basics to advanced concepts. Our tutorials are designed for easy comprehension, making Python accessible to everyone. We share useful tips, tricks, and best practices that can help you write clean, efficient, and effective Python code. We have Q&A sessions where you can ask your Python-related questions and get answers and clarifications. Join with your fellow learners and discuss code issues. Learning Python has been easier with our step-by-step, Tamil-language tutorials. Subscribe, hit the notification bell, and start your Python adventure today. #PythonTutorials #LearnPython #TamilProgramming #CodingInTamil #Python InTamil #PythonBeginners #ProgrammingTutorials #TamilTech #PythonCoding #BasicPython ",2023-09-14T03:19:36.276022Z,,,2908,174,68,https://yt3.ggpht.com/FdMRUcDjNShdME9D1VUiP4M8nXUBIhsTXcPDXe5CjNTj3tv-Lh63N1FXXjSkMREiS0omhEv4Tqk=s800-c-k-c0x00ffffff-no-rj,,"Technology|Knowledge|Lifestyle (parent topic)"
206,UCGwOggU8xf8r7NsjvvCwcUw,"PYTHON - Fundamentos e Lógica de Programação","Os alunos do curso de Ciência da Computação do IFCE Campus Maracanaú em parceria com o Banco Paju desenvolveram este projeto com o objetivo de proporcionar às pessoas um primeiro contato com a programação, para que elas possam criar um interesse pela área, continuar os estudos e serem inseridas no mercado de trabalho. ",2021-09-07T17:31:56.86684Z,,,0,18,0,https://yt3.ggpht.com/i9o7McA2viSwXm5GNLEUC93BUYPXiH-hAzPzrMl9AGVwuT1BWhUo8ln3U2zDitUx_TeyXDChMA=s800-c-k-c0x00ffffff-no-rj,,
207,UCGlk8RdwHvsldSt9P3EvMqQ,"Python School RJ",,2023-09-20T18:03:58.159796Z,,BR,7459,91,5,https://yt3.ggpht.com/CeT-G0mFk9TdnG9DJ6xjeXcahgyjMNCE58Xn40RWU99KGtqBPl9h4HhC4j4Nwzf-R2nh0OIjww=s800-c-k-c0x00ffffff-no-rj,,"Technology|Knowledge|Lifestyle (parent topic)"
208,UCczFP6lyxi67wig1FNpUPPw,Galaxy.Python," Projeto Galaxy 👾",2022-08-05T10:12:50.857954Z,,,34,1,2,https://yt3.ggpht.com/TccROg7pPzyqBs85WGf99tVbZx_tyVRQo2VVaVPFeBG8BxTA3hOmevJ6K0JySWkbxeVJ5hhxKfA=s800-c-k-c0x00ffffff-no-rj,,Knowledge
209,UCZsMkuIrr6gO-jxNWNkvJCA,"Ale do Python ",,2023-04-01T17:33:35.637136Z,,,3916,16,14,https://yt3.ggpht.com/Aferurf3YHgtk1C_R-xiMAMT1J2MWVp7ftw1o0uhxcDs0qzm0YBQH-3ixJEISf3lJ8lFcsWM=s800-c-k-c0x00ffffff-no-rj,,"Technology|Football|Knowledge|Sports (parent topic)|Lifestyle (parent topic)"
210,UCDUsiH1nYxuGSEa7ZxD0m3Q,"Introduction to Python Programming","In this series I cover the fundamentals of python programming. Towards the end of the series I cover introductory SQL (Structured Query Language) and Databases. One thing to note is since I am an acute care nurse I do use various references in the code to various aspects of heathcare data. I hope you gain some new knowledge from the course and have fun doing so! ",2023-02-24T02:10:44.774237Z,,US,43,5,10,https://yt3.ggpht.com/rW5hw-5soVN32tJl97d2qHZ_3I8n3sxbdICQ6abhIt2VffVeXBNRG3vFdLprlAb0EVL8GG8xDw=s800-c-k-c0x00ffffff-no-rj,"nurses|doctors|Juypter|python|Python|Beginner|beginner|python programming for healthcare|python programming|clinical programming|programming for nurses|programming for doctors|python and sql|python and databases|Juypter notebook|Juypter Notebook|juypter notebook","Technology|Knowledge|Lifestyle (parent topic)"
211,UCW12TU_0hnmTtcp0Bncu7rA,"Automatizar Python",,2022-11-12T11:05:58.50707Z,,,1718,44,8,https://yt3.ggpht.com/zWMc427NZcP1Msa2A9umF2IzmcL7VyxmNFfrh1sYffaHEoxUgo9npXGxbPpJM_rGyNMSjZhqWg=s800-c-k-c0x00ffffff-no-rj,,"Knowledge|Technology|Lifestyle (parent topic)"
212,UC-SFWq2u_55kWce0ICssg4g,"st. python - Topic",,2024-10-31T19:14:54.40263Z,,,740,23,1,https://yt3.ggpht.com/7hEMRpxQJk4ZeH_BWzfAeLlYtVNEJr2q3e6iz3HEheCYRJUmQXCtfkEmMh27-_LdCkBdow9nTw=s800-c-k-c0x00ffffff-no-rj,,
213,UCC6DqhYPS8yNvxnFdsOVutA,"Snake InThe Python Shadow","This is ""Snake InThe Python Shadow"" , shortly named as ""SPS"" ,this channel is made due to help people in the world to enhance their knowledge about Programming language,Latest Technologies, Artificial Intelligence or Internet of Things . which becomes the future in coming years, We Provide Knowledge to our viewers in the best way and always be agile to enhanced it . Free Education + Conceptual Learning are provided By This Channel To give you the strength to Work Hard and Try to do your best.We are here to give you logical thinking about your field. Support us by #Subscribe our #Channel and press the #Bell icon and thanks for your #precious time dude.",2019-09-02T17:44:04Z,,PK,2062,80,32,https://yt3.ggpht.com/ytc/AIdro_kvcT10WZw2GMjQlUS9Xf3gD9IM3vpn0IYRjIxOM4yUag=s800-c-k-c0x00ffffff-no-rj,"SnakeInthePythonShadow|snakeinthepythonshadow|SPS|UAP|numpy|pandas|seaborn|matplotlib|Snake In The Python Shadow|python tutorials|programming language|artificial intelligence|complete artificial intelligence course|machine learning|scikit learn","Lifestyle (parent topic)|Knowledge|Technology"
214,UCrewWIN9rad-jwmBUpR1apg,"Webstrome Python","Develop Python and AI project. Whether you’re a beginner or an experienced coder, you’ll find valuable content here. 📚 Content Highlights: 📖Python Tutorials: Learn Python from scratch or dive into advanced topics. We cover everything from basic syntax to powerful libraries. 🤖AI Projects: Follow along as we build exciting AI projects step by step. From chatbots to image recognition, we’ve got you covered. 🧠Data Science Insights: Understand data analysis, visualization, and predictive modeling using Python. 🌀Deep Learning: Explore neural networks, convolutional networks, and recurrent networks for deep learning applications. 👩‍💻Natural Language Processing (NLP): Discover how Python can process and understand human language. Computer Vision: Dive into computer vision techniques, including image classification and object detection. Join Our Community ",2024-04-15T18:07:29.750931Z,,IN,1094,20,14,https://yt3.ggpht.com/jBk9zK7gqdArYOwxsrC1zmxqRpy-zteqGDapyNFpKOPTUYz3EuHHWpE0-2qHdq3flh8RpTJBluA=s800-c-k-c0x00ffffff-no-rj,"python|python programming|python for beginners|python coding|python course|python tutorial for beginners|python full course|learn python programming|python language|python basics|python tutorial|python for beginners|python programming|python tutorial for beginners|python project|learn python programming|python full course|python project ideas|python projects for resume|python projects with source code|python programming language|python project beginner","Lifestyle (parent topic)|Knowledge|Technology"
215,UC4-aNEORaxgN4xjX0PryDBQ,"Laboratório Python","O canal tem por objetivo, contribuir para comunidade Python no Brasil e também compartilhar problemas que tive ao longo da minha trajetória como programador.",2017-10-18T19:58:41Z,,,368,16,2,https://yt3.ggpht.com/ytc/AIdro_mtAwOlWGZKEm3YdG1A9LG4AdnOh80WXpiasvzNdtQMdg=s800-c-k-c0x00ffffff-no-rj,,"Knowledge|Technology|Lifestyle (parent topic)"
216,UCQY8Ewy1ZN6CKT-HvwW-cJg,"Python MustHave","Python and all information and facts in this language",2016-08-09T08:13:52Z,,,209,39,11,https://yt3.ggpht.com/1kdjAFa_SNTiDVv5_tN2fNJt9A1_zPjGHTH7ciGxNPE79eEhk0LMC5fmZVOw71wbwDfT90aDKg=s800-c-k-c0x00ffffff-no-rj,,"Knowledge|Technology|Gaming (parent topic)|Lifestyle (parent topic)"
217,UCOMznBFTYLMkJHZzenkaJ-w,"Python Norte 2026 - Ananindeua PA","O maior evento da comunidade Python do Norte do Brasil Python Norte é o maior evento sobre a linguagem de programação Python voltado para a região Norte do Brasil, apoiado pela Associação Python Brasil (ApyB) e pela Python Software Foundation (PSF). Nossa missão é clara: democratizar o acesso à tecnologia, fortalecer as comunidades locais e criar oportunidades reais de crescimento e conexão na região Norte. Acreditamos que o conhecimento compartilhado transforma vidas e impulsiona o desenvolvimento tecnológico em toda a região. ",2025-11-18T16:40:34.259833Z,,,187,18,2,https://yt3.ggpht.com/3Z2hhoPBycBR1h6EOQ3ccKnOBaJZfbVeQBrPLEcHmsUkrEF6qF_VK3WCFgL3PhsPQHetSQ7-5g=s800-c-k-c0x00ffffff-no-rj,,
218,UCKym3xzqL2W_cyGKL-KZCnQ,"Python Xpert","""Welcome to Python Xpert - Your Gateway to the World of AI and Machine Learning with Python! 🚀 Unlock the limitless possibilities of Artificial Intelligence and Machine Learning as we embark on an exciting journey through the Python programming language. Whether you're a curious beginner or a seasoned coder, our channel is your go-to destination for in-depth tutorials, practical projects, and expert insights. 🧠 Dive into the world of AI algorithms and ML models. 🐍 Master Python's powerful tools for data science and analysis. 🤖 Build intelligent applications that shape the future. Join our vibrant community of learners, where we demystify complex concepts, share real-world applications, and empower you to create cutting-edge solutions. Subscribe now, and let's embark on this AI adventure together! 🤓✨"" Admin: Dr. Muhammad Younas Qaisrani Email: younasqaisrani233@gmail.com ",2023-09-18T12:59:19.776636Z,en,PK,1116,65,13,https://yt3.ggpht.com/fNQ7VoiBiZfpcUxtiEFmJPGe5pR5rxPSocDjJP6Hq68C1GhYenCOMGXlwuo5pVvFiBLvTABqvA=s800-c-k-c0x00ffffff-no-rj,"|AI Python Tutorials| |ML with Python Explained| |Python AI Projects| |Deep Learning Python Guide| |Machine Learning Python Demos| |Python for Data Science Beginners| |Advanced Python AI Techniques| |Hands-on ML with Python| |AI Development in Python| |Python ML Algorithms| |Python Libraries for AI| |Python for Neural Networks| |Python and Machine Learning Models| |Python for Neural Networks| |Python and Machine Learning Models| |AI and ML Python Scripts","Technology|Knowledge|Lifestyle (parent topic)"
219,UCK-3sSbyQ4d21smK3qu1n2Q,"Singh's Python Pulse","Get ready to supercharge your coding skills with Singh's Python Pulse! Join our pulsating Python community and unlock the secrets of this versatile programming language. From beginner-friendly tutorials to advanced techniques, we're here to ignite your coding journey like never before. Immerse yourself in captivating Python projects, master industry best practices, and witness the exhilarating power of clean, elegant code. Fuel your passion for programming with engaging challenges, live coding sessions, and vibrant discussions. Don't just follow the trends – set them. Subscribe now and be at the forefront of the Python revolution with Singh's Python Pulse! ",2020-11-09T08:10:28.205613Z,,IN,609,20,12,https://yt3.ggpht.com/6fGwqgnxWyhaud8s479KurXcW8fydC5_l_3xUnFy4lH-UYVcUHPpfCsmV4S6ZDi7oncjZCjn=s800-c-k-c0x00ffffff-no-rj,,"Technology|Knowledge|Lifestyle (parent topic)"
220,UCNc_uC2uHT0tgflp6dnreiw,"Python Erik","Canal de programação focado em entretenimento e conhecimento, me segue",2024-12-16T17:30:28.808409Z,,BR,219948,567,70,https://yt3.ggpht.com/9oeixWvBEprZicOF1Lh4SfgFT0CqjOVWj1SOvcMeKNzgdIZHHnHKTj5L4-rLlXD4JuYoiHnIQ94=s800-c-k-c0x00ffffff-no-rj,,"Technology|Knowledge|Lifestyle (parent topic)"
221,UCzN3qMyEMdNyEY92tUmrBzQ,"Python Animatons",,2015-11-16T14:06:57Z,,,2792,40,21,https://yt3.ggpht.com/ytc/AIdro_maQy1coGnpFygBRp-rl0Ye5q8M8AsUPJXh166WiSCJR7k=s800-c-k-c0x00ffffff-no-rj,,"Gaming (parent topic)"
222,UCZPrcOfTevGUFU7yU9d5E2Q,"Python em 5 minutos",,2018-06-19T21:05:41Z,,,9444,138,4,https://yt3.ggpht.com/ytc/AIdro_muhhNek0rIe-3OdljnbDhKQguJNvZ2q2TIUxwHIEoKNw=s800-c-k-c0x00ffffff-no-rj,,"Technology|Knowledge|Lifestyle (parent topic)"
223,UCulgtvgLHT8dj_dYUuIQljQ,"Python Avec Reza","Welcome to 'Python Avec Reza' – your ultimate destination for learning and mastering the tools and techniques of Coding and Optimization! This is Reza Shahin, Ph.D. in Computer Science from University of Gustave Eiffel in France with a focus on Operations Research, specializes in developing and implementing advanced optimization models. Dr. Shahin also performed his Postdoctoral Fellowship at University of Polytechnique Montreal in Canada. Backed by numerous publications in international journals and conferences along with teaching coding courses at universities, he has a solid research and teaching portfolio. Whether you're a student, a professional, or just curious about different Python programming language, this channel is designed to equip you with the knowledge and skills to succeed. From exploring optimization models and algorithms to hands-on coding tutorials in Python, we cover it all! ",2025-05-02T11:14:20.593688Z,,CA,216643,144,336,https://yt3.ggpht.com/LB2RU0EM6EH-1lHm2LrVpBpJdoCs1GU7uuVcDX1cMJueNzQYGEF-HjeZD-TZyzImBfOLhjDdkQ=s800-c-k-c0x00ffffff-no-rj,"python|programming|python programming|python bootcamp|python shorts|python lessons|python tutorials|coding tutorials|python basics|python fundamentals|learn python|python for beginners|python projects|python exercises|python course|python scripts|python examples|python step by step|python explained|programming for beginners|software development|learn to code|python tips|python tricks|python challenges","Lifestyle (parent topic)|Technology|Knowledge"
224,UCC3WUCGK9eOG-bskRStmsDQ,"Dicas de programação em Python 3","Este canal foi criado por mim Valdir Gil Pillat e tem como finalidade apresentar algumas dicas de programação em Python 3. Inicialmente este canal foi criado com o objetivo de auxiliar as turmas de lógica para programação, mas podem conter dicas que servem para outras finalidades.",2020-04-29T18:47:43.921987Z,,BR,2670,55,24,https://yt3.ggpht.com/ytc/AIdro_k1bU5T4V73Zj0kweqb6gBgit5720SIhh3lQlnb-HA=s800-c-k-c0x00ffffff-no-rj,"python|programação|iniciante|Valdir Gil Pillat|estrutura de decisão|estrutura de repetição","Technology|Knowledge|Lifestyle (parent topic)"
225,UCWiJhBldozUJqELrQPkRh5Q,"Python e Dados","Ideias, Dados, Programação e Eficiência em um Só Lugar",2024-06-25T18:45:11.80557Z,,,2556,50,9,https://yt3.ggpht.com/9A7qXGzZeSXxfnBCtekeoq-G3l4zoqJOlC24Oi0NeURJ8lVsDnKS8h6BHLiUHj37oyuDwnyn_g=s800-c-k-c0x00ffffff-no-rj,,"Lifestyle (parent topic)|Knowledge|Technology"
226,UCe7edoJdvfO3btUTolFwy1Q,"Coding python from basics","Hello friends python is a computer language and it is essential for websites development,apps developers so i want to teach how python works from basics and I will do basic python programmes please support me ",2025-12-23T05:20:05.361545Z,,,328,3,2,https://yt3.ggpht.com/fVChUh_ke4Xo8thpkwqnNNk5Vscl0EwBQmXAwVZtMBYqAfxIkcMA4I-ndJrGaksJf6V6FEZLhA=s800-c-k-c0x00ffffff-no-rj,,"Technology|Lifestyle (parent topic)"
227,UCZPktkdO8A674jcqjW3DX0g,"Tutor Python","Welcome to Tutor Python on YouTube! We are a dedicated team of Python programming experts, who are passionate about teaching others. Our channel is the perfect place to learn and master the Python programming language. We provide a wide range of resources, including interactive tutorials, video lessons, and practice exercises to help you understand the language and develop your skills. Our content is designed for all skill levels, from beginners to experienced programmers. Whether you are looking to create your first Python script or you want to take your skills to the next level, we have something for you. We also provide a supportive community where you can share your work, ask questions, and get feedback from other Python enthusiasts. So, if you want to learn Python, join us today and become a part of the Tutor Python community. We are committed to helping you succeed, and we look forward to helping you take your Python programming skills to the next level! ",2023-01-21T10:03:44.682325Z,,,10186,26,24,https://yt3.ggpht.com/lieXl3hbT5jPj1lceZuwXdJ1TPgO55VK3HvplHqMvjPe2HlJIHKTo-Q3np1vj6hqEx7Uxqy8Kas=s800-c-k-c0x00ffffff-no-rj,,"Lifestyle (parent topic)|Technology|Entertainment (parent topic)|Knowledge"
228,UC8gwLDd0G73tiWRV2LxgJsg,"Python Learner Forever: Programming Lover","Hello everyone, I am Hat Trick. I love to do research and experiments on Science and Technology as well as Coding. Even today, only about 2 % of the Science has been discovered. We have to go a long way. I am a great admirer of Science and Mathematics. I am a big fan of Programming. I love Python Programming Language the most. Apart from it, I love Julia, C, C+, C++, C#, PHP, Ruby, Java, Java Advance, JavaScript, Cython, CPython, Jython MySQL, PostgreSQL, MS SQL Server, SQL Advance, XML, XHTML, DML, DHTML and HTML. I have a dream to learn 100% Python.",2020-09-01T05:45:21.380397Z,,US,106595,397,739,https://yt3.ggpht.com/jTpkCLKzAIABIj11Dw2pakNZo5DISiF9I75aQTcgjuZ1gYk5WkwCkS8OtupgbMVRAjzDpfnkhFc=s800-c-k-c0x00ffffff-no-rj,American,"Lifestyle (parent topic)|Knowledge|Technology"
229,UCPFHpXI-vgn39ulm4uHeg7Q,"Python Made Simple","Python Made Simple Teaches Python Programming from the Basics",2020-11-30T16:51:53.251824Z,,GH,2177,115,15,https://yt3.ggpht.com/ytc/AIdro_kqJ-Wdr8K1Z96xH28FaOTbVRxZAvUMPR-KLQkOuFHDzw=s800-c-k-c0x00ffffff-no-rj,"Programming|Python Programming","Lifestyle (parent topic)|Knowledge|Technology"
230,UCcUvw3ufaPUdPK6Qfv2INaA,"Python en 5 minutos o menos...",,2023-05-02T19:21:51.333832Z,,US,5,1,1,https://yt3.ggpht.com/-46laW4k_juRALi1ufposkzOWOuzDj1g1GW2uuViyNQdIZ_70FYsUWNpBTjvkLmv8gUC4UfGcP4=s800-c-k-c0x00ffffff-no-rj,,
231,UC-IgZVdQy8gzAuWBBh2VScA,"Python e VBA","Aqui pretendemos falar sobre Python e VBA, começando do zero pra irmos aprendendo junto com quem estiver assistindo...",2022-11-14T19:14:57.519281Z,,BR,145,7,6,https://yt3.ggpht.com/JGoBVrzqKU1eGHdOkldU4L9LAqYMUAK4j99GbS4fEvt5xp_N12lFGm3vtGSVDGqqbDYX9JTNQA=s800-c-k-c0x00ffffff-no-rj,Python|VBA|Programação,"Technology|Knowledge|Lifestyle (parent topic)"
232,UC7ApiPNpr6imp8-gesIqZvQ,"Musical Python","Python is the best language to start your career in programming.Reading Python code is close to reading code in English. So if you are thinking to learn Python, get along with my videos and kick start your programming journey!",2020-06-10T11:23:37.004492Z,,IN,8086,109,50,https://yt3.ggpht.com/ytc/AIdro_mvllQ1ZQBT7xwcVZkqt6OT3rogNiTSbQ_0la3wych-TtI=s800-c-k-c0x00ffffff-no-rj,"Python|Programming|Education|Datascience|Beginners|Python for Beginners|Self learning","Technology|Knowledge|Lifestyle (parent topic)"
233,UC5spaxJY47MLi2-Qu5w_wOg,"Work With Python","Hello 🖐️ Friends! Python is an easy to learn language with simple constructs. Anyone with no prior programming knowledge can learn its basics just in few weeks. Python coding related video. To learn about Python so like, share and Subscribe 🔔my channel Thank you 🙏 ",2021-02-04T05:44:28.411639Z,,,31023,176,58,https://yt3.ggpht.com/AuiMSc5uwm7s4XoyExVvibDetlVrPNtkN1wK1IfEGqsL60aOSVQUuEBhsgFmIZAEwON77Uwt=s800-c-k-c0x00ffffff-no-rj,,"Lifestyle (parent topic)|Technology|Knowledge"
234,UCvvbNthm0Eqj4Q1J4ewbhUA,"Developer Python",,2018-09-14T20:57:39Z,,,164,2,4,https://yt3.ggpht.com/ytc/AIdro_n9M_SppWZmLbu6BsXXucpA2RpwOHSg-0jWOXXU7WE=s800-c-k-c0x00ffffff-no-rj,,"Society (parent topic)|Lifestyle (parent topic)|Hobby"
235,UCTsoqBC5vhZijDC89RlAX9A,"museuicmc python",,2023-06-26T01:28:05.834733Z,,,130,1,2,https://yt3.ggpht.com/ytc/AIdro_lmll46sD9HE0JPMCqDymUGNvJYAq4bhRPbWEB9vbzTwOR0Rf3KPABK3KX5L8nSwcWiyg=s800-c-k-c0x00ffffff-no-rj,,"Lifestyle (parent topic)|Knowledge|Technology"
236,UC0SxviRaQkSB5aBj8PLym-Q,"Python (programming language) examples",,2022-10-13T19:24:36.61103Z,,US,59510,293,149,https://yt3.ggpht.com/7NuTEvU9CydSq6yCrQhfaP2dmWIbn2QCHUgpsnDO-zl08T5MsoXj_5TOjZieOyAxFP4cHyJ4=s800-c-k-c0x00ffffff-no-rj,,"Lifestyle (parent topic)|Knowledge|Technology"
237,UCGvOJW68vwfWq8iFrLcToGA,"12 T2 Aplicações Informáticas B - Curso de Python","Projecto de integração dos refugiados tendo por base a linguagem de programação Python. Foi desenvolvido pelos alunos da turma do 12ºT2 na disciplina de Aplicações Informáticas B. ",2022-07-03T20:48:14.513997Z,,,276,12,14,https://yt3.ggpht.com/gg6PbUl6G2VPa6bDr-JyXxJTeCEyHHEa7VPIzaFPmCXGrnyn4blaHw3LMiYbtfet85aiHBw-Tw=s800-c-k-c0x00ffffff-no-rj,,"Technology|Knowledge|Lifestyle (parent topic)"
238,UCO978V9kOAzUHqvDavJLDOw,"Python Codes","🔥 Welcome to our comprehensive Python programming tutorial series! 🔥 Are you ready to embark on an exciting journey into the world of coding with Python? Whether you're an absolute beginner or looking to brush up on your programming skills, this tutorial series is perfect for you. 🚀 📌 In this tutorial series, we'll cover everything you need to know to become a proficient Python programmer: Python Basics: Get a solid grasp of fundamental concepts like variables, data types, and operators. Object-Oriented Programming (OOP): Learn the principles of OOP and how to create classes and objects. 💡 Each tutorial is designed with simplicity in mind, making complex topics easy to understand. Our step-by-step approach ensures you build a strong foundation before moving on to advanced concepts. 👍 Don't forget to like, subscribe, and hit the notification bell to stay updated as we release new tutorials every week. Let's embark on this coding journey together! 🌟 ",2023-06-29T11:43:16.185165Z,,IN,495,9,12,https://yt3.ggpht.com/7553FBzccmnT5BtDj6uPcrLIcxAxg56SYbjOwvwcvWJ6HDHsj4ZLA_uhXXMNbAiEGMdBUouUD2c=s800-c-k-c0x00ffffff-no-rj,"Python|Codechef|Python Codes|Python tutorials","Technology|Knowledge|Lifestyle (parent topic)"
239,UC6jYO44F9C_bOqrpWawu-4A,"World of Python","Welcome to the World of Python, the ultimate destination for Python enthusiasts!👨‍💻 In this channel, you will find everything you need to know about the Python programming language. From basics to advanced topics, we've got you covered. Whether you're a beginner just starting out, or an experienced programmer looking to take your skills to the next level, this channel is for you. So, if you're ready to dive into the world of Python and start building your own programs and applications, hit the subscribe button and join us on this exciting journey!✈ See you in the World of Python!❤ ",2020-06-06T05:30:56.248503Z,,IN,337770,1590,213,https://yt3.ggpht.com/fSz3MrJ9wp8McOJZ-FE6PNI3ri856YqdLKISr5CbenHRSN5-DY40gHmaWNCXq3gC7XY8Bf_e=s800-c-k-c0x00ffffff-no-rj,"pythoncoding|Pythonprogramming|Pythonturtorial|Usesofpython|Advancepython|#worldofpython|#programming|#Python|World of Python|programming python|python related videos","Knowledge|Lifestyle (parent topic)|Technology"
240,UCyEc2Z_9y6QziQp41w6pzNw,"Programador Python",,2019-12-27T15:50:05.900391Z,,BR,620,10,1,https://yt3.ggpht.com/ytc/AIdro_lFDWr0-uusftFP5u_ZAa8k8VXf38KC1bNV4d41pq2UFQ=s800-c-k-c0x00ffffff-no-rj,"python|programador python|curso de python|curso python|python curso|curso online|python para não programadores|curso python para não programadores|programar em python|python curso em video|python tutorial|tutorial phyton",
241,UCB8C6oU3mLPCo9B8ZBypncg,"Python for IT Pros","Welcome to Python for IT Pros, My name is Yasser Abbass. I am an IT professional with over 30 years of rich experience in IT. and over 10 years experience in python specifically. I obtained my masters' degree in 2007 in Engineering. Created multiple machine learning models to classify text Being fascinated by Machine Learning I started learning python to continue studying in the machine learning field and since then I have never stopped using python. I've gained rich knowledge in the programming language specifically in python, javascript, and HTML ",2021-06-21T20:03:59.52058Z,,EG,8252,65,26,https://yt3.ggpht.com/MwrY8qGEPEfkAIi7d7LS_mHpUzKgCGrpQPAiJmamI6FBuQdIKQDVGPRQVovhMG3v-4SAAGQx0IQ=s800-c-k-c0x00ffffff-no-rj,"Python|PySimpleGUI|MongoEngine|MongoDB|Python for IT Pros|Python Tutorials|Python For Beginners|Python Training|PySimpleGUI Training|PySimpleGUI Tutorials|MongoDB Training|MongoDB Tutorials","Knowledge|Technology|Lifestyle (parent topic)"
242,UChINjPl1TBkev91nqoyW8dw,"PyMat - Python para Matemática","O canal PyMat tem como proposta reunir três tópicos fundamentais para uma formação profissional multidisciplinar e tecnológica: programação, matemática e ciências. Destina-se aos alunos de graduação, pós-graduação, docentes e todos aqueles que buscam uma ferramenta científica para estudo, trabalho e pesquisa acadêmica, mas não necessariamente desejam fazer um curso completo de programação de computadores.",2021-10-04T16:33:29.876955Z,,BR,311,132,4,https://yt3.ggpht.com/GHYieOMiMOrcFcccg8MCvP9roXKLqF0HRP2Ov9M8TtTyTTVx-smSMQUBXvigHiQ-Yggr0m9XJQ=s800-c-k-c0x00ffffff-no-rj,,Knowledge
243,UC_3z__nuWKwTIaRNffcvXPg,"Coder Python ","🚀 Welcome to Coder Python! 🧠🐍 Coder Python is your go-to channel for LLMs, Machine Learning, Deep Learning, and Data Structures & Algorithms (DSA). Whether you're a beginner or an experienced coder, this channel helps you build strong programming foundations and stay ahead in AI & ML. 🎙️ Language: All tutorials are in Hindi, making learning easy and accessible. 🔥 What You'll Learn: ✅ LLM fine-tuning & deployment ✅ Machine Learning & Deep Learning projects ✅ Data Structures & Algorithms (DSA) in Python ✅ Competitive programming & coding challenges 🎯 Goal: 1K Subscribers by 2025! Be part of this journey and grow with us! 📌 Connect on LinkedIn: https://www.linkedin.com/in/riteshkr94/ 🔔 Subscribe & Stay Updated! 🚀 ",2023-12-24T07:09:50.517112Z,,IN,1304,9,20,https://yt3.ggpht.com/oA_ElaqyCLdzqW-qZBb6hwHG3-7QZbz7dZbEoXsV7pcjWGPRSnPFeexISET49o_T3hxu8hGE2-w=s800-c-k-c0x00ffffff-no-rj,"Python|DSA|Coding|GeeksforGeeks|leetcode|Microsoft|FAANG|Mac|M3|git|data|Coding Hindi|Python Hindi Coding|Data Structure Coding|Google DSA|Python Hindi|Python DSA Hindi|Interview Prepartion|Vs code","Technology|Knowledge|Lifestyle (parent topic)"
244,UCGMzeEYEtz11yW390g5bujQ,Python,"bem-vindos ao meu canal de youtube. Walkthroughs e random Gameplays em Português.",2020-03-27T16:22:19.803365Z,,PT,71,1,8,https://yt3.ggpht.com/ytc/AIdro_mTyvuSQ1PxTuvhSiRbIAq7uwrzb9yQQG6hBIt99ju2vQ=s800-c-k-c0x00ffffff-no-rj,,"Role-playing video game|Action-adventure game|Gaming (parent topic)|Action game|Strategy video game"
245,UClT6ZqXjeHXm9HbzwIvRvzg,"Pyp | Programação y Python","Neste Canal nós vamos te ajudar a se tornar um Programador Python focado no Backend entendendo tudo desde o absoluto zero.",2022-07-20T16:20:58.285224Z,,,98,11,2,https://yt3.ggpht.com/qypjhlnjV7swyaKEhlpo6QYy6ssmARuQXlaiVvK2TbbVrSNrb25kWZR9vXihVdGi5fXk02kh=s800-c-k-c0x00ffffff-no-rj,,"Lifestyle (parent topic)|Knowledge|Technology"
246,UCBRO2MNGLoTDUHHR3PKMBmA,"Code & Python ","hey I am currently pursuing MCA and Future data scientist.You can follow my YouTube channel for getting knowledge of various programming language not only python.This YouTube channel is for all undergraduate (btech,bca or bsc) or Postgraduate. Code and Python"" is your go-to YouTube channel for mastering Python programming from beginner to advanced levels. Dive into practical coding tutorials, real-world projects, and tips on data science, web development, automation, and more, all explained step-by-step with clear examples ",2025-12-07T08:53:02.43281Z,,,38,1,1,https://yt3.ggpht.com/6WxaUo1dW4YyIlee727HC2NzjrNXWVLB8HWXsXpJ0Vbs160HbgzYDj420JkfuYqCVxpvGWMzCQ=s800-c-k-c0x00ffffff-no-rj,,
247,UCcpv9o0cIOdrBXdsySgJ14A,"Trilhas Python",,2019-01-29T11:58:48Z,,,2153,8,2,https://yt3.ggpht.com/ytc/AIdro_khCrVsu6vZw1PThTa22VgKMp0JdIaxiKKvuBcXExYrgA=s800-c-k-c0x00ffffff-no-rj,,"Lifestyle (parent topic)|Knowledge|Technology"
248,UC3aFFKYGSO9ulu287Qjf0rQ,"Python Tutorials","This channel provide how to explore your technology .",2015-04-15T20:13:30Z,,IN,2180,142,17,https://yt3.ggpht.com/ytc/AIdro_nqRo8xIQJYUe9AuWwwDGjn4UnJCaFmoREi9hAcBMcUTA=s800-c-k-c0x00ffffff-no-rj,pythonlanguagecreation|pythonlanguage,"Technology|Knowledge|Lifestyle (parent topic)"
249,UCHSgmVaCGKsv-eRw1HK01Vg,"Introdução à Programação em Python",,2024-05-08T17:53:19.027923Z,,,77,1,8,https://yt3.ggpht.com/nwMFijR8wuf7V78Uw7-nVR-3L3QFoouXnBNSJJh0jkGVcMWcC03-8Nja2hHD4AqGBytJL37w=s800-c-k-c0x00ffffff-no-rj,,"Lifestyle (parent topic)|Knowledge|Technology"
250,UCxef0-4iPWsTTdREJLAF_mQ,"python official ","The more you learn .Their is more to learn ",2024-10-06T07:12:37.443803Z,,,7911,54,63,https://yt3.ggpht.com/h7rFzUm1y01dGe6bvJANCNB5EdYyDoQla-wLeTNt5kKwD4m24u-9bfc0ic-7AU7rOLi6arklizs=s800-c-k-c0x00ffffff-no-rj,,"Lifestyle (parent topic)|Technology|Knowledge"
251,UCsiB_QBh0RD8mzXQdImVGzA,"Análise de Dados e Web Scraping de Python","Bem vindos ao nosso canal! Somos alunos da Unifesp e nosso obejtivo com esse canal é levar a todos um pouco do nosso conhecimento sobre WebScraping de Python. Link do nosso Instagram: https://instagram.com/web_scraping_python?igshid=bGRjZ2V2amVqNW4x&utm_source=qr",2023-10-01T14:15:07.860964Z,,BR,669,73,4,https://yt3.ggpht.com/ZIEOcJyZScH32NudprvvlEUu5JVWGR36sZQ9lTF1Lj8uz-tqFF2PrXFPYU4KkO4LYpue49JT=s800-c-k-c0x00ffffff-no-rj,,"Lifestyle (parent topic)|Technology|Knowledge"
252,UCjdnAyg1J6G2BRKprBX6HkA,"PROGRAMMING TUTORIALS (C++ & PYTHON)","I am a game developer in python and C++ languages. Anyone can contact me on Instagram to write any code. Instagram channel link : https://www.instagram.com/coding_with_usman?igsh=ZW12Y3MzdDl5ZTdr Whatsapp no. 03290086505",2025-08-01T15:22:46.304264Z,,,3280,35,41,https://yt3.ggpht.com/x9B4beXPcInkfsXh6RaYyA36cjrSWKbjmoI0Ui4n068SnEiF0iYCmWy_iIvyDGjdgEptRFo18Q=s800-c-k-c0x00ffffff-no-rj,,"Lifestyle (parent topic)|Knowledge|Technology"
253,UC-wbM359nMvn7pkTOqCqz2Q,"Pro Python","Pro Python is a best source to learn programming. Here you can learn advanced Python content and some basics on other languages too. So stay tuned and stay updated with us.",2020-04-04T10:25:08.275243Z,,IN,23601,210,49,https://yt3.ggpht.com/3TLPoQcptts-vLp-tC1PVKuEnr50mlzwYGL-iUrhB70pOQK9MDTJK0qoInsOebnRupc_sXVj=s800-c-k-c0x00ffffff-no-rj,"Programming|tech|DevOps|Python|c|c++|java|c#|php|turtle|termux|projects|Computer science|Ethical hacking|programming language|cyber security|c coding|java coding|programming tutorials|Source code","Lifestyle (parent topic)|Gaming (parent topic)|Knowledge|Technology"
254,UCh4gBI1FN4XMYSHsANKiUkg,"Python Coding Ashish (PCA)","A Python coder is someone who is proficient in the programming language Python and uses it to write software applications, scripts, and tools. They are skilled in designing, developing, and implementing Python code to solve problems and automate tasks. Python coders have a strong understanding of the syntax, data structures, and modules in Python, and are knowledgeable in various libraries and frameworks such as NumPy, Pandas, Django, Flask, and more. They are also familiar with concepts such as object-oriented programming, functional programming, and data analysis. Python coders can work in a variety of industries, such as software development, data science, web development, scientific research, and more. They often collaborate with other developers, designers, and stakeholders to create software solutions that meet the needs of users and organizations. ",2023-01-23T13:27:59.150982Z,,IN,586,14,8,https://yt3.ggpht.com/cNVj_fW81KDfT226IhF8kAYUp9GEhpPbGl_d6om1i7dVtqq9vnYBuQlgGd5G5nRtWUcWmT67Iw=s800-c-k-c0x00ffffff-no-rj,"make your self a life coder","Knowledge|Technology|Lifestyle (parent topic)"
255,UC4-qASPjVDZlu_5m036cGKw,"future code python","All about futuristic programming language *python all the project and assignment will be related to *python",2020-01-26T11:43:15.731739Z,,IN,2871,23,15,https://yt3.ggpht.com/ytc/AIdro_kuV9WT76ZgoTayWVk4nr9ZXfEsAm46o-i-vIO54iQWPw=s800-c-k-c0x00ffffff-no-rj,future|fuco.py|fuco|fucode|codefu|pythoncode|codepython|fcp|fucpy|fcy|fu|copy|co.py,"Technology|Knowledge|Lifestyle (parent topic)"
256,UCnfXfbyYeW27NH9m1Yz7irQ,"6 Inch Python","They told you that size matters. They lied. 🍆 Welcome to 6 Inch Python 🐍. The only channel that proves you can satisfy the algorithm with just 6 inches... of screen space. The tech industry wants you to believe you need a $2,000 laptop to write ""Hello World"". I am here to expose the scam. I am teaching you the full Python programming language entirely on your smartphone. No expensive hardware. No excuses. Just raw technique. 👇 WHAT YOU WILL LEARN: 📱 Mobile Setup: Turning your Android/iOS into a dev machine. 🐍 Python Mastery: From ""Hello World"" to building Apps. 💀 Satire: Roasting the ""Tech Gurus"" who compensate with big laptops. New videos daily. Subscribe to become a Chad Coder. Or don't... and stay a virgin at coding. #Python #MobileCoding #Satire #Programming ",2025-12-23T14:37:48.455736Z,,IN,1228,5,4,https://yt3.ggpht.com/2eAskmRuV4A69INFQBfHLNDuep20K9iRV1qB2U8Y8PsjzO8lew8BV4VIny2yS1foPj-k6QTP=s800-c-k-c0x00ffffff-no-rj,,"Technology|Lifestyle (parent topic)"
257,UCh75XEBoDBctJuZG3JOA4wA,"Minicurso de Programação de Jogos em Python STEM2D",,2023-06-08T15:39:40.408828Z,,,0,17,0,https://yt3.ggpht.com/ytc/AIdro_lkd0rxDNf5fMK_UoPYRhOsgwNtwY9ZOs1KY-dpA5QhVhAqxMEwBKhHbjPdHHUvhecsUw=s800-c-k-c0x00ffffff-no-rj,,
258,UC1aDizj30TAenIuyjUeaXhQ,"R. Asafh - Python Developer & Data Analyst","Bem-vindos ao canal UmDevDesempregado! Acompanhe jornada de um profissional com robusta experiência de 12 anos de mercado envolvendo suporte técnico, atendimento ao cliente, banco de dados e sustentação de sistemas, agora em busca de uma nova oportunidade. Aqui, compartilho meu dia a dia, um pouco da minha história, e saga da busca de emprego, demonstrando minhas habilidades práticas, projetos, e conclusão de cursos. Junte-se a mim nessa jornada de superação e crescimento profissional! Inscreva-se para não perder nenhum episódio. ",2024-02-09T21:24:16.73757Z,,BR,176,15,4,https://yt3.ggpht.com/t78M8ge9A6WWmbqawItPPRZDkYdC3z5BPjLJc3VcYgf1PcPUob9KWN7CqkIsKsSqrkyxnDxMtK4=s800-c-k-c0x00ffffff-no-rj,#PythonDev|#DesenvolvimentoPython|#ProgramacaoPython|#CoderPython|#DesenvolvedorPython|#AnalistaBI|#BusinessIntelligence|#BIAnalytics|#InteligenciaDeNegocios|#BIReporting|#DataAnalytics|#AnalistaDeDados|#DataAnalysis|#AnaliseDeDados|#DataProfessional|#DataSkills|#DataInsights|#CienciaDeDados|#DataScience|#DataScientist,"Technology|Knowledge|Lifestyle (parent topic)"
259,UCxc_PJuwx9xsYsLpwHah4fw,"Python Bizu","Um canal para dicas rapidas em python.",2024-02-15T22:20:47.325018Z,,FR,278,6,2,https://yt3.ggpht.com/-Y1lvAzz3CLlvyJt6ryOYq-1Xg6waDtbmWfBlMlrMkeK2fhHMvsu_DfC6wt4eeK73dP6bx0FpA=s800-c-k-c0x00ffffff-no-rj,,"Lifestyle (parent topic)|Knowledge|Technology"
260,UCVqoNf4JXGGUpiEF0oI4Jww,"APREDENDO A PROGAMAR EM PYTHON","esse canal é voltado para progamação em python",2021-06-18T12:33:03.284556Z,,BR,223,6,8,https://yt3.ggpht.com/A6UE6OEoCGA703k_tSx6hD9FqdvXAFFmugR7u7Kgp126z6Ci8xXHjqPocltwi4D57gRKMTJ29Mc=s800-c-k-c0x00ffffff-no-rj,"picicoticos|matança|matar|pisicopata|lazaro piscopata|lazaro matador|lazaro faz ritual|serial killer|lazaro serial killer|matadores de aluguel|lazaro mata familia em goias|lazaro maior serial killer do brasil","Technology|Knowledge|Lifestyle (parent topic)"
261,UCpi6sNQrOjHSsfrfp9s9yMg,"5 Minutes Python","This channel is to master in python programming language. If you are a noob or absolute beginner for programming languages, this channel is absolutely for guys. I am a professional working in python and also taken python class for around 250 spectators on live. Also, I am an aspiring python learner and let us learn python together and master in it.",2020-06-18T14:32:19.522832Z,,IN,1186,33,13,https://yt3.ggpht.com/ytc/AIdro_lQnuWGl2ooho36F-2PLgEJWPpQUYBe5G4VDTUk1UH53w=s800-c-k-c0x00ffffff-no-rj,"fiveminutespython|pythonmc|Python tutorials|python for begineers|python tutorials from basics|what us python|how python is executed|5 mins python|teluso python|edurekha python|beginners python|basics of python|python gaming|python tutorial in hindi|python tutorial in tamil|python full course|python projects|python by durga sir|python code with harry|python tutorial by durga soft|python tutorial telusko|python tutorial intellipaat|python tutorial by saurabh shukla","Lifestyle (parent topic)|Knowledge|Technology"
262,UCoypcXB4RntBjo5g-6FPDcw,"World of Python","Welcome to World of Python, your ultimate destination for all things Python programming! Dive into a world where code comes alive and possibilities are endless. Our channel is your gateway to mastering Python, from beginner tutorials to advanced techniques that will empower you to create anything you can imagine. But that's not all! Prepare to be amazed as we uncover fascinating facts and hidden gems about Python programming. Discover the incredible capabilities of this versatile language that powers some of the most innovative technologies of our time. Whether you're a seasoned developer looking to sharpen your skills or a curious newcomer eager to learn, World of Python is here to inspire, educate, and entertain you. Join our vibrant community of Python enthusiasts, share your ideas, and embark on a journey of creativity and innovation. Subscribe now and unlock a world of Python programming excellence, where every video is a step towards unleashing your full coding potential! ",2012-11-16T16:29:26Z,,IN,19492,106,7,https://yt3.ggpht.com/BIWdHtmX2PNAxKCFo0DvlVnlgtHXd4z62Bhsw5hcyHs7swvbbls3pyXtQrC0tQcy0c9TFHLJQQ=s800-c-k-c0x00ffffff-no-rj,"python|anaconda|pycharm|django|flask|error|programming|interview preparation|python interview|Python Programming|Python Libraries|Community Engagement|News and Updates|Programming Projects|python projects|coding tutorials|tips and tricks|coding challenge|software engineering","Technology|Knowledge|Lifestyle (parent topic)"
263,UCcxTALvrvZbEO1XfPYl8mqg,"Jerry Python","Python is a high-level, interpreted programming language that was first released in 1991. It has become one of the most popular programming languages in the world, with a large and active community of developers. Python is known for its simplicity, readability, and ease of use. It has a straightforward syntax that makes it easy to learn, even for beginners. It is also a versatile language that can be used for a wide range of applications, from web development to scientific computing. One of the key strengths of Python is its vast library of modules and packages. These pre-built tools can be used to quickly and easily add functionality to your code. Python also has strong support for object-oriented programming, making it a great choice for building complex software systems. Python is used by many companies and organizations for a variety of purposes.Python's popularity also means that there are many job opportunities available for developers who are skilled in the language. ",2023-04-17T10:43:00.06724Z,ur,PK,195,8,14,https://yt3.ggpht.com/4T8Pqo7GlfHv1P4hYEPUlfHEU_sF4tLNCPiNOn1p2F6TLzadTzEb2AVTpXtrMs8yiyYvikjkEg=s800-c-k-c0x00ffffff-no-rj,codewithherry|python|pythonplace|webside|developer|tiktok|youtube|chatGPT|google|chrome|twitter|instragram,"Lifestyle (parent topic)|Knowledge|Technology"
264,UCP3eKmu5l0mq0qC8JJc1vkQ,"Python Do PB",,2013-10-28T22:58:19Z,,,56,1,2,https://yt3.ggpht.com/ytc/AIdro_k1Fx1ykikmaQ72UQENhqFHYpM5ePRwiF88T6JCSjII7A=s800-c-k-c0x00ffffff-no-rj,,"Gaming (parent topic)"
265,UC61Zj72VNhJqImCLlx8gvGg,"Arena Python ",,2025-05-22T11:17:19.609587Z,,,14,0,3,https://yt3.ggpht.com/ShrTTKflgqa3CKiWTzyRA8jjbA0ZaU0eYz6myquAGEbB_m50zsQH6vzSHeIEBVKHxj_hqB9BDdw=s800-c-k-c0x00ffffff-no-rj,,"Technology|Knowledge|Lifestyle (parent topic)"
266,UC4NCHQR9eUQOHtyCd1IRjyw,"Meu pet Python ","Um pet muito amado e feliz 💖💖🐶🐶 Tenho uma única patinha branca 🤩🤩",2024-01-18T14:56:25.845122Z,,,3209,17,7,https://yt3.ggpht.com/2UH4-5mXdvnV_AkVg-e-de1kAeJwKleMpN81oSvZKY3yPXW2qz0qs7FjwFP6qnEtd4g_RmWXTw=s800-c-k-c0x00ffffff-no-rj,,"Pets|Lifestyle (parent topic)"
267,UCdc1RyVIuwQeCIb9nY2iSeA,"Python Portugal","Boas! Aqui encontrarás um conteúdo focado em programação, mais especificamente, Python.",2021-06-19T17:18:27.74043Z,,PT,825,16,1,https://yt3.ggpht.com/D_rv5urWQdtiLvNMDFia5KRn9CGBhiBvTZXDqacEfBJRKL8j6WpS6YKKwiUF0yRg8bURfX0M_g=s800-c-k-c0x00ffffff-no-rj,"python|python portugal|como aprender python",
268,UClfvSIQ2uyZqDoL3wHsbWmA,"Python Snippets TV","Code snippets for python programming language. Little solutions that go along way in saving you time. HowTo solutions in python",2023-01-26T11:18:52.844554Z,,,3201,6,20,https://yt3.ggpht.com/tLcR6s2Hoph_sX6iXqQ04bia0-De3JIO66M2BrDK2COVNtVhC88b-qBkbASGGakNRQXpEkJtQw=s800-c-k-c0x00ffffff-no-rj,,"Lifestyle (parent topic)|Knowledge|Technology"
269,UCxOlTNDUXUeMf8ciln9ZsPw,"ICRL Python","This channel provides training videos on Data Science, Machine learning and Artificial intelligence using python and R programing language. Enhance your skill and play with code in different ways. Al project end to end and introduce the new technology. As i love new technology, all these videos are free and I promise to make more interesting content as we go ahead Our mission: to help people learn to code for free. We accomplish this by creating thousands of videos, articles, and interactive coding lessons - all freely available to the public. ",2020-09-20T12:28:10.494691Z,,PK,6985,105,61,https://yt3.ggpht.com/GFOTveeKrUz3P9mrP8ftiI3ahmxISLjvfvegk8Yy9l9DqxTQljq05cynCT1niB67p8VS_wTsNw=s800-c-k-c0x00ffffff-no-rj,"coding|programing|IT|matplotlib|numpy|seaborn|shorts|python code|python course|Deep learning|python project|deep learning project|python programing|IRCL python|informaion technology|advance technology|advance python|machine learnig course|deep learning Algoithm|deep learning codebasic|computer vision|AI Algorithm|AI programing|python shorts|turtle shorts|python garphic|turtle in python|python in turtle|turtle code|python turtle shorts|turtle shorts","Knowledge|Technology|Lifestyle (parent topic)"
270,UC2KORtybREQapD2hz7qlBXQ,"Rapidinhas Python","Tutoriais em video sobre vários aspectos da linguagem Python e seus vários frameworks. A proposta aqui é oferecer vídeos de até 10 minutos sobre a linguagem, eventos, plataformas, casts, resposta a questões e muito mais. Fique à vontade para nos contactar através dos comentários! Sugestões, críticas e reclamações podem ser passadas nos comentários dos vídeos. Prometemos que tentaremos melhorar sempre.",2015-04-29T15:59:40Z,,,168,9,3,https://yt3.ggpht.com/ytc/AIdro_nWz8fNczur8ihu11phbB2-yi6pHOwVYWRhWftQB5oQwA=s800-c-k-c0x00ffffff-no-rj,,"Technology|Knowledge|Lifestyle (parent topic)"
271,UCrUxGe5WOJQOPkNDWIAkgeA,"Ygor Python","Vídeos sobre a linguagem de programação python.",2023-06-18T20:59:34.513348Z,,,0,16,0,https://yt3.ggpht.com/1DRSeL-_CO2aTNyxSq0bUFL5QL5aOzh5ZkiIim7Uf4LNddhF2jhE9Njkf4_Mc5IjA8QgERdzRA=s800-c-k-c0x00ffffff-no-rj,,
272,UCQhVeoWvri0fGuakwlZhYZA,"Learn Python","This channel is created for teaching the Python programming language. ये चैनल हिंदी में पाइथन प्रोग्रामिंग सिखाने के लिए है। یہ چینل اردو زبان مے پیٹھوں پروگرامنگ سکھاتا ہے. #python ",2025-01-25T10:34:08.458714Z,,IN,1413,40,84,https://yt3.ggpht.com/jg_k43m60Fw6_MtEjet6E22l_zeWDU2h-hiwOPqijJmgURx0ZdL81dV_5GtvOOVFrSWuBzNxpg=s800-c-k-c0x00ffffff-no-rj,"#Python|Python for Beginners 2025|Python for beginners latest version|Python Tutorial|getting started with python|python interview questions|python top interview questions","Technology|Knowledge|Lifestyle (parent topic)"
273,UCtiE13ooZuKi5AoQIwolGCw,"PYTHON LOGIC","Hello friends welcome to my YouTube channel 'PYTHON LOGIC' here I will tell you about python programming which is one of the best programming language .Please Like, Subscribe and share the video.Do press the bell icon and keep watching every latest video.Thank you.",2023-01-17T15:21:25.470057Z,,,106,17,4,https://yt3.ggpht.com/bEPjQ0FGQPDJyla0UI652RMiqp6xs7L6JfDYTm6H_hvtUpAenIKiAyGowguqxYou5np_wNi0=s800-c-k-c0x00ffffff-no-rj,,"Lifestyle (parent topic)|Knowledge|Technology"
274,UCQr8v_9oe87LllGB3UFIygw,"Panguis Python",,2025-10-05T04:12:25.938276Z,,,0,0,2,https://yt3.ggpht.com/j7E1OZyD2dgUXZquUiuWsAA0LFzQrVnMC4_UpJ4yKwv7JKOXaY5C6Y0aCXlJvVBRD-L7XkMHcQ=s800-c-k-c0x00ffffff-no-rj,,"Knowledge|Technology|Lifestyle (parent topic)"
275,UCkOtfBXzeZXk7jJ4usZnPSg,"PYTHON LEARNING",,2021-07-11T14:40:10.073091Z,,,457,23,18,https://yt3.ggpht.com/pWEn-pevG8izZ5UcaOpWeIh_4yS56O0Yu0b2vnbtSmc0bE3raIxKV5pk46BEaKv8sqwh43eSQVw=s800-c-k-c0x00ffffff-no-rj,,"Technology|Knowledge|Lifestyle (parent topic)"
276,UCSqAIRXiW8qMrUKbGvLpXKw,"ARCTutorials - Python & AI Tutorials","Welcome to the new ArcTutorials — Learn and Mastering Python with us. 🚀 What You’ll Learn: Python Fundamentals & Modules: Variables, loops, OOP, and data structures, python modules. Web Development & Python API: Mastering Django and Flask. Data Science & AI: Pandas, NumPy, and Scikit-Learn. Automation: Scripting for real-world productivity. 📅 New Content Every Day. Every tutorial on this channel includes hands-on projects, clean code examples, and industry best practices to ensure you don’t just watch, but actually build. Python, Python Tutorial, Learn Python, Python Programming, Python Full Course, Python for Beginners, ArcTutorials, ArcTutorials Python, Python 2025, Coding Tutorials, Python Projects, Advanced Python, Python Scripting, How to code in Python, Python Roadmap, Python Development. ",2017-12-13T01:32:24Z,,US,11160556,70500,1387,https://yt3.ggpht.com/0X8WZtg9xSeKCSXBarz1t1phV1Wx9FSY4GI1D7PbIXKfzAX745dVhR0wdAXlxvAL4PyFTxo3=s800-c-k-c0x00ffffff-no-rj,"Python Tutorials|Learn Python|ArcTutorials Python|Python Programming for Beginners|Python Full Course|Python 2026|Advanced Python Programming|Python Coding|Python Projects|Mastering Python|Python Development|Coding for Beginners.|python complete tutorial|python for beginners|python tutorial for beginners|python project tutorials|python for projects|flask api python|python modules","Lifestyle (parent topic)|Knowledge|Technology"
277,UCJxMMMm3mUQk0rsILr-ml5w,"A2C Python Academy","If you're looking for a place to grow your understanding of the Python programming language to learn for personal, school, career or entrepreneur growth, or you're just looking to get started, then you've come to the right place. It's no secret that python is the easiest programming language to get started with. And it is a great starter language that can assist in marketing yourself online or in business. Python is undoubtedly considered a top programming language and it’s one of the most used languages by businesses and enterprises. At the young age of 30 years old, Python is still relevant, given its ease of use, its vibrant community, and a plethora of applications.The good news is it's easier than ever getting started with Python programming. From python tutorials, lectures, live coding, and even learning how we can use python for several different hardware applications are just some of what we will learn here at A2C Python Academy Youtube Channel. ",2021-10-10T22:22:18.471016Z,,,201,9,9,https://yt3.ggpht.com/XfPRHGBG7zqqSSu79e86z-fQeE5QJT4oyUOgTrTD_1ETo-dNqbA6QOXnGMANIsct0z-_lNFr=s800-c-k-c0x00ffffff-no-rj,,"Lifestyle (parent topic)|Knowledge|Technology"
278,UCI5THiR1bsDJgZ3x-SJdl1w,"Kreative Python Programming","This channel will give you basic and better ideas about Python Programming Language. In this channel you can see many sample programs with output. you can use this as base program to develop more programs. ",2021-04-09T06:33:50.667257Z,,,877,27,15,https://yt3.ggpht.com/ytc/AIdro_mBEGRguRqLCcF8Lc-o34ir_5nFibK3k13LanOqU6Avfg=s800-c-k-c0x00ffffff-no-rj,,"Technology|Knowledge|Lifestyle (parent topic)"
279,UCUk14sVabY9_ftNZ821fYHw,"Pocket Python","Canal destinado aos amantes da linguagem de programação Python. O objetivo é disponibilizar vídeos tutorias bem curtos com dicas , truques e segredos da linguagem. Direto ao ponto.",2016-11-14T19:19:04Z,,BR,7056,55,22,https://yt3.ggpht.com/ytc/AIdro_lT3WrqkM8UFlC_nk8DFuHaEpR6_mUVfAU7FFTKhv685w=s800-c-k-c0x00ffffff-no-rj,,"Technology|Knowledge|Lifestyle (parent topic)"
280,UCBy9kXt1ZzGqc4n42yRJCpg,"Python Peak Pro . 8.1k view . 3hours ago","PythonPeakPro 13.1K subscribers 17video السلام وعلیکم Welcome to pythonpeakpro Learn to free basics python & basics computer & Educational & Informational video it Information video learning advanced Computer Chinese language Python language Python coding Python programming ppsc. fpsc. CSS. nts. Note: A small Contribution from students required 1) Subscribe the Channel 2) Like & Comment on videos 3) Do Sharing with others... Stay Healthy and Keep Learning.... WhatsApp No 03043695841 pythonpeakpro@gmail.com ",2023-11-03T07:09:10.702775Z,,PK,11804,729,51,https://yt3.ggpht.com/MICILgtPwZIYCfJs7qd22pQgEe_KVMxXI-nadtWca1yKwSiNvNtBcU3H3wPBvopJ6TwL77RebPc=s800-c-k-c0x00ffffff-no-rj,"pythonpeakpro|CSS|JavaScript|ppsc|PMS|fpsc|NAT|GAT|coding|learningcoding|python|pythontutorial|pythonlanguage|c|c++|PowerPoint|coding python|code with Harry|basic computer|computer science|it students|Entry test|python programming|introduction of python|general knowledge|Chinese language|Ms word|ms Excel","Lifestyle (parent topic)|Knowledge|Technology"
281,UCJgtG9MwgOPS9N2_R08Vbzw,"Python Gamer",,2017-03-16T13:01:03Z,,,4390,19,5,https://yt3.ggpht.com/ytc/AIdro_lupAw3Yn5IZs1XFz87J_gLXJByvL1JgyO4xr0-wdtgPQ=s800-c-k-c0x00ffffff-no-rj,,"Action game|Role-playing video game|Gaming (parent topic)|Action-adventure game"
282,UCTrx-mYinW8ltRvsNuHmOug,"Python with Rajat","I create videos on Python Programming language with concept explanations. My videos are short and fun to learn. Even Beginners can understand Python programming from my videos. I have learned Python and now I am teaching it on YouTube. Python is a highly used language nowadays. I encourage tech enthusiasts to take this course and upgrade their skills. ",2020-08-23T03:42:57.270654Z,en-IN,,1099,21,10,https://yt3.ggpht.com/Ez8vuZZukqKnnUxMzd0Zk2c89_aujOQoEO_OJ6PEG7BRcIVF3eAVTjP_7sJVCVyUGh1_ZTI5=s800-c-k-c0x00ffffff-no-rj,,"Lifestyle (parent topic)|Knowledge|Technology"
283,UCqDWouqMbOWQ66xrxEHAb4w,"PYTHON TELUGU TUTORIALS","IN THIS CHANNEL WE LEARN PYTHON 3 Python is a popular programming language. It is used for: web development (server-side), software development, mathematics, system scripting. Python can be used on a server to create web applications. Python can be used alongside software to create workflows. Python can connect to database systems. It can also read and modify files. Python can be used to handle big data and perform complex mathematics. Python can be used for rapid prototyping, or for production-ready software development. ",2021-04-19T09:23:43.664204Z,,IN,2131,23,13,https://yt3.ggpht.com/ytc/AIdro_krlXunl8FDxI_MK19elAm4-CoQVwkX-o4vHegRPP3pug=s800-c-k-c0x00ffffff-no-rj,"Python|Telugu|Tutorials|PYTHON TELUGU TUTORIALS|Python Telugu Tutorials|python in telugu|python tutorial in telugu|python tutorial for beginners|python introduction in telugu|programming tutorials in telugu|python tutorial for programmers|learn python in telugu|python tutorial 2021|software tutorials in telugu|python tutorial for beginners in telugu|python for beginners in telugu","Technology|Knowledge|Lifestyle (parent topic)"
284,UCC82TmVQ4lb0GzCS8Z_xfuA,"FE SPPU PPS PYTHON","This channel is related to python programming. We tried to explain each and every thing from Python- Programming and Problem Solving subject from First year SPPU syllabus 2019 Pattern .Our channel shows the simplest and step by step approach to learn python programming. ",2021-12-31T06:51:10.257274Z,,IN,47895,886,70,https://yt3.ggpht.com/ytc/AIdro_mYTYoKF1B7tFs9gD1sl44yurR_Y02Iy7QE6tkZv623fEgSNVDLr4xTAKTESIRb6ryFFg=s800-c-k-c0x00ffffff-no-rj,,"Lifestyle (parent topic)|Knowledge|Technology"
285,UCBQdhNfGlHqwhr4g0a1yH_g,"Python e CIA",,2025-11-29T12:53:45.908813Z,,,38,2,5,https://yt3.ggpht.com/6vgZIhjDIzObM_OuGZQ7k33hfaUwNzWaTnmErTkv_HoAX2ykS7aIzOGZeJXVcHqDOBcCOjqFafE=s800-c-k-c0x00ffffff-no-rj,,"Lifestyle (parent topic)|Technology|Knowledge"
286,UCdKzElOKiAQJd_W7n3RA-9Q,"Python 42","Queremos te ajudar a dar os primeiros passos com programação em Python. Seja com o objetivo de se tornar um desenvolvedor de software ou usar essa tecnologia na sua área atual.",2020-03-24T00:03:15.898046Z,,BR,14110,511,11,https://yt3.ggpht.com/ytc/AIdro_mFzQBEcF73BJXd3fC8HPWIdXKN3CNxt81s9gQJndzsXw=s800-c-k-c0x00ffffff-no-rj,"Python|Básico|Gratuito|backend|Programacao|Curso de Python|Python para iniciantes|python tutorial|tutorial python|python 3|curso de python gratis|curso de python gratuito|aprender python|programador junior|linguagem de programacao|python tutorial portugues|python portugues|Aprender a programar do zero","Technology|Knowledge|Lifestyle (parent topic)"
287,UCXHcN52P6kIWL_zTRmliP8w,"Python Hub","Welcome to our YouTube channel dedicated to teaching Python programming language! Whether you're a beginner or an experienced programmer, our channel is the perfect place to learn and grow your Python skills. We cover a wide range of topics, from the basics of Python syntax to more advanced concepts such as data analysis, web development, and machine learning. Our team of experienced instructors breaks down complex topics into easy-to-understand explanations and provides step-by-step tutorials that allow you to follow along and practice at your own pace. We also offer tips and tricks to help you become a more efficient and effective programmer. With our engaging and informative videos, you'll be able to master Python and start building your own projects in no time. Subscribe to our channel today and join our community of Python enthusiasts!",2022-04-24T13:21:52.234452Z,,,165,9,2,https://yt3.ggpht.com/jTLa_dgHpLGi1Syq-cRyKH6cBT-UJxM_iqeskMG10Uidr5PQkiJZBo-TbaqjSyuv9XpMxIMESoI=s800-c-k-c0x00ffffff-no-rj,,Knowledge
288,UC2S315lUy2Fx4_cVSVt1ZJQ,"Code Sphere - Python Planet","🌍 Welcome to [Code Sphere - Python Planet] - Your one-stop destination to learn Python, Data Science, and AI in your native language! 🚀 Whether you're a beginner or looking to advance your career in tech, our Google Colab-based tutorials are easy to follow and require no prior programming experience. 🧑‍💻 Learn Python in: 🇺🇸 English | 🇫🇷 French | 🇩🇪 German | 🇷🇺 Russian | 🇸🇦 Arabic | 🇯🇵 Japanese | 🇨🇳 Chinese 🔗 Follow step-by-step projects 📊 Master Data Science & AI with hands-on examples 🎓 New videos weekly! 👉 Subscribe & start your coding journey today! ",2023-12-22T15:34:17.541646Z,en-GB,PK,200,6,10,https://yt3.ggpht.com/Lc4g-yyoleQBXSC-XbGXXueivS8vciI5xfaMZEC0kwCMwv8J7IkL-J3nrs28NoO8GhKM8o_v8A=s800-c-k-c0x00ffffff-no-rj,"日本語のPython|中文Python教程|google colab python|python in German|python in French|python avec Google Colab|python en français tutoriel IA|программирование на русском|تعلم البرمجة بالعربية|python beginner project|مشروع بايثون بسيط|projet python débutant|apprendre python|python anfänger projekt|python lernen|python 初心者 チュートリアル|python データサイエンス|python 新手項目|初学者 python 项目","Technology|Knowledge|Lifestyle (parent topic)"
289,UCgvLViuORXDJ3nXMm4y-E8w,"DSA with python and Full Stack","Connect me : https://linktr.ee/bandelashiva This channel covers Coding from Basic level to Advanced level,HTML.. In future this channel uploads Machine Learning,Deep Learning,Artificial Intelligence,Devonshire,AWS,Full Stack Web Development courses would be uploaded..",2023-02-11T09:17:10.539883Z,,,1271,40,51,https://yt3.ggpht.com/YEQM0ZYi9qBK_VwPhYvbg8EquokPO2jUt66LZMpGOMiyIPKDgfi4VaKK370Y6cHA6KXHu549eQ=s800-c-k-c0x00ffffff-no-rj,,"Technology|Knowledge|Lifestyle (parent topic)"
290,UCVBFikeqMJ8rGLb8Cc5kN8Q,"Python School","Welcome to ""Python School"" – Your Shortcut to Learning Python, Data & Tech Skills! 🚀 🎯 Whether you're a beginner in programming, exploring data analytics, or just curious about tech careers – you're in the right place! 📌 What you’ll find here: ✅ Python tutorials (in simple language) ✅ Data Analysis & Visualization (Pandas, Matplotlib, Power BI, Tableau) ✅ Machine Learning Tutorials ✅ Interview Practice Questions prepration ✅ Career tips: Data Analyst, Data Scientist & Engineer ✅ Concept breakdowns (no facecam, pure value!) ✅ Shorts to clear big doubts in seconds ⏱️ 💡 Learning made simple, practical, and in your style – easy to understand and apply! 📢 Subscribe and start your journey today. 👉 Learn Smart. Grow Fast. ",2020-03-14T15:48:59.347371Z,,,3979,34,7,https://yt3.ggpht.com/t4xxBUHmC2Oaq1RNCco-rmZrplgP0mizv2OK3-jNW69_VSQ9SMObzn1EI4eTeEktxQ2KW-i_ctA=s800-c-k-c0x00ffffff-no-rj,,"Technology|Knowledge|Lifestyle (parent topic)"
291,UC1gEytn0BEFbVz5o7v4AbXg,"Comunidade Python Rondônia - PyRO","Pessoas Maiores que Tecnologia. Comunidade Python no estado de Rondônia. 🐍💻 ",2024-11-28T11:32:11.50063Z,,,212,186,1,https://yt3.ggpht.com/ntYLFuYXsB_oF6LZmrlt1_y9-vEpSKq1Aq8o0qxUvdxXtxbj_BxwIgstEHsTh4jlQQ64jNCReA=s800-c-k-c0x00ffffff-no-rj,,
292,UCpTSsdGniOumHwG0F-DE_yA,"Asim Python","Python programming language videos.",2019-08-01T12:30:43Z,,US,1537,6,11,https://yt3.ggpht.com/ytc/AIdro_luDBZBX8ECLSZyP3PNo4oxNnHWfKU00vX2SuYDmCAAsA=s800-c-k-c0x00ffffff-no-rj,"python|pycharm|django|matplotlib|pygame|tkinter|pypi|pytest|scipy|python list|anaconda python|learn python|python 3|python programming|python online|python ide|python pandas|python requests|python flask|python dict|python open|how to python|python for|python readline|automate the boring|best python ide|python machine learning|python 2.7","Lifestyle (parent topic)|Knowledge|Technology"
293,UC2yk6AtAaW4LfdXhc3-hWzg,"Pk PythOn","🔹 Channel Description (Custom & Professional) pk@python-143 ek Python programming learning channel hai jahan aap 📌 Python basics se advanced concepts 📌 Coding logic & practice programs 📌 Real-life mini projects 📌 Students & beginners ke liye easy explanations sab kuch simple Hindi + Hinglish me seekh sakte ho. Agar aap coding start karna chahte ho ya Python me strong banna chahte ho, toh ye channel aapke liye hai 🚀🐍 🔹 Short Bio (Profile ke liye) Python Programming | Beginner Friendly Learn • Practice • Build 📘 Basics to Advanced Python 🎓 Students & Beginners Welcome 🚀 pk@python-143 🔹 Hashtags (Use anywhere) #pkpython143 #PythonProgramming #LearnPython #PythonForBeginners #CodingInHindi #ProgrammingStudents #PythonTutorial #CodingJourney #TechEducation ",2025-12-26T03:42:59.659259Z,,IN,33,1,3,https://yt3.ggpht.com/ytc/AIdro_mymR-MbSZiXcxemf76BWkS2_J1h-FgBePsVD9r7FjOXZDjU4qX1ONi8S2eqHfN6i8s0w=s800-c-k-c0x00ffffff-no-rj,"#PythOn-143|#pythOn-143|#PYthon-143|#pytHon-143|#viral|#vilog|#ReelStories|#ReelStories|#JollyVibes|#SmileStream|#FunFrenzy|#youtube|#dance|#vilog|#programer|#html|#dubai|#usa|#JokeStorm|#ROFLFactory|#ComedyRush|#editing|#EditEmpire|#EditEmpire|#VideoVibes|#PixelPlay|#TrimAndTrend|#VFXVault|#VideoBoost|#EditSquad|#MotionMakers|#ReelRush|#EditVibes|#instagram #turtle|#python #animation #pandas",
294,UC26adKQr4YYJZ7J1hDyLt7g,"Python Stories","Welcome to Python Stories – your go-to place to learn Python programming in Malayalam, through simple stories and real-life examples! Whether you're a complete beginner or just curious about coding, this channel will guide you step-by-step from the basics to practical applications. No boring theory — just fun, relatable learning designed to make Python easy and enjoyable for everyone. 🎯 What you'll find here: - Python lessons explained in Malayalam - Real-world examples and storytelling - Easy-to-understand concepts for beginners - Weekly uploads to keep you learning Subscribe and start your coding journey with stories that stick! 💡 📧 Contact: akhilamohan.py@gmail.com 📍 Language: Malayalam | Topic: Python Programming ",2025-05-07T09:42:30.382675Z,,IN,7068,48,34,https://yt3.ggpht.com/NrOCHOn8RRl9qv24nX6q-4EwOQqlXinWt9C7v6qnBW3-UldHjeIMjzd2jdY1YTDUco8XzdMWYA=s800-c-k-c0x00ffffff-no-rj,"https://youtube.com/@pythonstories?si=nO5OsZAvqlqDHh9Y|Python fundamentals|python for beginners|python tutorials|python from scratch|easy learning python|python malayalam|Brototype malayalam|Yes tech media|Techolas Technologies|Python full course|Entry coding|Malayalam tutorials|Programming with mosh|Easy coding","Lifestyle (parent topic)|Knowledge|Technology"
295,UC-OFSqQyHGfjcfW3iaNyVCg,"Chasing GP","Welcome to Chasing GP 💰 It started with a GE flipping program I built for myself to track Grand Exchange data. Now it’s a journey to scale GP as far as possible in OSRS, learning and having fun along the way. ",2023-03-13T03:31:17.972667Z,,CA,7975,130,2,https://yt3.ggpht.com/4nGekdOGDJMwoa0s_XGjuT4SzJTVjW5SJGArnzD2ZV0CtPhyYkkiTC0SR6mHk0nNPxsflkeRcz0=s800-c-k-c0x00ffffff-no-rj,"osrs|runescape|gold|flipping|overnight|gp|chasing gp|old school","Role-playing video game|Gaming (parent topic)"
296,UC6I0nz67RNQe6fZ4bO3fjWw,"Python Programs By Yajat","Hi Guys I Am Yajat Vats I m learning python so I will upload python programs for you. I also have a channel based on C++ so if you are interested u can also visit. The link is at link section👇 0 subscribers- 30 June 2021 10 subscribers- 4 July 2021 20 subscribers- 18 July 2021 30 subscribers- 23 July 2021 40 subscribers- 🔒 50 subscribers- 🔒 60 subscribers- 🔒 70 subscribers- 🔒 80 subscribers- 🔒 90 subscribers- 🔒 100 subscribers-🔒 1K subscribers- 🔒 10K subscribers- 🔒 100K subscribers-🔒 1M subscribers- 🔒 Help us to reach plz CHANNEL BASED ON C++ PROGRAMMING LANGUAGE LINK IS HERE👇👇 HELP US TO REACH 100 SUBSCRIBERS IN OUR C++ CHANNEL PLEASE. REGARDS YAJAT VATS ",2021-06-23T17:52:13.769872Z,,,3725,93,18,https://yt3.ggpht.com/SiHdtz3ym5UOpvB-48EmdEveW6OlIzoldPGOdIA4ZpeakfEE_m18ifIQjN8F8MZbSPdXGDDN7w=s800-c-k-c0x00ffffff-no-rj,,"Technology|Knowledge|Lifestyle (parent topic)"
297,UCWSYC-oy2YVJ78in43YXdgA,"Usando Python","Olá, criei este canal, porque gosto de programar em python, e esse canal é focado na linguagem python, e compartilho meu conhecimento como um tutorial para quem está aprendendo python e gostaria de ver python na prática, criando projetos para a web, desktop e muito mais, espero que goste dos tutoriais.",2021-07-06T01:16:52.449002Z,,,45,9,2,https://yt3.ggpht.com/_DuNEaKv6HBgcoWIQbk-SSveBC1KIRKfyqbgORX4edYPX0UcDtfM1dDkPQki2-mWn6AoweX0Sa0=s800-c-k-c0x00ffffff-no-rj,"Python|automacao|automation|tkinter|pyqt|kivy|django|flask|matplotlib|www.usandopy.com|usandopy.com|usando python|using python|Tutorial de Python|joao futi muanda|python tkinter|tutorial de tkinter|python projects|projetos python para iniciantes|python projeitos|ciencia de dados|tutorial de Python|aprender python","Knowledge|Technology|Lifestyle (parent topic)"
298,UCtf3DWPXcBGUxo_KeX2nNZw,"Python Not Visible From Space","Gosta de FARCRY3?? E de gta online?? ou minecraft?? ou até mesmo videos normais se você não curte jogos?? viu, eu sabia que você iria gostar só não se esqueça de SE INSCREVER!!! ",2020-02-28T21:16:22.978289Z,,BR,0,28,0,https://yt3.ggpht.com/NJXoAAR3hVEh7oFqRPdAEalA_iYuY_rj7o1pwrsEwQM8JX_ai65zRrbe5fbV6mOwbt_LzuuI=s800-c-k-c0x00ffffff-no-rj,,
299,UC19E7dLQyQy3pm6gw75F_2g,"Python Tube","Welcome to the Python Tube! This channel is your place to get knowledge, to get inspired, to get motivated and We are always there for your entertainment. This channel is about knowledgeable, amazing and strange things that happen in our world! The content posted on “Python Tube” is based upon research and studies upon web, articles and has been verified to the best of our abilities. However, we do not claim/guarantee that the information we have gathered and providing you is 100% accurate. We cannot guarantee that there are no mistakes or errors. Our content is just for the knowledge & entertainment purpose only. For any query, ask here: pythontube1@gmail.com ",2021-11-03T17:48:59.226331Z,,PK,57,5,3,https://yt3.ggpht.com/sKP4uNjWextv9tG3ac7nyb2fKCOeqzPS9dwSVD3G-OAoCs_ybBQsKgOv6Uv6RW_DCX_Gxr5DCCY=s800-c-k-c0x00ffffff-no-rj,"python|code|coding|java|c++|programming|react|javascript|AI|computer|software|tech|html|HTML|CSS|django|flask|automation|pattern|github|technology|technologies|course|education|entertainment|science|nft|metaverse|blockchain|crypto|biography|motivational|success|motivation|python programming|python course|python tutorial|data science|machine learning|tech videos|IOS development|app development|learn python","Technology|Knowledge|Lifestyle (parent topic)"
300,UCrhXrOs_njKOAnfRd_x9m_w,"Python School",,2025-12-18T12:06:10.615529Z,,,36,1,13,https://yt3.ggpht.com/Qdp1TassnOWMiRw6mdDB2WKScYvVWnAd4-kaLnG8v1hSBrcQXtf_y-C-Kak2dHW4syGuGP_Hog=s800-c-k-c0x00ffffff-no-rj,,"Lifestyle (parent topic)|Knowledge|Technology"
301,UCSsLBEiHbtbAbbVr0C-kH8Q,"Praticando Python","Criado por um estudante de Python, esse canal tem como objetivo ajudar outros estudantes a evoluir na linguagem Python por meio de dicas, resolução de desafios e ideias de projetos. Como dizem os especialistas, quando você ensina alguém, você aprende muito mais, por esse motivo resolvi criar esse canal, para transmitir meu conhecimento e também ""trocar figurinhas"" com outros estudantes sobre formas de resolver problemas e dificuldades no processo de aprendizagem. Quem vai sozinho pode até ir mais rápido, mas quem vai acompanhado, certamente vai mais longe! ",2024-05-29T02:15:44.183817Z,,BR,6,1,1,https://yt3.ggpht.com/rAAD-2cYvtP0vxmZqHuLg9o8VxSzTGAKOzNGqvjcOvnZWVbJyV1XM-RLaiUaootC3nik5PFc4Q=s800-c-k-c0x00ffffff-no-rj,"python|tutorial|programação|desenvolvedor|python brasil",
302,UCrKDa2ey8LsPonpdV4Ch4CQ,PyLab,"Si vous êtes ici pour apprendre à programmer en Python step by step avec des vidéos en français... Bien joué, vous êtes au bon endroit ! Python dans un MMO à plusieurs milliers de joueurs ? Oui, c’est possible. EVE Online et World of Tanks s’appuient sur Python pour gérer toute la logique du jeu : IA, économie, serveurs, gameplay… De plus, Python est le langage de référence du machine learning : il permet d’entraîner des modèles capables d’apprendre à partir de données grâce à des bibliothèques comme TensorFlow, PyTorch ou scikit-learn. Cette chaîne est vous fera passer de débutant à veritable pro du codage : POO, interfaces graphiques, IA et machine learning, web, data science, asynchrone, multithreading, optimisation, sécurité, automation, jeux vidéo... Cette chaine comportera également des tutos sur d'autres langages, tels que Java, C++, HTML... 1 abonné ................ 06/11/2025 100 abonnés : ........ 18/11/2025 1000 abonnés : ...... 28/12/2025 10000 abonnés : .... ?",2025-03-04T16:22:52.142372Z,,FR,51378,1000,19,https://yt3.ggpht.com/QxGoXbfYDJC5RxnVUFZZaWvNMgoxaEvM1H7gFcQfezBWEGubhbgpVORNg83x76OoarxI5LmKUEM=s800-c-k-c0x00ffffff-no-rj,"programmation|code|python|défis|cours|15 minutes","Lifestyle (parent topic)|Knowledge|Technology"
303,UC0YdFa2Jnm0jIjG4ja8sRMA,"PYTHON MEMORY REFRESH","This channel is dedicated to class xi & xii students who love python programming. ",2020-04-21T14:08:36.00051Z,,,224,7,7,https://yt3.ggpht.com/ytc/AIdro_mlFynLCJloiO3ipO0OQPNUKnvqAGYyreeRwo-ZcX6DSg=s800-c-k-c0x00ffffff-no-rj,,"Technology|Knowledge|Lifestyle (parent topic)"
304,UC3c_UyDNCVQ_Ugnoo8fs1Pg,"coder python ","Welcome to programming language 1.python 2.Java 3.Java Script 4.css & CSS3 5.Html A work of the coder 💪💪 YouTube channel -- https://www.youtube.com/@coderpython786 Programming language is a explain Of the work 1.Like your channel 2.Comment your channel 3.subscribe your channel Pl🙏🙏🙏🙏🙏 ",2024-05-05T07:20:15.707417Z,,IN,12789,23,18,https://yt3.ggpht.com/R3lxWzVwdimBJIObrpNdp9HTsdHeDWxoLno1XrufLpIGnyoLUfaTLXDF1ztp9T2Q82d2nOH7UQ=s800-c-k-c0x00ffffff-no-rj,"@coderpython786|Coder|Coding|Programming|Html|Javascript|Python|Hacking|Development|Program language|Programming language|Coding language|Html language|Css language|Java language|Python language|Hacker course|Python code|Python hack|Html code|Javascript code|programming language|web development|Hack development|All courses|Programming course|Hacking course for beginners|Python language begging|Python language beginners|All courses|All programming","Technology|Lifestyle (parent topic)"
305,UCYMIdnCNzRnE6w2H8aU1mwQ,"PIP - passion in python","We are always ready to share knowledge and our channel is completely based on computer science and python programming language which enables you to do codings on your own.",2020-07-01T14:09:55.657395Z,,IN,16893,205,22,https://yt3.ggpht.com/ytc/AIdro_ntHp4VBgxz5ixdrRvQOZuqvX4XSDvN02Q55-_wZxEEqw=s800-c-k-c0x00ffffff-no-rj,"python|coding|pip|programmers|c++|tamil coding|passion in python|python tutorials|python for beginners|tamil coders|python in tamil|python programms|java script","Lifestyle (parent topic)|Knowledge|Technology"
306,UCYHXu2R87kQuvDzjhmFayiQ,"Data Science with Python in Hindi","Python programming language Data Science Machine learning concepts In Hindi ",2022-09-16T05:16:29.860764Z,,IN,284,12,20,https://yt3.ggpht.com/U9UPKB6zdFtwChzZ_GnELh-_46x0mj8Ng1v0tGL5ojqoKbss_EKc4tLWr-hvBaDYdPBDa8Pl=s800-c-k-c0x00ffffff-no-rj,"all information about python and data science.","Lifestyle (parent topic)|Knowledge|Technology"
307,UCg7Z_IeEZArbd_nfLYmRlIQ,"Monty Python - Topic",,2013-06-14T08:10:33Z,,,11774346,21200,855,https://yt3.ggpht.com/LW81Y8gDZeOnaAHYMQ7PPF75jnwpqt1jY2ConAa60JciS7mI4haYxTQGWbd-EZVCsbB2IMIozWs=s800-c-k-c0x00ffffff-no-rj,,"Entertainment (parent topic)|Music (parent topic)|Movies"
308,UCMCSiK3Fv08a1uwPynxJ6Yw,"Python classes in Telugu for Beginners","Want to learn Python in Telugu? you have come to the right place, where you can learn Python basic level to Expert level at Grafx IT Solutions under the guidance of Mr Santosh Mahapatro who has 20 years experience in training , Thousands of students learn programming languages and make them realize the IT carrers ",2021-12-15T07:20:32.750917Z,,IN,3729,256,20,https://yt3.ggpht.com/ytc/AIdro_kvbtTnSib7sZ8unyXGBaXdCu1QEHUOmM0J_vmGOMefsdIjo3XP0JRi_xplBMKba99Xow=s800-c-k-c0x00ffffff-no-rj,"Learn Python in Telugu|Python for beginners in telugu|learn python in simlple steps in telugu|Python Classes in telugu|The Best Python classes in Telugu|Telugu Python classes|Python telugu turorials|Free classes on python in telugu|Free Python classes|Simple steps to learn Python|Python for any body|Python turorials|Python for Mechnical branch student|Python for CSE branch student|Python for Civil branch student|Python for IT branch student|best python classes","Lifestyle (parent topic)|Knowledge|Technology"
309,UCOk7-np6AnspwIWdBP46oPw,"python programming","Hey, This is Aman Singh and welcome to my channel Python Programming, Here you will find a lot of videos related to python programming language. ",2021-06-12T01:44:00.434608Z,,,643,8,6,https://yt3.ggpht.com/OVmpCBhZDcN3YXhwgN0Zc0_FkOu4wl8rw_zkCj4vIai8RU4WSQOHlynDy-y8PvFRSf0rUnrWlA=s800-c-k-c0x00ffffff-no-rj,"python programming|programming language|python tutorials|python programs|computer courses","Technology|Knowledge|Lifestyle (parent topic)"
310,UCe7fDPNYCWKFc9XTMnV6buQ,"Python Programming from Scratch ","Welcome to my Youtube channel. My name is Kaushik. My motive to start this channel is to help the beginners to develop coding skills very easily at free of cost. The intended learners are students, home makers and professionals who are interested to learn python programming. Believe me python is the easiest programming language and I am very sure that you will enjoy coding. I am assuming that the learners are starting from scratch and do not know how to start and where to start. ",2022-09-10T13:56:40.501517Z,en-IN,,699,15,2,https://yt3.ggpht.com/zVqQhyKO-5nXenPtaCxCTJ7U2fgXV2Eolw1pL5LbA6W3KSPGFu8I4irG13JycjURY93y5tgKGA=s800-c-k-c0x00ffffff-no-rj,,Knowledge
311,UC-15B6EGjY8doGTawEeFhBw,"Desenvolvimento c# Java Python",,2017-05-31T14:34:03Z,,,15963,29,3,https://yt3.ggpht.com/ytc/AIdro_l4P_cZIeY0TV0eptlFbUU89R8Fxe6mvTJ3kWQaMHk=s800-c-k-c0x00ffffff-no-rj,c#|java|python,"Knowledge|Technology|Lifestyle (parent topic)"
312,UCYznWS75eUwTdlTs9fHFxog,"SS PYTHON CODING","This Channel is Created With My Wife & Me My Wife and I Both Teach Your Computer Related Programming Language And Design Like Canva",2025-04-28T11:44:27.849328Z,,IN,215,12,20,https://yt3.ggpht.com/tIVhoAss97Xx8e2CyTDnhIfcItIl5GL56qGN2B7f5t1XwmBEvE0A5RBfuurbjpC-LXywGYsbTw=s800-c-k-c0x00ffffff-no-rj,,"Lifestyle (parent topic)|Knowledge|Technology"
313,UCeoCB1XbeqjXLNCD6oqezLg,"Python - Topic",,2016-03-12T12:09:42Z,,,53277,198,13,https://yt3.ggpht.com/rehL3qmRE6udZXfM7L3NKqzton47tuRZp-YuseqeNysY5CEHZSrhFNpOKxg-uH3OPAJkrlE2lw=s800-c-k-c0x00ffffff-no-rj,,"Electronic music|Music (parent topic)|Hip hop music"
314,UCp7ZMsH9SekCkZLgtjT2xXw,"Python - Topic",,2022-06-23T18:28:19.976056Z,,,0,0,0,https://yt3.ggpht.com/_XTRlhJCPoSCdci0HrDvDBvsnAXh5chfeRYjufzje_5J_z-P3VPhWTgjTAKvwV2RmMxh0IZLuw=s800-c-k-c0x00ffffff-no-rj,,
315,UCgECX7qZQS8OXAR0yfhJb4w,"Python - Topic",,2023-03-09T21:34:14.85167Z,,,479,3,1,https://yt3.ggpht.com/oGnlfHee64kAsPrLCRQvd7xYzRhTzjTTetwAN20Rphqmy_EBk_C3jrSHJRUyKr7PXycOiUIyoQ=s800-c-k-c0x00ffffff-no-rj,,
316,UCJ3ZMFsAZQggC2oHAtVgX2g,"Python for Engineers (Mechanical) & Scientist","#sppu, #fe, #engineering, #mechanical, #scientiest, #Python, #Engineers, #Mechanical, #Electrical, #Scientist, #basic, #computer, #hardware, #software, #programming, #language, #c, #c++, #java, #python, #machine, #input, #output, #cpu, #memory, #internal, #external, #assembly, #machine, #high, #level, #compiler, #linker, #loader, #interpreter, #windows, #linux, #ubuntu, #mac, ",2021-11-27T09:53:15.599785Z,,IN,1344,96,29,https://yt3.ggpht.com/3-vx8JgtxLYqkL1D4wn1VtkjzCDYBgqk3eHS2znNuVu-RvedOfsEAY22WVhnTw16N1SrQAqv=s800-c-k-c0x00ffffff-no-rj,"#steps|#problem|#solving|#skills|#project|#based|#learning|#fe|#se|#te|#cse|#mechanical|#sppu|#dbatu|#srtmu|#mumbai|#university|#engineering|#polytechnic|#bse|#bca|#pharmacy|#iti|#iit|#it|#miniproject|#everyday|#life|#process|#types|#AI|#ai|#outcome|#job|#placement|#artificial|#intelligence|#machine|#computers|#top|#down|#design|#strategies|#various|#language|#paradigm|#programming|#languages|#python|#prolog|#c|#c++|#java|#windows|#linux|#macOS|#zone|#be #cs","Technology|Knowledge|Lifestyle (parent topic)"
317,UCZhczgAsgfYSHwRxowLTzog,"Python Zero ","Aprenda Python do Zero com aulas curtas, desafios práticos e dicas de programação para iniciantes. Siga o nosso canal e comece a programar, torne-se um dev👨‍💻 #programação #iniciantes #python",2025-11-05T20:10:18.162532Z,,,1649,6,3,https://yt3.ggpht.com/OpxorE_ABD76a_kh0rYAsWte9TPghqYBTb9TJ84yT7ysXPInN_YWmJ5MJkOekN8fRdzY6muRxA=s800-c-k-c0x00ffffff-no-rj,,"Lifestyle (parent topic)|Technology"
318,UC0ia2FlV4-MU18BfnbUvnTg,"Python - Topic",,2023-12-25T11:32:41.485618Z,,,0,0,0,https://yt3.ggpht.com/HucZyWWSWxvoMo_qMZliZV-2JR2vF92sdVxgSGWtxf6AIXYbOAqGD7GvC5RpgzBq2IpuiauGHQ=s800-c-k-c0x00ffffff-no-rj,,
319,UC2TjqnVK_Q4hPS2g8sAQ1Pg,"python coding hub","Moment to explore PYTHON programming language to skill like me! Make it a valuable one! Gain free knowledge dears....Success is Yours! ### Anaconda:Microsoft Visual Studio Code _IDE Please like,share and subscribe my channel. I will post once in a week....Time is Yours! Here we Go.....",2021-02-02T06:30:56.120386Z,,IN,621,47,4,https://yt3.ggpht.com/ytc/AIdro_kA3leS4XrxkR8CHYbglbip28mqJz6CjeOSZBKZq8ylXw=s800-c-k-c0x00ffffff-no-rj,,"Lifestyle (parent topic)|Knowledge|Technology"
320,UCwhGF5221SXU_voITSCX3Mg,"But Python",,2025-12-28T11:45:17.915273Z,,,13,0,1,https://yt3.ggpht.com/m5MbT89H0ZGXo-Bq9NVcD7_IlKnBEI8uCpGIPACJpV6M6Azhi7Zkxmpk8J4KPRQ1IgvF9RGC2Q=s800-c-k-c0x00ffffff-no-rj,,
321,UC9DLIrutCgCKLZZ8gG5eOFQ,"Python With Zinando","Develop your python skills from zero to pro status by following thoughtfully curated hands-on projects that helps you apply every concept of python programming. This channel presents coding projects for every topic you come across while learning to code in python. The best way to learning and quickly know how to code (irrespective of any language) is by building projects. So as you follow the videos sequentially, you are transformed from a novice into a pro python developer in a shorter time than you could imagine. ",2024-12-15T06:59:15.353506Z,,,151,28,3,https://yt3.ggpht.com/BqvR3MWieNjJ1MTNQZBPQHIBS-fojL3l-FdmTFrcXbMN3vrPKs4a91wV4Lb26HfYhBqojhn1FA=s800-c-k-c0x00ffffff-no-rj,,"Lifestyle (parent topic)|Technology|Knowledge"
322,UCJQK8nTSt_vPaZGG_FeLvbw,"Python para Todos",,2019-04-07T13:56:10Z,,,6706,116,2,https://yt3.ggpht.com/ytc/AIdro_lRV4cH8I6pT0Y4FZC0q8H0-JsLKxJ9Qkc63EHHV2cxJg=s800-c-k-c0x00ffffff-no-rj,,"Knowledge|Technology|Lifestyle (parent topic)"
323,UCRmslyg7nozuqvwxwX3Db4Q,"Python programming code lesson","Welcome to Python Programming Code Lesson! 🚀 Dive into the world of Python programming with step-by-step tutorials, coding tips, project ideas, and real-world applications. Whether you're a beginner or an experienced developer, this channel has something for everyone. Subscribe to learn, code, and grow your skills with us!",2024-11-21T04:13:11.818653Z,,,4,0,1,https://yt3.ggpht.com/ytc/AIdro_kPnWgPdaEneGRS_lHThnRi4WowEiydFJHvz_TIJ-uZt0uKxLt_qjIlJRs-UBamd5r2HA=s800-c-k-c0x00ffffff-no-rj,,
324,UCx8ilbxnZmAMqfdo_f__PCA,"Python Gaming","Jogador de LEGEND ONLINE BR Busco promover meu jogo e ainda vender seus calçados, loja aqui: https://oferta.vc/v2/338edcad974",2024-01-29T23:45:23.257801Z,,BR,951,13,41,https://yt3.ggpht.com/UfJovLS4JbuNSXZ6CH7fdosmtudbTaSjpMZWUTb2SnI3EsSmACO1YxTj5Nz_ZOhazacVFMp9Rw=s800-c-k-c0x00ffffff-no-rj,"legend|LEGEND ONLINE|legend online|legend online classic","Action-adventure game|Strategy video game|Gaming (parent topic)|Role-playing video game"
325,UCN81V4FxPcjANRWJ49veKHw,"Python - Topic",,2022-06-23T18:29:18.467857Z,,,31270,74,25,https://yt3.ggpht.com/RWKCtHPwCi3FNBk7LmXwGy_AzG5Unsc2l5NisFYpOyWYpW_RMoeO_NEH2h93NkHF8HLPcUSTkNs=s800-c-k-c0x00ffffff-no-rj,,"Music (parent topic)|Hip hop music"
326,UCsCYxNPhLsxGR1WFXhA6tfQ,"PROGRAMMING WITH PYTHON","Hello Everyone..In this channel, I will be showing you few simple programs to get started with one of the most leading high level programming language --- Python.",2020-10-04T14:29:09.157445Z,,IN,1139,23,4,https://yt3.ggpht.com/ytc/AIdro_kogiBDe4xhsUBqEwp95_N5I8Rk_zn3c8epbTmpo7a_=s800-c-k-c0x00ffffff-no-rj,,"Lifestyle (parent topic)|Knowledge|Technology"
327,UCQMq-rEWGqWe1viSo0ibVfw,"Python Programming For Finance and Trading","New for 2025. This channel is for my tutorials on the using the Python programming language for finance and trading. ",2025-07-03T18:33:45.210887Z,,,1369,29,10,https://yt3.ggpht.com/3R6F66WRWbd8KUQ8Pc3HXuuafWbzW1qIsRXe-iwok-jBQkvC-T6sl_oicFp2kFbSKhKHvW10FPI=s800-c-k-c0x00ffffff-no-rj,,"Technology|Knowledge|Lifestyle (parent topic)"
328,UCkpePvQ7MYp5fGefyZuIYyA,"Python Loco - Topic",,2021-12-28T05:09:27.189095Z,,,194480,19,7,https://yt3.ggpht.com/lMVJqltEKfDlXExi3B30rLRZMm2_nkkSPWvUWMggQx2hB68oDsZGvzQK4KLLU-rYRHR-VMhxaw=s800-c-k-c0x00ffffff-no-rj,,"Music (parent topic)|Hip hop music"
329,UC8eYrEMMFEaoeqBK8D8quZA,"Python - Topic",,2022-06-23T18:28:46.382117Z,,,15912,41,32,https://yt3.ggpht.com/mFJoaCYjKl3j_wFVNoFb3OHjwyVS2jPMGgJZwb3blTRRPXmG54W3DBRORTke_Oh2d3Wa4vmSOw=s800-c-k-c0x00ffffff-no-rj,,"Electronic music|Music (parent topic)|Pop music"
330,UCq-dJATJewdMVa8Nif02Dsg,"python graphic design coder","Python script automatically Python programming language Python graphic design #python code Hacker ",2023-02-26T00:03:08.328939Z,,,2959,23,14,https://yt3.ggpht.com/Pz7RsALWTVRiEihdbzPS2uhYokcdhmDYn5A2UtFirO66C7VfDUGWdSlbzDWqLlvsuE4jP0sesA=s800-c-k-c0x00ffffff-no-rj,,"Knowledge|Lifestyle (parent topic)|Technology"
331,UCBXvrHVaSOnGCxQJtAsTciQ,"valack no python🐍","neste canal a gente explora todos os todos os fundamentos do python desenvolve scripts em python agente aprende todo o dia você que quer saber sobre python no lado da cyber segurança este e o canal certo!",2023-07-30T13:04:29.107253Z,,BR,19,1,2,https://yt3.ggpht.com/PRZ7ZR-9g0IPR5zCGYT5AmacSow0GbFLCxDZ5GcOhj6UY5NxHAkT7eqyGVQLVmnqK0pn2qLY=s800-c-k-c0x00ffffff-no-rj,printvalack,"Knowledge|Technology|Lifestyle (parent topic)"
332,UCx_RI2cgazS9Pf0c0gXCpzg,"Python Programming","learn, and practice best Programming Language",2020-04-26T00:49:06.320386Z,,,40,4,1,https://yt3.ggpht.com/ytc/AIdro_mJPPM2evcDnZUu0FwZAm5_kQymiNOdM_9qMXFi_FporA=s800-c-k-c0x00ffffff-no-rj,,
333,UCv2h9wKZT-HM-hwhddlioPQ,"Python Fonder","Hi, I'm Ishaq. Software engineer by profession. Working as a freelancer in many giant online marketplaces. Also developer and publisher at ⊞ Microsoft App Store (kaslaansoft.com). Programming language that I use is Python. In this channel, I upload Python programming related stuff (from basic to advanced topics). I teach how Python could be used in several other major and useful fields. And that, it is not limited to only AI and Web scraping. Stay tuned! ",2019-03-07T02:51:14Z,,PK,3774,101,12,https://yt3.ggpht.com/eEZL1onVfulNfzkF7HzIkDV7Ne7q5sgHvVXhzpFR-oP2J5_E6z5jBAukkUb5IkULt219znbrtw=s800-c-k-c0x00ffffff-no-rj,,"Technology|Knowledge|Lifestyle (parent topic)"
334,UC0vN9yfGgG7PBnZMRDhYRJQ,"Easy Python","Bienvenue sur Python Facile ! 🐍 Ici, vous apprendrez la programmation en Python pas à pas, même si vous êtes débutant complet. Chaque semaine, des tutoriels clairs, des projets pratiques, et des astuces pour progresser rapidement. Rejoignez notre communauté, abonnez-vous et activez la cloche pour ne rien manquer ! ",2025-12-26T23:40:49.791537Z,,DZ,0,0,2,https://yt3.ggpht.com/0Kdwvp5Jh8SI5xJzgpuRJlWotAAW_72vSox9fXPhAtEU9Twj5InlRrhQQmFc3mYNfrx_jl00EYo=s800-c-k-c0x00ffffff-no-rj,"python facile|Python pour debutant|tutoriel python simple et facile|projets python faciles",
335,UCFNi2Dde6aYD90S7cHNqMhg,"Python Lee Jackson - Topic",,2013-09-21T12:05:13Z,,,172754,483,50,https://yt3.ggpht.com/AdYqJcwQEAXim8ruavmheJVyNULcmeht1Si5HFy0yfuM4gbGPznZ5GNdBREf48130s3k2YU8=s800-c-k-c0x00ffffff-no-rj,,"Rhythm and blues|Rock music|Music (parent topic)|Pop music|Soul music"
336,UCKWSVTM246GtlAm3N5OgxpA,"python archive - Topic",,2025-12-23T15:58:33.576106Z,,,48,1,2,https://yt3.ggpht.com/DCIt4_EuMrLnpS6HoIKZF7rEOQJQc2aj_v9sSuRiRRvvnDtjPec1LvLd2H-qNEwxwnUoO4BJOA=s800-c-k-c0x00ffffff-no-rj,,"Music (parent topic)|Hip hop music"
337,UC99N4jVJ2UssK9JwM3dMy3Q,"Python Old School","Aprenda Python da forma mais intuitiva! Lets Coding Python! ",2012-04-04T22:55:01Z,,BR,1958,26,6,https://yt3.ggpht.com/2S2BA6VkYExz-SP2adQJ86P8kgFzh2Ecuo0A5fSUucavqUpZ1yjQUkYYOEfn0TIVKKIHyKUo=s800-c-k-c0x00ffffff-no-rj,"Python|python3|programação|desenvolvedor|fulstack|programador|programar|script|back end|front end|data science|machine learning","Technology|Knowledge|Lifestyle (parent topic)"
338,UCvYX2jXLodr0j6KSI29VJKg,"mundo do python","Esse canal é sobre o básico do python",2018-02-10T21:38:55Z,,,730,7,1,https://yt3.ggpht.com/ytc/AIdro_khgOlNatQqVlTp22pn7r6Gwt6nSu3M4huRLeiWZQNd6Q=s800-c-k-c0x00ffffff-no-rj,,
339,UCk4hrjZSv96a-FybmSSBbvA,"python programming","Computer language ",2022-02-03T14:13:22.22303Z,,,4255,22,6,https://yt3.ggpht.com/6MX903mDaPM0Se_m-c8ixVG_S3pZKz7nvyL2eHsxQatMlVgx9jgM8ayN8UifAzY8VUlxEdoy=s800-c-k-c0x00ffffff-no-rj,"Computer|Java|Paython|C++|Computer language|Core Java|C language|HTML python|All languages computer","Lifestyle (parent topic)|Fitness"
340,UCGwxqMBUBKriuBDPZ_pzGsQ,"Python - Topic",,2022-06-23T18:29:11.031888Z,,,853,10,3,https://yt3.ggpht.com/bEOtgt5iPTm4CbxA8rHMFb6wjGX_yQWu-N-Eo_Ms8X-H2nL6wzmG4jx9YZPp-TCnn0-IjYJ6=s800-c-k-c0x00ffffff-no-rj,,"Music (parent topic)|Hip hop music"
341,UCZRcpahINUQNg9pK3DAG38w,"Python - Topic",,2022-07-04T10:14:22.801017Z,,,353578,84,13,https://yt3.ggpht.com/fcoS8VgUF1f2dqCtpACkR0zwIiZiKR6XLIkKxCvVX34GT5hbyHb9njEeFR1tCAdap60ZXn4u=s800-c-k-c0x00ffffff-no-rj,,"Music (parent topic)|Hip hop music"
342,UCdqsPtPPadZsk0KYBAbazbQ,"Python Learning ","Hi, Friends I like a python programming language and it's releted graphics and other Usefull shorts and Long Video I am other languages learn Ex. C, C++, Java, HTML, SCC, ",2022-12-25T07:07:17.596679Z,nl,,28235,92,208,https://yt3.ggpht.com/JZnxOtEYMfbzZmWPiQ2nCSTB3I24kCqTqU5BYZf73h3aTEZ1INB2W6bA8WZrl2DgEufWDNsHFA=s800-c-k-c0x00ffffff-no-rj,,"Knowledge|Technology|Lifestyle (parent topic)"
343,UCJYyFYnjU6n4OUOs_yXEHTg,"python edit",,2025-12-28T05:23:08.121729Z,,,1435,2,1,https://yt3.ggpht.com/OzcAzFH3VHXdR4c3nN-akQ58X-JnZXy6PoUzoMdh_C7KhNH5Y2timCh4-CXh71OVEF1XAoiw=s800-c-k-c0x00ffffff-no-rj,,
344,UC0J4Up_Gz1eAUiqVSV0lkvA,"Python Lover🎯","print('Hello, Guys!') Python is an interpreted high-level general-purpose programming language. Its design philosophy emphasizes code readability with its use of significant indentation. Its language constructs as well as its object-oriented approach aim to help programmers write clear, logical code for small and large-scale projects.",2021-12-22T16:14:36.149011Z,,,37,0,1,https://yt3.ggpht.com/28Q1YcIb5Sj0Xo2nPn8Qp0pXAzN40Znbs0pfrP3cKgA3BUCeb94XD66xAAmoOp2c7LJeEfcPRQ=s800-c-k-c0x00ffffff-no-rj,,
345,UCWmpKw9qTMYWN_UJUzII7pg,"Python pro",,2025-12-25T17:51:51.173146Z,,,0,0,1,https://yt3.ggpht.com/ytc/AIdro_kumUAO-vDqQ2LEQWnE98-Xq0zXVpU65GxPkF_IPO9-vNgWNB8GdeOI-ErUh6jDMTWOLQ=s800-c-k-c0x00ffffff-no-rj,,
346,UCeFrp5ivtnJYQWe6-48eaUg,"Python Tutorail","!! My channel is for Python learning.!! Python is a high-level, interpreted programming language known for its simplicity and readability. Created by Guido van Rossum and first released in 1991, Python has become one of the most widely used programming languages due to its versatility and ease of use. ",2025-03-02T06:51:37.610039Z,,,21,9,1,https://yt3.ggpht.com/1AznEAQCcOPyfbf68ZP1oPudlGC15uxVGtZvGUjgWL_yFWD14PnHCu5RdzzjZ4jiyfs9E1V5=s800-c-k-c0x00ffffff-no-rj,,
347,UCwmis60bdWQxaaoz4VuoTnw,"Python - Topic",,2022-01-15T10:19:56.116846Z,,,0,0,0,https://yt3.ggpht.com/ytc/AIdro_mudJBOukNXf6EwU9s9qkSmrQeXVMInDb6nJZWhI4Ee75BBlCMMDWOLtD2fTJpyUniYrg=s800-c-k-c0x00ffffff-no-rj,,
348,UCZfMvdDakl115ypPhkTuFBQ,"@student python and other programs ","computer programing language High level language example python programming, c language programming, database management system, other programming language ke bare me padhenge in Hindi ",2024-05-12T11:43:12.270076Z,,,247,0,2,https://yt3.ggpht.com/mcDZqfdPs45Lp8GJKs26lMi_xePCguJ6o0-bmPgZ1kL95OWR5U_08wdWIsdxHsaGzRQ5xLQC=s800-c-k-c0x00ffffff-no-rj,,
349,UCyO1ymn-Hlcizw5g1WTTcRg,"Python - Topic",,2025-03-09T10:01:49.250561Z,,,4356,8,7,https://yt3.ggpht.com/9Ytw76g3wUkW0QtkLY9Uw-LMt_FB0f98QyxoCQu59r_IsJ78qX5mSKrAA84OgWR1JmHOpJcKtw=s800-c-k-c0x00ffffff-no-rj,,"Music (parent topic)|Electronic music"
350,UCI_rN8ykSbiWAHBI17uWRCg,"Python - Topic",,2022-06-23T18:27:29.942968Z,,,0,0,0,https://yt3.ggpht.com/ytc/AIdro_l1zU22StKNf871dicTQBDk4x19Yspedvo2dT3lgfSr6SUuLOsP9TA7e55SMaN_kxlqmQ=s800-c-k-c0x00ffffff-no-rj,,"Music (parent topic)|Hip hop music"
351,UCEmZ9jkDSbJMPxOhCNs2CCA,"LP Python","Canal dedicado a repteis em geral, principalmente criados por mim, marioritariamente serpentes, peixes e geckos. Talvez com o tempo aumente a minha coleÇao pessoal. Espero que este canal sirva para vos ajudar a aprender mais com a minha experiencia de alguns anos ja com Python, e me ajude a mim tambem a descobrir novos animais talvez e novas tecnicas.",2020-04-07T19:26:25.556282Z,,CH,1129,25,6,https://yt3.ggpht.com/ytc/AIdro_n0NQth_aRkW21zSe-4uOYf61YE6Phvo1kfnpCz85ZIyA=s800-c-k-c0x00ffffff-no-rj,"Python|Serpente|Animais|Exotico|Fauna|Peixes|Gecko|Ball Python|Python regius","Lifestyle (parent topic)"
352,UCsLyksHc9hOjFtKAlp6JRtg,"Python - Topic",,2022-07-21T10:05:32.264081Z,,,28,0,1,https://yt3.ggpht.com/WJK3uVeRV-IMqsoq-vbT-MNH_qjMAWRROYD23qMzm3q--zVJvXbWtJ-ytkpEtOPW_Bm_a2UV2g=s800-c-k-c0x00ffffff-no-rj,,
353,UC2Xfz5J65wnFYZO0SZGXAqQ,"Python - Topic",,2022-10-14T18:41:32.974963Z,,,277,0,6,https://yt3.ggpht.com/B2MdWcwlsG3djDuR9qL-zwCu7uBTlRT3k78aW9MCrkN-dghUb9siF1muQqC4n0jj0H6ZXKeS=s800-c-k-c0x00ffffff-no-rj,,"Music (parent topic)|Electronic music"
354,UCrIY9aPqIw7QIs2kP5emyMg,"پایتون از صفر(Python from Zero)","🔍 درباره کانال ما: کانال ""پایتون از صفر"" به شما این امکان را می‌دهد که دنیای برنامه‌نویسی را از پایه آغاز کنید. ما با آموزش‌های جامع و گام به گام، شما را در یادگیری زبان پایتون همراهی می‌کنیم. با ویدئوهای آموزشی، پروژه‌های عملی و چالش‌های کدنویسی، شما به یک برنامه‌نویس حرفه‌ای تبدیل خواهید شد. بیایید با هم به دنیای هیجان‌انگیز پایتون سفر کنیم! 🔍 About Our Channel: ""Python from Zero"" gives you the opportunity to start your programming journey from scratch. We guide you through comprehensive step-by-step tutorials, helping you master the Python language. With our educational videos, practical projects, and coding challenges, you'll become a professional programmer. Let's embark on this exciting journey into the world of Python together! ",2024-10-04T16:21:16.350334Z,,US,1425,79,43,https://yt3.ggpht.com/v6aGQL_RI8CRTIyS7bJ5y4GLVGdHr7wSrlixe4L1sjWWgIRRMk6J0jYPYu5wcC73BdH-Lkl2EA=s800-c-k-c0x00ffffff-no-rj,"آموزش پایتون|پایتون از صفر تا صد|آموزش پایتون برای مبتدیان|برنامه نویسی پایتون|پایتون رایگان|پایتون پیشرفته|آموزش گام به گام پایتون|پایتون در عمل|پایتون برای تحلیل داده|پایتون برای علوم داده|آموزش پروژه محور پایتون|پایتون و یادگیری ماشین|پایتون برای هوش مصنوعی|کد نویسی پایتون","Lifestyle (parent topic)|Knowledge|Technology"
355,UC6VpMPI1XnNsDRBKELOupTA,"Python - Topic",,2022-10-14T19:14:30.058861Z,,,267,1,2,https://yt3.ggpht.com/ULsPKxfs7At6Fl3SPp5QHmiBq43aJqtPfdqup92pm4DBBFjVTWOypVbo8oLfQckvfB84H-Pc=s800-c-k-c0x00ffffff-no-rj,,"Reggae|Hip hop music|Pop music|Music (parent topic)"
356,UCtLsqUjFFc4UgGv_wqDo90A,"Python - Topic",,2015-09-18T15:43:43Z,,,5967,10,59,https://yt3.ggpht.com/b4h9bfhZbpVhqUXyxF6frRcRCxaEqEfKwRXpFLMA0L7I2M4W1KhoJvTt99j4yld0OY7h3Nl2=s800-c-k-c0x00ffffff-no-rj,,"Reggae|Pop music|Music (parent topic)|Hip hop music|Soul music"
357,UCvplDhHFsnFlR1TszTxRahg,"Python course for growing your Pythonic muscles","This channel takes you through a easy-to-learn tutorial of the Python pogramming language to pave the way for your to kickstart your programming journey. Here you will learn all the necessary language features and programming concepts in Pyton and see loads of examples that showcase the power of this lovely language.",2022-11-16T21:06:17.308857Z,,AU,895,10,11,https://yt3.ggpht.com/xu7QMhQ66Y_7_Hua8QKBFJU7X2MED_w6Uj7n72EZ5YTvZkGU8Xq0BgP1ywTpTsk6CK7-z-vMyw=s800-c-k-c0x00ffffff-no-rj,tutorial|Python|programming|learning|beginners,"Lifestyle (parent topic)|Knowledge|Technology"
358,UCwIy0u6Yj_JoFnMyNCYLMww,"Python bs","Welcome to our gaming channel, where we specialize in Brawl Stars content! Join us for exciting gameplay, tips and tricks, and strategy guides to help you dominate in this popular mobile game. Whether you're a beginner looking to improve your skills or a seasoned player seeking new strategies, our videos have something for everyone. Don't forget to hit that subscribe button to stay up to date with the latest gaming videos! #GamingVideo #Subscribe Business Inquiry - pythonbs66@gmail.com",2025-12-28T13:31:11.921941Z,,IN,0,7,1,https://yt3.ggpht.com/I_xIo8zxgd4BDa5DKapda1BJFYTj_pqugv8k9qbwJ91NmxFXpFt7SNEXfU1BZEoty4NO1pFOhw=s800-c-k-c0x00ffffff-no-rj,"BS|Supercell|Brawl Stars|Mobile Gaming|3v3 Multiplayer|New Brawler|Brawl Stars Gameplay|Trophy pushing",
359,UCpIzbsIPbGdi4uSa505CEiA,"Deathless Python","Hi, Friends from this channel you Learn Python Programming Language, Web Designing & Web Development and many more things related to Computer Science. Deathless Python ",2021-06-06T05:45:27.792886Z,,,524,43,4,https://yt3.ggpht.com/q6gMj2arYjXdbW63UjwW8wK4PvM9DY_wVOrcfd7_6XWtGuPJM5t40qhdZziu12l3PYXhRSOg=s800-c-k-c0x00ffffff-no-rj,,"Technology|Lifestyle (parent topic)"
360,UCv24ClYLNdnyQAbIUVEb3ZA,"magic of Python ","welcome Friends 👋 instagram:- magic of Python ",2025-12-22T01:13:10.48228Z,,,22,0,1,https://yt3.ggpht.com/O83cx8byvMmWBBwIy-N3oZnP3F7orOqQEWtjvSwgPouiuBBlh0MY4SdyKuFbN1fSIrizvt_XyAI=s800-c-k-c0x00ffffff-no-rj,,
361,UCZGjQbLyk6kuXcI69fWtGTw,"Python - Topic",,2024-05-03T23:03:57.980892Z,,,88,0,4,https://yt3.ggpht.com/LhEU3SeRsyK8DfJKYRvN6TWWZyJHoyY35suU--dsoHRNJKyCcP8RyqP2kHPlV8RshVP0BWtIuNE=s800-c-k-c0x00ffffff-no-rj,,"Electronic music|Pop music|Music (parent topic)"
362,UCcTgvuZGp3QhFEz-uaWKyrA,"PYTHON BANGLA","I AM MD. SAADMAN GALIB RABBI. I READ IN CLASS NINE. I LIKE PYTHON PROGRAMMING LANGUAGE VERY MUCH. SO I WILL SHARE PYTHON IN BANGLA TO ALL OF YOU. THANK YOU.",2020-09-14T01:08:16.453995Z,,BD,0,49,0,https://yt3.ggpht.com/ytc/AIdro_mUDFjWrxKEefNY1WQGErKOE18IGdTqPa7NCmCm1Z8E6A=s800-c-k-c0x00ffffff-no-rj,,"Lifestyle (parent topic)|Knowledge|Technology"
363,UC-TJZs823o5n_0jgwiJcuMQ,"Python with dev sir ","""Welcome to 'Python with Dev' – your go-to destination for all things Python programming! Join me on this journey as we explore the ins and outs of Python development, unraveling the power of this versatile language. From beginner-friendly tutorials to advanced coding techniques, let's dive deep into the world of Python together and elevate your programming skills. Whether you're a seasoned developer or just starting, 'Python with Dev' is here to guide you on your coding adventure. Subscribe now for a blend of insightful learning and practical coding tips!""",2023-12-14T13:25:42.357532Z,,IN,21,4,2,https://yt3.ggpht.com/tpGkkleWlt3Zb1RFYqexiv6QtUHa9A3Wh37tF5glakr-FoI0uwtuHm_vSYwfdgfyjw7Fesla=s800-c-k-c0x00ffffff-no-rj,"python for beginners|python full course|python code with harry|python for beginners in tamil|python projects|python programming|python advanced programming|python attack|python api|python advanced|python app development|python ai|a python program|a python project|python basics|python basics for beginners|python beginners|python bro code|python coding|python class 12|python developer roadmap|python developer|python download for windows 11",
364,UCsBpEY50N1vm0G3PTwWhoow,"HOT PYTHON FF","Bem vindos me ajudem se inscrevendo pfv https://youtu.be/sRQeRR04pSI",2020-04-12T15:43:29.798442Z,,,721,199,4,https://yt3.ggpht.com/ytc/AIdro_mPOC05julchRKn5IAimymrqT7-WsNazmfHXBSxhh8=s800-c-k-c0x00ffffff-no-rj,,"Action game|Gaming (parent topic)|Action-adventure game|Role-playing video game"
365,UCO0Dlya863gM2SZfzD2ciHw,"Python, C Programmer","This channel is all about Python and C++ Programming, and also about tech and futher also about AI and ML",2020-06-21T03:26:24.716739Z,,IN,115,11,3,https://yt3.ggpht.com/ytc/AIdro_n2xZY4SsRYIZvDsTpV26MeyCKcInoPPyn8GeQBnpulHA=s800-c-k-c0x00ffffff-no-rj,,"Technology|Knowledge|Lifestyle (parent topic)"
366,UCsjWWtVj2tMozlUhNb31h1w,"Ali python","((Programming is the language of the future))",2024-03-01T19:01:24.098574Z,,,106,3,1,https://yt3.ggpht.com/ei9QrG58qxdThUeGfPajEDWM4jiLBrI-INKssTGjMY480CbgVYSK_KRGn3qJKfIq70lPVPgeWA=s800-c-k-c0x00ffffff-no-rj,,
367,UC050LReYQx_Z4UhWz3Ljv7w,"Python the Cooker - Topic",,2020-10-29T10:26:28.286922Z,,,1000,9,75,https://yt3.ggpht.com/kHMAEDGX17JgbJnq6s2YncCrgqW0DUHGNsRfaSYMk64rxJbCkzyhbELx7Vf9KsmKMpBqa6Okng=s800-c-k-c0x00ffffff-no-rj,,"Electronic music|Music (parent topic)|Independent music"
368,UCLzvpDfhwGXno_SxMcwmyew,"PyThon RoaSteR","Hello friends this is programmer bwake!! This is my first youtube page hope u interest in it and Plzz do not forget to like and subscribe..",2019-02-15T05:39:25Z,,,115,18,2,https://yt3.ggpht.com/ytc/AIdro_mv4jskDKrfNZAqv7MaRxNM9-PtSg1-YUnk2DdSWAk=s800-c-k-c0x00ffffff-no-rj,,"Lifestyle (parent topic)|Knowledge|Technology"
369,UCkMXyyGeesi2odmWE74RFQg,"CÉSAR DEV - PYTHON",,2025-12-19T22:17:17.490283Z,,,2,0,1,https://yt3.ggpht.com/9XKtYBybfuq_xleKd47DdE7pFuL3cq6cV36YZ0A3SkNId8fICqxBFSY7U1a3L4oIMKFEYZQn=s800-c-k-c0x00ffffff-no-rj,,
370,UCOM5ysHJycWk-gKBtDzUQgg,"Python Algotrader ","We will be learning about algorithmic trading here happy coding :) ",2024-01-16T16:06:38.44658Z,,IN,58,26,1,https://yt3.ggpht.com/8CpbLYXpFaW0neEqmNyePcHB8jXiL2uJRtVGeAefEHAucb0vXYk4P30sG9AViY2mreuEmvYq5Q=s800-c-k-c0x00ffffff-no-rj,,"Action game|Gaming (parent topic)|Action-adventure game|Role-playing video game"
371,UCY-FEvHcXhJjGJqC-VT3rYQ,"Código Python",,2024-08-30T16:39:03.104904Z,,,16,4,3,https://yt3.ggpht.com/7vOaoh6e5Lxlxd7QoSUmsyIZK-BJQuJkyqeNX-j9_KZrshH6nrEDpy962cqxw4DK215owD71=s800-c-k-c0x00ffffff-no-rj,,"Technology|Knowledge|Lifestyle (parent topic)"
372,UC5lgPoFAkxnA_DSHRlssX5Q,"Desenvolva Python",,2023-05-08T14:07:24.82182Z,,,55,3,2,https://yt3.ggpht.com/tWwd6s0_XHHqXhz4-K4oy38JbMw1e18KeIbWOWQOgH4LG4bfrxqsbmma4JznRZA70KU0VItf8w=s800-c-k-c0x00ffffff-no-rj,,"Lifestyle (parent topic)|Knowledge|Technology"
373,UCvnjV4iD_9LUIqML89_XsQQ,"python forex blue print","Today’s trading industry is fully dominated by high-level algorithms. Unfortunately, many retail traders are trapped using cheap “black-box” robots that lack statistical foundations, let alone operational robustness. This video is designed to completely change that paradigm. We will not waste time discussing “magic indicators” or false promises of “instant profits.” Here, we focus on real-world facts: robust infrastructure, accurate data integrity, and mathematically sound risk management. I will break down the exact blueprint I use to build bots that not only look good on paper, but are proven to survive even the harshest market conditions. We will build a quantitative “Brain” using Python and a precise “Executor” through MQL5. If you are ready to stop being a speculator and start becoming a data-driven Quantitative Trader, let’s open the first page of this blueprint.",2022-01-22T23:08:26.745516Z,id,ID,2740,19,1,https://yt3.ggpht.com/h4DQVNCT-VsdabFXPAV7VSxHGey7HN0A5ZBbnxrAXk_g0WV6MlhEhctdnPFpxwi1mYOh-DzD0w=s800-c-k-c0x00ffffff-no-rj,"python|bot|beginner|strategy|tutorial|simple|traderpy|trading|algo|trading|tutorial|scalping|forex|money|python learning|python programming|python software|python trading bot|trading bot|algorithmic trading|python trading bot tutorial|python trading|build python trading bot|automated trading|trading algo|python programming for stock trading|trading bot python|algo trading|trading strategies|price action|live day trading|how to make money trading",Knowledge
374,UCvDGuGslgp59rLJ8IEQZE7w,"Senac Python","Python Básico para iniciantes da programação. https://www.youtube.com/@SenacPython?sub%20confirmation=1 ",2024-10-26T11:27:39.898773Z,,BR,85,26,3,https://yt3.ggpht.com/ClTuy_uauN1O90tYrBBHX86f9NBLfiPcF5NucnYn5BiQgbZ_KiK_TAFY5707Vc9lHsOd52j7qg=s800-c-k-c0x00ffffff-no-rj,"python|iniciantes|linguagem de programação","Technology|Knowledge|Lifestyle (parent topic)"
375,UCpMffkjeu52om8mB-POCovQ,Python__z,"Somos um canal sobre Python, ajudamos você a compreender a linguagem mais procurada pelas empresas",2017-11-22T00:42:42Z,,,0,85,0,https://yt3.ggpht.com/gpgCaGGUduJw5-BE0h76HCtfR4RDA4r6YBhsk9qkLI2p3wUXv3MaV-8fjOOFFHuVFSh8Tg4pelY=s800-c-k-c0x00ffffff-no-rj,,
376,UCAjvTtgSK_-UnVYagOnVFvg,"Amazing Python projects",,2021-01-12T15:35:13.550167Z,,,119,403,6,https://yt3.ggpht.com/_YdxcoF4QxuUGGOh4VxdMyzXIFOkv2qpJ2jw9ybKoDplD8TTuaH5wm3org_52Mvu2hbJnYnk=s800-c-k-c0x00ffffff-no-rj,,"Entertainment (parent topic)|Technology|Movies|Lifestyle (parent topic)"
377,UCt_tuE_YmEVJF3Sew5hQZ5Q,"That Python Teacher","Welcome to That Python Teacher (prev Poieo Dev), your go-to channel for learning how to code with Python! Whether you're a complete beginner or an experienced programmer, our videos are designed to help you master the Python programming language and build practical, real-world applications. Our tutorials cover a wide range of topics, including how to code, how to program, and how to develop web applications using Django. We also explore more advanced topics like Python machine learning, computer vision, and data analysis, so you can take your skills to the next level. Our channel is perfect for anyone who wants to learn Python from scratch, as well as those who want to improve their existing skills. With our step-by-step tutorials and hands-on projects, you'll be able to apply what you learn and start building your own Python projects in no time. So, if you're ready to dive into the world of Python and start coding like a pro, be sure to subscribe to That Python Teacher today! ",2020-09-01T22:48:31.319773Z,,US,55888,610,23,https://yt3.ggpht.com/NbVSz0tNyPgMCkT3sKLnUv3kJ25uqxFVxDZJ4WQUpOOMZKrKZ372tlV8gT8rhdKEriOoNT55r14=s800-c-k-c0x00ffffff-no-rj,"Python|Django|ReactNative|Javascript|Coding for Beginners|Programming for Beginners|Software Development|How to Program|How to write code|How to Django|How to ReactNative|Django API|Creating an API with Python|Building a mobile app|how to create an app","Lifestyle (parent topic)|Knowledge|Technology"
378,UCa3DKD1kdtvSaHAYy8FtUug,"Python Engenharia e Equipamentos","Python Engenharia e Equipamentos",2021-02-23T16:14:17.219287Z,,,121,3,1,https://yt3.ggpht.com/ytc/AIdro_kRIAwgK_A-CGoKUDv26MJzQpAs-x6eJM2i-X7s8ahfRw=s800-c-k-c0x00ffffff-no-rj,,
379,UC3RM7ELrBuNmjrf-3rzinow,"Python Freaks","Welcome to Python Freaks. This is Ravi, I have started this YouTube Channel to share my experience in the field of Software Testing & Automation tools to help beginners and experienced professionals. 🙏 Please share and subscribe🔔 to start learning for FREE now, Also help your friends in learning the best by suggesting this channel. Thank You !!!",2021-04-24T04:24:59.500978Z,,IN,85019,970,26,https://yt3.ggpht.com/ytc/AIdro_kark5n-Cnp-RjiyXDOSJBYJuEpuQQGpPVsgTRHX14X=s800-c-k-c0x00ffffff-no-rj,"Python Automation|Manual Testing|Automation to Manual|Selenium Automation|API Automation|Automation Interview|qa interview|Python coding|Carrier switch|Kafka testing","Technology|Knowledge|Lifestyle (parent topic)"
380,UCazm7LpxazCmPuM2V-3q15w,"Survival PYTHON ","Run & Die before SLEEP👽",2022-03-18T05:26:28.249574Z,,,979,4,6,https://yt3.ggpht.com/DsVWQTWzM4LMmiIwB2-YmglGsLHx5iHCniRTkiaaRo--_S8g_EJd0-obS_VMpyx-W08EvUUQPgs=s800-c-k-c0x00ffffff-no-rj,,
381,UCsX2xcBVVjVLgUBvqAXEmIA,"Python TV",,2025-12-28T10:43:31.426336Z,,,0,0,1,https://yt3.ggpht.com/ytc/AIdro_mymR-MbSZiXcxemf76BWkS2_J1h-FgBePsVD9r7FjOXZDjU4qX1ONi8S2eqHfN6i8s0w=s800-c-k-c0x00ffffff-no-rj,,
382,UCEbW5iOjvhQ26GLuY9bWIVw,PYTHON.7,"CRICKET EDITS|| TARGET🎯-1K",2025-12-29T03:15:15.9Z,,,0,0,1,https://yt3.ggpht.com/oNqR9u10YMU-_-VPQOtS0-tgSCxxUPfQhd5MKdGV_IFD9pwl1PmZcRlGlVjn08VnVg4WVLteXA=s800-c-k-c0x00ffffff-no-rj,,
383,UCzlv_UO_BblvEJlTx2N1Y6Q,"Python the Cooker, Pythonetta - Topic",,2022-04-06T17:42:33.88694Z,,,0,1,0,https://yt3.ggpht.com/ytc/AIdro_lPzli4dJG5cLnw96ruYoBNm3_5_eD8i8XDpv7ulgomHNDYGeHCJcNCTE1xkfCyWJwrCw=s800-c-k-c0x00ffffff-no-rj,,
384,UCyJ_GIgynjK0k333EnYXVyA,"matematica e fisica com python","Canal destinado á programação e aprendizado de Física, Matemática. estamos em constante aprendizado, por isso, qualquer sugestão, favor deixar comentários conscrutivos. Aproveitem o conteúdo!!",2020-08-06T22:29:54.379133Z,,,428,4,1,https://yt3.ggpht.com/ytc/AIdro_lBSnD9SEAKleQ8l5Y_KZMJVkFAcmceOAVUKlqxeA0CNQ=s800-c-k-c0x00ffffff-no-rj,,
385,UCnOi_SZBWahOX5OiW_8TCPw,"Python For Developers","Welcome ... this channel is dedicated to a full explanation of the Python programming language, starting with you from level Zero to the Mastery and professional. All videos are divided into levels, we will cover everything about the Python, whether it's the basics, web development, AI, modules, Automation, Data Scorting, and much more within this channel. To follow all videos, please subscribe to the channel to get you all new ."" PythonforDevelopers "" مرحبا بكم … هذه القناة مخصصة لشرح كورس كامل عن لغة البرمجة البايثون وهو كورس مدفوع علي منصة udemy لمحاضر يدعي andrie قمت بترجمته ورفعه لكم لمن لا يستطيع دفع ثمنه وليس لدي اي غرض ربحي او مادي تجاه نشره ، يبدأ معك من المستوي صفر الي الاتقان والاحترافية . كل الفيديوهات مقسمة الي مستويات ، سوف نتناول من خلالها كل ما يتعلق بالبايثون سواء كانت الاساسيات وكذلك تطوير الويب وكذلك AI وكذلك Modules بالاضافة الي Automation وكذلك Data Scraping والكثير والكثير داخل هذه القناة . لمتابعة كل الفيديوهات الرجاء الاشتراك في القناة ليصلك كل جديد . ",2020-10-01T11:44:42.95776Z,en-GB,,1610,143,34,https://yt3.ggpht.com/ytc/AIdro_kGQTX8l4qdZ1_cQdl-gfrC2PvHeTPnI3_ETMBJrV2SGQ=s800-c-k-c0x00ffffff-no-rj,"Python|بايثون|Python For Developers|Full Python Course|شرح بايثون","Technology|Knowledge|Lifestyle (parent topic)"
386,UCr_-VuEDnpqBG_wgZFua5BQ,"NSE PYTHON","Live de Gta V todos os dias as 18:00! #ps4",2018-09-17T23:19:22Z,,BR,0,28,0,https://yt3.ggpht.com/ytc/AIdro_lqifJMiAqJebz5d8Eqv3jHULm5Y5quI3gyWqK2QKVqvw=s800-c-k-c0x00ffffff-no-rj,FREE|FIRE,
387,UCgLB_YBGjt98HjAs3hA3jOA,"Zen Of Python - Topic",,2023-06-12T19:31:19.417432Z,,,147,0,68,https://yt3.ggpht.com/SDpjWRavgbKZdidrJY37K4FUDI4UpDN0FoA5PrzOaUnf7iajtggriEKW0zqUGpsOHNR_5b1c=s800-c-k-c0x00ffffff-no-rj,,"Electronic music|Rock music|Music (parent topic)"
388,UCGwbtgcNJ1BMxR-KSsS8lKg,"Alexandra Python - Topic",,2024-01-04T20:48:07.308699Z,,,494,8,8,https://yt3.ggpht.com/niYDmch2E7XhPJA2-ryz4aQZUVVxHkObJfTcsDPVLO-igH5-2KTPP0m-0qTF-PQljdGiA-RBvw=s800-c-k-c0x00ffffff-no-rj,,"Electronic music|Jazz|Independent music|Music (parent topic)|Pop music"
389,UCvN4IM23yhkTmOkUKMew9-g,"Python para Vida","Canal dedicado a compartilhar conhecimentos incríveis de Python, com amor e diversão. ",2020-03-22T03:41:15.663127Z,,,137,8,13,https://yt3.ggpht.com/ytc/AIdro_kpq4WsHy-Uc78PUCwswS5qXeq2z6cuXHVE4GPKdH0ZMw=s800-c-k-c0x00ffffff-no-rj,,"Lifestyle (parent topic)|Knowledge|Technology"
390,UCeMZ8l7akvL3aaL7zYHMbeQ,"Python Logic Lab","Python Explained is a learning-focused channel where Python concepts are broken down through smart quizzes, quick challenges, and clear explanations. This channel is designed to help you: 🧠 Think like a Python programmer 🧪 Test your knowledge with short Python quizzes ⚡ Learn common pitfalls, tricky outputs, and hidden details 🚀 Improve your Python skills step by step Most videos are quiz-based, asking you to predict the output, spot errors, or choose the correct logic — then explaining why the answer works. Perfect for: Beginners learning Python Intermediate learners sharpening logic Anyone preparing for interviews or exams 📚 Learn Python by thinking, not memorizing. 🎯 Short, clear, and effective Python lessons. ",2023-04-09T15:40:55.432569Z,,TR,881,1,12,https://yt3.ggpht.com/IpSVAznKXutgU3x59tuouz-LBijrISMI-dA3fn7JsbLE8muBZ9bTCizgDEWKchmU_-IMml0K=s800-c-k-c0x00ffffff-no-rj,"Python Öğren|Türkçe Python","Technology|Knowledge|Lifestyle (parent topic)"
391,UCLa0vkDRtLotu4xrX7kAeXA,"Salcy Python - Topic",,2021-12-08T20:19:34.179366Z,,,1033,12,21,https://yt3.ggpht.com/hd9ZVGBtOMnBEyGe_zKNz6G1lUy9gI4j-em3XbDkzXpqfNVUQ-Uh9NGWmeraXgp4Dkyj1joCIPI=s800-c-k-c0x00ffffff-no-rj,,"Electronic music|Rock music|Independent music|Music (parent topic)|Soul music|Pop music"
392,UCNfb0fg5XmfQjhJia9vUuIA,"DURKS PYTHON TUTORIAL ",,2025-12-22T15:29:05.340298Z,,,8,1,1,https://yt3.ggpht.com/m3z-NS1daP5c8C68CJdIpUdRFLsINxvtWzBGjVTsho0TMdy5InUVGotAQ5JmST7tSPpdUlHE=s800-c-k-c0x00ffffff-no-rj,,
393,UCmFHya-OebOPJjDTfFiLtlQ,"Python Direto ao Ponto!","🐍 Bem-vindo ao meu canal de Python! Aqui, você encontrará tutoriais diretos e objetivos, com explicações detalhadas sobre lógicas e soluções em Python. Aprenda de forma rápida e eficaz, sem rodeios. Vamos direto ao ponto! 🚀🚀🚀",2016-10-16T19:11:18Z,,,5449,75,2,https://yt3.ggpht.com/aUCstbpmgzzks7hT6WS0nMqO0jAr0AiRCbIlfaFLMVM5_2o_84tP5FypCwMlVmgjQbi8v1FKMw=s800-c-k-c0x00ffffff-no-rj,,"Lifestyle (parent topic)|Knowledge|Technology"
394,UCcZWk7i1kBHb7rz_EwN5z9g,"Python Robotica",,2014-05-23T11:34:02Z,,,1214,17,2,https://yt3.ggpht.com/ytc/AIdro_mmzmbPlBaKYmKFQG-c_iSzSC6AIrA2fHg7PubSA0e9FA=s800-c-k-c0x00ffffff-no-rj,,"Knowledge|Technology|Lifestyle (parent topic)"
395,UCyecUf0UDNPmvyYh3sLdUyg,"Python Fly",,2025-09-15T14:33:49.914769Z,,,14922,14,15,https://yt3.ggpht.com/-QhJZE_kjy31CHKT0HfA83xDlVIh5cH13ALufPiO20HwjFgi7v2rZY25yNCaj9gToMb0Lp9VaQ=s800-c-k-c0x00ffffff-no-rj,,"Hobby|Lifestyle (parent topic)"
396,UCYUodTjn3ECeC1zQuyiN4KA,"The python ","My channel is dedicated to computer science, history and literature and much more ..............., I am fascinated by the insights of historical characters, those who have a strong character such as Ahmad Shah Massoud, Admiral 1st Viscount H.Nelson, Mikhail Gorbachev, Napoleon Bonaparte and many more. I collect and connect the dots through various subjects and from various timelines into various forms to collect and ruminate on them. This the only channel you'll find something seriously GREAT! War and Peace go hand in hand, an eye for an eye and a tooth for a tooth. ",2024-02-22T18:30:40.808297Z,,,46,2,2,https://yt3.ggpht.com/Ib8-Ddy1dokXEwQHRKc5p42TNJxvWhXnlqSwzItl0FqM8dWb13ZkPF-b97tMJXGiESf26DIO=s800-c-k-c0x00ffffff-no-rj,"Books|History|literature|Computers|Napoleon|Churchill|Hirohito|python programming|C programming|C++ programming|Military History|Afghan history|German history|european history|Tank warfare|naval battles|Japanese history|Soviet union|Horatio nelson|Ahmad Shah Massoud|Soviet-Afghan war",
397,UCQcOhS87I1jTzHuwzFzQb7Q,"python boy","https://www.youtube.com/@KishorJagtap-r7v ",2025-12-09T18:26:11.149956Z,,,16765,27,44,https://yt3.ggpht.com/s1At45fHEBiUOTfokzwmde6apEpxvYSOVfWqikyjeXMLRzi68o_CfSqjoxYOZX8KjBMVCkpk=s800-c-k-c0x00ffffff-no-rj,,
398,UC5egm-vwkn5Wbpyo0SRxhgg,"Pós Python UTFPR",,2021-03-03T19:24:35.218793Z,,BR,152,13,1,https://yt3.ggpht.com/ytc/AIdro_lbM-OqDazfOn8FFUVlSvzx72WeMiGYgs_-NySUNDT-qA=s800-c-k-c0x00ffffff-no-rj,"especialização|pós-graduação|python|négocios|startup|EaD|online|UTFPR|ciência da computação",
399,UCI8VPIwrJgUcLTy7yiAUXow,"Python Baba","Always ready to explore games",2023-11-17T16:11:23.481594Z,,,329,32,5,https://yt3.ggpht.com/wbEDJpm7wGQzXkQOZFV76mYE78qxHUOPwJreDrGREPUmiy5PGyTrKsonyxYeVtjrcNu-xn4cMLE=s800-c-k-c0x00ffffff-no-rj,,"Action game|Gaming (parent topic)|Action-adventure game"
400,UC3GXAHlVpzpx_Cbi0hr3lUw,Dash_Master,"Welcome to DCoder_101, where coding meets creativity 💻⚡ I make programming simple, fun, and beginner-friendly — from Python basics to Object-Oriented Programming, mini-games, and real-world projects. Whether you’re just starting out or already coding, you’ll learn how to: Build cool projects step by step 🕹️ Understand programming logic easily 🧩 Explore Python, OOP, and automation 🔥 🎥 New videos every week! Subscribe and join our growing community of young coders and tech lovers! #python #programming #tech #coding #learnpython #gamedev #pythonprojects ",2024-11-02T22:45:43.041105Z,,,1303,11,10,https://yt3.ggpht.com/E0y4ADFRrfI5gM3LP0EPWQxmW4QeEeSpKyZUgZ7hxGkuUBe5kFia67JtDHkCY6f497p6WLL0Sw=s800-c-k-c0x00ffffff-no-rj,,"Lifestyle (parent topic)|Knowledge|Technology"
401,UCItoWdvQ6FTXUm7uiSbk-hw,"python projects",,2025-12-27T10:25:44.297273Z,,,2,0,1,https://yt3.ggpht.com/ytc/AIdro_nDqhbIyIWAyptFqRBwVKo6rIlCzFIeDw6eepXtVwS-SYedeW9eMKnjq4SvpfWdiA7_jw=s800-c-k-c0x00ffffff-no-rj,,
402,UCwEJjTH2oObzaMo0NZxDrHA,"Flashy Python - Topic",,2013-12-19T05:09:51Z,,,8690,39,11,https://yt3.ggpht.com/i62qRWHAiiiUKnRYmyOHJOXajEnyYeL1MEME0JuacG5rKoxFkrqAsOjh25OUlT2HXXmQ3psreA=s800-c-k-c0x00ffffff-no-rj,,"Music (parent topic)|Independent music|Pop music|Rock music"
403,UCxTue8UH8CZYIUMEmcUpFog,"Pymistry - Python para Químicos","Olá! Chámome David Ferro, e son postdoc na universidade de Santiago de Compostela (USC). Neste momentos dedicome á programación de código dentro do grupo de Química Cuántica e Computacional. Nesta canle podedes atopar video sobre principios básicos de programación en Python, asociados á materia de ""Estatística Aplicada e Informática para Químicos"" do primeiro curso do grao en Química da USC. Espero que os videos os sexan de axuda a todas e a todos. Unha aperta moi grande!",2020-03-25T20:07:09.466169Z,,,1483,53,12,https://yt3.ggpht.com/ytc/AIdro_mhPavAD4BBik-mC6Wo5o_V6PHsJGxr00V_SXEkaV4UpQ=s800-c-k-c0x00ffffff-no-rj,,"Lifestyle (parent topic)|Knowledge|Technology"
404,UCsv1cibAIPUXB9e1e_SR6Eg,"Rick and Python","print('Oi, S2')",2021-03-29T20:27:00.743176Z,,BR,2203,75,2,https://yt3.ggpht.com/n9O6o5ywBtlMOH2QY5nnizYE-ibVMp8LJ9UEfDVT24iLIdHZ9YZUIVIgNpkMx0M61QTRrbvY=s800-c-k-c0x00ffffff-no-rj,Programação|robos|tutoriais|entretenimento,
405,UC0W54--pz1892N4YrxZbz1w,"Aluno Curso Python",,2022-12-21T20:47:19.656193Z,,,1,0,2,https://yt3.ggpht.com/ytc/AIdro_li0yM6cYLIOWjD11MRFrJBTyO1UpGuxl0HXyI_Shaix_AohWC1X6iVYA2plRVEmtsyaw=s800-c-k-c0x00ffffff-no-rj,,
406,UCEpyFa7f0KWGYEpTv0OZvtQ,"Krish Gour","🚀 Learn Python in 60 seconds! 👨‍💻 Python Shorts | Coding Tricks | Interview Concepts 🤖 AI • ML • Data Science (Beginner Friendly) 🎓 BE Student | Aspiring Full Stack Developer 🔥 Daily Python Shorts 📌 Follow to master coding step-by-step",2025-12-14T08:09:04.823358Z,,IN,10807,13,17,https://yt3.ggpht.com/bMWZ6KPnQOCiJ03yH3lxy5Cwb98-BYYsBNZlrT4UTpibWLVjUvAFBj2aZ8Pld2Gjax7rqLXz=s800-c-k-c0x00ffffff-no-rj,"coding shorts|programming shorts|python shorts|javascript shorts learn coding coding for beginners|programming tips|coding mistakes|coding facts|tech shorts","Lifestyle (parent topic)|Technology"
407,UC9NUZoA-lXjuCWBCqGK846g,"Luiz Guilherme Python","Aqui traremos eventualmente conteúdos sobre a linguagem Python em Português Brasileiro. Se quiser adicionar seu vídeo fale com a gente!",2021-04-19T00:37:07.914288Z,,,151,12,3,https://yt3.ggpht.com/ytc/AIdro_nhWckoWLIWb6eeRacJYySgOpawzUJdZ6NHQrQTfoXEhg=s800-c-k-c0x00ffffff-no-rj,,"Technology|Knowledge|Lifestyle (parent topic)"
408,UChtTzl1wsgKaXYRYIQ9lWvw,"mg python","1 subscribe make my life love you ",2025-07-26T08:39:09.214976Z,,,5739,20,12,https://yt3.ggpht.com/UaLYlfqo511ziPXK8HDcvkxRDKU7KjdSaHwa_i-TIBLXmUBA7NfKw_XRdj_slIz9tOT9-dYpuIk=s800-c-k-c0x00ffffff-no-rj,,"Action-adventure game|Gaming (parent topic)|Action game"
409,UCd7qr-DKCawAL5D4AdRVc_Q,"Python & Grimsoul - Topic",,2022-10-14T18:38:20.74717Z,,,0,0,0,https://yt3.ggpht.com/ytc/AIdro_lPzli4dJG5cLnw96ruYoBNm3_5_eD8i8XDpv7ulgomHNDYGeHCJcNCTE1xkfCyWJwrCw=s800-c-k-c0x00ffffff-no-rj,,
410,UClib9xDXMW05_Z66FxGEeaQ," AI Video & Python Projects: Building the Future","Welcome to our channel! Here, you'll discover exciting Python projects (using Pygame and Turtle), perfect for kids and beginners to learn programming in a fun and interactive way. We also share fascinating videos created with AI. Join us to spark creativity, explore technology, and get inspired by innovative ideas! Python is an amazing, text-based coding language, perfectly suited for children older than the age of 10. The Python libraries Turtle and Pygame are the popular ways to introduce programming to kids. These libraries enables children to create pictures and shapes by providing them with a virtual canvas. You can create nice animation projects using images that are taken from the internet, scaled-down stored as a gif-files download to the projects. This channel includes more than 100 examples and 18 lessons that introduce to the Python codes through Turtle and Pygame libraries for school students of 10+years old with different applications: games, math and physics. ",2011-10-12T00:28:43Z,,CA,14125,38,156,https://yt3.ggpht.com/AxEd_Ql8EQpWV8tGolQcj0M-bQRXcFPMScBkTiHz2IuV8gxMGGp5gH_g7ed5xJCgnJv-N99V_Q=s800-c-k-c0x00ffffff-no-rj,,"Knowledge|Lifestyle (parent topic)"
411,UC0oUQAECJ1zuH34DGKZFjwg,"Python Beginner Buddy","Hi. My name is Darren. I will be taking you on my journey of learning the programming language, python. I will also be posting tutorials to help other beginners out. ",2019-07-01T21:51:36Z,,US,89,8,11,https://yt3.ggpht.com/6rNGycAJBV89meIp4MGhxyZ8mJWoN51SAQ1EsUdRnd56OqPSTxt991zKOabyLNy0mJjHQFYwhV0=s800-c-k-c0x00ffffff-no-rj,,"Strategy video game|Role-playing video game|Gaming (parent topic)|Action-adventure game"
412,UCW9ON2uFJfG8a7CtEwanm8g,"Gill's python 2026",,2025-12-26T12:38:39.837848Z,,,0,2,2,https://yt3.ggpht.com/aEHRQTRhwCu3WJ2c2wKShO1OE6vEHr4YTFuKLOv8sagOmwP0x7hV2iPINmhrWMOSo9Rxpni2=s800-c-k-c0x00ffffff-no-rj,,
413,UCOQugHkGYP2ESiWJnmUlcJA,"Python Coder ","Welcome to Python Coder 🚀 This channel is dedicated to learning Python programming from basics to advanced, with clear explanations and real-world projects. Whether you are a beginner starting your coding journey or a working professional looking to sharpen your skills, this channel is designed for you. 🔹 What you’ll learn here: Python fundamentals and core concepts Real-world Python projects and applications Automation scripts and productivity tools GUI applications using Python (Tkinter, etc.) Data handling, APIs, and backend basics Coding tips, tricks, and best practices 🔹 Why follow Python Coder? Simple and easy-to-understand explanations Practical coding with real use cases Step-by-step tutorials with clean code Focus on problem-solving, not just syntax 📌 New videos uploaded regularly. 📌 Learn by coding, not just watching. ",2022-08-28T10:23:05.809744Z,,,6,2,1,https://yt3.ggpht.com/-UgINbqb2W0-pTLifoRsIseM8em3Khk851JYE20TeRCXhJ_OQMioylZSd5YNknBxNDrpHHwALg=s800-c-k-c0x00ffffff-no-rj,,
414,UCuWCBdLxP-HFNYYuYVZgkMQ,"Python for intermediates","We will learn intermediate and advanced python in this channel. ",2022-05-26T20:37:44.643361Z,,US,346,11,13,https://yt3.ggpht.com/RWKMgsySfHQZzuW6MDzcwnLdeYu7vl8ZUeVYsnTSdrnbLlQ2Pq-pRTJzW2Xvuil5q9iJGUODBRA=s800-c-k-c0x00ffffff-no-rj,Python|Coding|Computers,"Technology|Knowledge|Lifestyle (parent topic)"
415,UCYypnHGYL-xneoiXUqVZwRg,"Black Python 104 ","Welcome to my channel! 🔥 On this channel, you’ll find high-quality Free Fire montage videos, cinematic gameplay, insane headshots, clutch moments, and beat-sync edits. I upload Free Fire montages, highlights, and Shorts with smooth edits, slow motion effects, and trending music. If you love Free Fire gameplay, pro plays, and viral montages, make sure to SUBSCRIBE and turn on notifications 🔔 🎮 Game: Garena Free Fire 📱 Device: Mobile 🎧 Editing: Beat Sync / Cinematic 📅 Uploads: Weekly Thanks for supporting the journey ❤️ #freefire #freemontage #gaming #shorts #freefireindia ",2025-12-23T06:57:59.741419Z,,IN,6,0,1,https://yt3.ggpht.com/Nm2FCAXgVVJlSF183fNpd-lwnJdBmWlO2oHKa13cjgQ-pQM89TBWJN7Y-91R8UHzSK68uZAb_Q=s800-c-k-c0x00ffffff-no-rj,"free fire montage|free fire pro montage|free fire headshot montage|free fire montage hindi|free fire montage shorts|free fire gameplay montage|free fire one tap montage|free fire drag shot montage|free fire highlights|1410 gaming|SS Graphics",
416,UCB7tEKtfRnYCt-O6K6_L6hg,"Tia Python","Olá! Sou Tia Python e meu único propósito neste canal é mostrar que independente do desafio que você tenha, nunca é demais se você dar o primeiro passo e mudar!",2025-03-08T19:33:41.080803Z,,BR,512,23,1,https://yt3.ggpht.com/S4W15xE-EfUyuXW8Ub5mPscGgcBJuPJtNMEni8X5BwrCTLEXfD5TXa0BfnNpNAVsJo-OvcrGXw=s800-c-k-c0x00ffffff-no-rj,gameplays|jogos|engraçado|programação|python,
417,UCOLRYp-e3wcOpvfbkf7jRnQ,"python with Khushi ","full python course ",2025-07-19T15:54:37.464232Z,,,144,4,7,https://yt3.ggpht.com/N-ilgcZxG7G5-aLGI4aryD-p1fBXbqqLgEI8zIdSxYIxuMt6vhdnB80BHSbTyOCLdqUbH32n=s800-c-k-c0x00ffffff-no-rj,,"Lifestyle (parent topic)|Technology|Knowledge"
418,UC0M_cmxy4Pyb3sF1Jg5qCVA,"Python with Sani ","Welcome to Python with Sani 🚀 Is channel par aap Python programming ko Basic se Advanced tak step-by-step Hindi me seekh sakte ho. 👨‍💻 Kya seekhne ko milega? ✅ Python basics for beginners ✅ Loops, Functions, OOPs ✅ Django & Web Development ✅ Projects (Real-world examples) ✅ Interview & Job-oriented Python 🎯 Ye channel un sab ke liye hai jo Coding start karna chahte hain MCA / BCA / Students Job & freelancing ke liye Python seekhna chahte hai 👉 Subscribe karo aur Python master bano 💡 Learning made simple in Hindi 🇮🇳",2018-04-04T16:46:31Z,hi,,114,4,1,https://yt3.ggpht.com/S9lP3_UpzUIkKzSeFwI0WZ57ctLOuSBl38vVeVFC751Nj_Ptef3M2eTphokPCL5luEgaavAP7wQ=s800-c-k-c0x00ffffff-no-rj,,
419,UCkvV2hZ9yyjfCDJJx8jSC5Q,"COILED PYTHON ",,2023-12-20T18:40:58.141688Z,,US,27,12,3,https://yt3.ggpht.com/hg_Y7-7f6V7Yl1SXTwbfAgI8Q2pppPuGmpaE0fmvFby3Xw7d_o5Vm84CM4VsaDhbH85J3r5w=s800-c-k-c0x00ffffff-no-rj,,
420,UC2eQBHr8natSyxL6gs2je-A,"Muhammad Ayyaz (Python Developer)",,2019-01-16T09:02:05Z,,,13,1,5,https://yt3.ggpht.com/ytc/AIdro_la-7HYlsuZMlhH6FIZ254WZootgXmYzIXXWNdBgMYtnSoF=s800-c-k-c0x00ffffff-no-rj,,
421,UC4vKRdhXNWg11kx2OlPkXUw,"Emil's Heap","This is a channel where i talk about things that are piling up inside my head, such as web scraping with python and selenium or vibe coding cool apps. I also talk about other programming or business/self-development/life stuff. ",2020-12-25T15:24:07.907189Z,,US,121030,784,12,https://yt3.ggpht.com/EMXowAw3q9o-UvTpJ49s5hq_uI36ADQU5DQGQGCIHUm5vpZERPBAQtPK2fECRwIbwrfh9NYeH8Q=s800-c-k-c0x00ffffff-no-rj,"Python|web scraping|python web scraping|python scraping|python life hacks|javascript scraping|learn web scraping|python tips|learn python|learn programming|learn python web scraping|learn javascript|best programming languages","Knowledge|Technology|Lifestyle (parent topic)"
422,UCu2ioO0JxR2OD-sRjqXFm6w," python gaming ","#2026 #ff # free fire player #esports #free style ",2024-12-22T10:16:30.10616Z,,,412,3,2,https://yt3.ggpht.com/sMnLfxapvpfxbwXeltF6Z_dGP4-Me6zN4El9IZTvDRSCSxLL4_ZgvESp3H71nfbCGxPXNGJOj0g=s800-c-k-c0x00ffffff-no-rj,,"Gaming (parent topic)|Sports (parent topic)|Lifestyle (parent topic)|Cricket|Action game"
423,UCuBY5YxnoaBqZZFc8BYRJSQ,"BitSize Learning","BitSize Learning is an educational YouTube channel focused on AI, data science, Python, algorithms, and statistics. On BitSize Learning, I explain complex ideas through clear, bite-sized visualizations and intuitive statistical insights. I created BitSize Learning to teach the way I wish I had been taught — visually, clearly, and without unnecessary complexity. With a background in data science and biomedical research, I focus on visualizing statistics, models, and algorithms so concepts actually make sense. If you enjoy learning through visuals, structured thinking, and real understanding rather than memorization, you’re in the right place. Big ideas. Small pieces. Real understanding. ",2012-09-21T22:13:22Z,,,24483,5930,43,https://yt3.ggpht.com/2daYpG2R05Ycvi-teJVa3QogHWY04CgJniFT40MH8xxXm7B-aj5bOuVKAM6QfUkomogHLQ-Z2g=s800-c-k-c0x00ffffff-no-rj,,"Technology|Knowledge|Lifestyle (parent topic)"
424,UCESuINzQwg1bmzNE5RulZ9w,"learn python ","Welcome to our Education YouTube Channel! This channel is dedicated to providing easy, clear, and quality educational content for students. We cover concepts in a simple way to help you understand faster and learn smarter. Subscribe and start learning every day 📚✨",2025-12-26T15:02:39.923872Z,,,60,0,1,https://yt3.ggpht.com/ytc/AIdro_kHkjpJIjOuNPJ4AWGoWGgCGaxuPOYXtdNE72iRpRRJAvCER6FQuyBHf4QsAK3dVMtSgQ=s800-c-k-c0x00ffffff-no-rj,,
425,UCpmjkNALIlSptYPMcPqFH-g,"One Hundred Holds - A Programmer's Place","Programmers' Place aims to deliver programming/coding/software development based content in a fun way and lets the programmers to enjoy what they are doing. Let's Play ",2020-10-01T09:17:39.045136Z,,IN,29295,204,19,https://yt3.ggpht.com/DX7ap9i6kYvx-9ZMziG5Fc6O45nnhfRhN-equmcaCiSAgHfDpHTPGAAWMc5jAk0SlKgMqI336w=s800-c-k-c0x00ffffff-no-rj,"Technology|Programming|Python|app|application|developer|software|java|c++|gaming|golang|coding|statistics|algorithms|whitehat|interview|google|microsoft|apple|amazon|faang|preparation|Data Science|machine learning|deep learning|data structures|resume projects|build your resume|mini project|major project","Technology|Knowledge|Lifestyle (parent topic)"
426,UCTfnCj45iWo284g9QnVSGSw,"Python Urdu","Learn Python programming in Urdu from beginner to advanced level. This channel is for students, beginners, and future developers in Pakistan and Urdu-speaking countries. 📌 What you’ll learn: • Python basics step by step • Programming for beginners (Urdu) • Python for students & freelancing • Projects, logic building & real-world examples Start your journey from zero to Python developer with clear explanations in simple Urdu. 🔔 Subscribe and grow your skills with Python Urdu 🐍 ",2024-08-03T19:11:57.450107Z,,,499,22,2,https://yt3.ggpht.com/HdUbf4lns9wP_ZUh4mUJH0NyTyagVH-GvK3z41ui26InKXF5SmmSsol4QgIkjjtN0hJcCnegIQ=s800-c-k-c0x00ffffff-no-rj,,
427,UCUd_s6F74yRSURS9W1JFFLA,"I'm not Python","sin comentarios ",2020-08-28T23:57:21.76326Z,,AR,0,54,0,https://yt3.ggpht.com/qPOZCRpcp8J8mJuvPZ379Qs5TsZIMUCAI7Y0NIYFn4vw8Qsqfm4xZjx-P2E7ybDLd1OCcvQB=s800-c-k-c0x00ffffff-no-rj,,"Action-adventure game|Gaming (parent topic)|Role-playing video game|Action game"
428,UCRcXaTnVT5WO6LZCmdH6A1A,"Python With Shivam ","Python With Shivam 👋 This channel is for absolute beginners who want to learn Python step by step. I explain Python in Hindi + simple English using mobile only. ✔ Python basics ✔ Short 5-minute tutorials ✔ Beginner friendly coding Subscribe and start learning Python 🚀 ",2025-12-27T04:10:28.590578Z,,IN,43,9,4,https://yt3.ggpht.com/8PCsm1Rp3F11NzC-yGWD8RiRGanXZnWWL76gg5-R9AB8M5rGDuSBzYMBcK907rTa73xFEE-F=s800-c-k-c0x00ffffff-no-rj,"ShivamKumarmaravi|Shivam Kumar maravi|coding channel|Python With Shivam Python tutorial Hindi|Python for beginners|Python programming|Learn Python|Python coding|Coding for beginners|Python mobile coding|Beginner Python Hindi|Programming Hindi",
429,UC2-NbZ2lgKs_9UfmYA8r-bw,"python gaming ",,2025-04-11T23:04:37.365066Z,,,1797,4,2,https://yt3.ggpht.com/_2fmJF4_QEyLJkF6YebT8r9e-qmtMKGJ61mH4l24RDhwaJ5WcacAFrO8G210M_-h0UvKnzm9=s800-c-k-c0x00ffffff-no-rj,,"Gaming (parent topic)|Action game"
430,UCPV5m91audA3-L_JgE1t0EQ,"Code camp","Learn computer skills from scratch and Python programming! Easy tutorials for Windows, Word, Excel, Internet, software, practical computer tips, and Python projects. Perfect for beginners who want to master computer basics and coding.",2025-12-29T05:30:06.904337Z,,,0,0,2,https://yt3.ggpht.com/cChhvwRaQhgJl4QFrMyBOjib2KTwa_f-hAfrB7nOCYkhF7KUXlJDCz2yKuDdlOILEGNbttwPLA=s800-c-k-c0x00ffffff-no-rj,,
431,UCOQFcQEGTDKlxDoZ1w7fMGA,CodeWithPy,"CodeWithPy is a Python learning page focused on concept revision and continuous learning. We share Python quizzes, concept refreshers, code snippets, and simple explanations to help learners improve clarity and confidence in Python programming. ",2025-12-28T14:00:28.408444Z,,IN,0,0,1,https://yt3.ggpht.com/N7Bqm1KMra4BmQuEu1-MgFgtatFTLjQ-2Z9f4KusPn-ssxXUTSX-4vNFXArJh2t92A88ZE17bzs=s800-c-k-c0x00ffffff-no-rj,"codewithpy|python programming|learn python|python basics|python for beginners|python tutorial|python learning|python practice|python concepts|daily python learning|python examples|python coding|python knowledge refresh|python simple explanations|python tips and tricks",
432,UCDLmUr2GSRpG3D1JyTmpMvg,"la bosse des tortues ","abonne toi pour devenir une tortue 🐢",2025-06-29T15:06:31.520427Z,,,75269,136,213,https://yt3.ggpht.com/AyM0ayJyl85SR_Ee1gzgmap_fOfu_rA2kqktQ0dOzjXYW5t3pqQA_R4pecWKX-YXGXDaSwAOEw=s800-c-k-c0x00ffffff-no-rj,,"Gaming (parent topic)"
433,UChmvFseok4EPSgrgsxBoWEA,creazy_coder,,2025-07-04T04:45:12.967596Z,,,28985,125,34,https://yt3.ggpht.com/OvDq4vvw7PrN5kVJnfBZ3EgyHUhg93PPCr8Rh8if7MrkyNGLmm3Sg92YH-vECQkMuqvj0SIleQ=s800-c-k-c0x00ffffff-no-rj,,"Technology|Knowledge|Lifestyle (parent topic)"
434,UCliNKwQVg6TVJ4w07EIak5g,"Memuna Gul",,2025-10-06T06:04:51.502875Z,,PK,9788,527,19,https://yt3.ggpht.com/qj0S9VtpwM1_ezPsbbLgo5bJw7c9sf80Us_jKmay0OjiDwKON6qA-H6JtLgzU-Q4keW1ifos=s800-c-k-c0x00ffffff-no-rj,,"Technology|Knowledge|Lifestyle (parent topic)"
435,UC5oQNvVXzRx-GSlKgkYnq_Q,"Data Information Academy","This channel is dedicated to providing deep quality education within Machine Learning, Data Science, Data Analysis, and Coding. The channel is under development and expanding, please enjoy the content and learn! ",2025-08-28T23:53:30.873889Z,,SE,100047,3650,20,https://yt3.ggpht.com/-TSLasYOxHEqAnCVxSUrBSoSpW2S4-fDM1lllZsjOf6kuMqIHNATL8L3pMGrf-aDbMm2UgrAfw=s800-c-k-c0x00ffffff-no-rj,"Python|Courses|Tutorials|Data Handling|Data Science|Machine Learning|Data Analysis|Artificial Intelligence","Lifestyle (parent topic)|Knowledge|Technology"
436,UCYSET9ziDurxnEow39nmaEw,"LazyLogic oz ","LazyLogic oz is a fun and beginner-friendly coding channel where you learn Python, HTML, and CSS in the simplest way possible 😄. This channel is all about lazy logic—smart thinking, less stress, and easy explanations. You’ll learn how to build websites with HTML & CSS, write useful Python programs, and understand programming logic step by step. Perfect for students, beginners, and anyone who wants to start coding without confusion. Code smart, stay lazy, and grow with LazyLogic oz 🚀",2025-12-29T07:23:23.408966Z,,,0,0,1,https://yt3.ggpht.com/WKNOURuWcRENOrhjyRSXjW9gi1WOVIjTSQMrhAPH2lM5UKuKrSxOKNDjnrgVNPKNrz7HUpyKv8k=s800-c-k-c0x00ffffff-no-rj,"lazylogic oz|lazy logic oz|python coding|python for beginners|html css tutorials|web design html css|python programming channel|coding for students|beginner coding|learn python easy|html css projects|python projects|logic building in python|coding shorts|indian coding youtuber|simple programming|web development basics|no javascript coding|school student coding",
437,UCSWIhl-rrIHpBJbZvAgLyEg,CodeAndCure,"Code And Cure is a unique learning channel where healthcare, medicine, Python programming, and Artificial Intelligence come together. This channel is designed for: ✔ Healthcare & pharmacy professionals ✔ Beginners learning Python from scratch ✔ Professionals exploring AI & Generative AI 🔬 What you’ll learn here: Medicine & healthcare concepts explained simply (awareness only) Common medicine myths, safety, and responsible usage Python programming from basic to advanced Real-world Python & Generative AI projects AI applications in healthcare & everyday life Career guidance for healthcare & non-tech professionals 🤖 Why Code And Cure? We believe coding is the cure for future skills and knowledge is the cure for misinformation. ⚠️ Disclaimer: Content related to medicines and healthcare is strictly for educational and awareness purposes only. This channel does not provide medical diagnosis or treatment advice. Always consult a qualified healthcare professional. ",2025-12-26T10:36:03.346951Z,,,9,1,3,https://yt3.ggpht.com/E3vh7Cz7WbolVx-fYoIASDSTiVHiKQe3pZREfEMgBR-3zJgPn0VGu9QZoPantWYXWRfkltTjjA=s800-c-k-c0x00ffffff-no-rj,,
438,UCrjYs3Y951w4ulOfG3pcWLQ,"دلع بطنك 🍗",,2024-01-30T07:51:26.170499Z,,,9,29,1,https://yt3.ggpht.com/Jji14Z1z1yNSM6GTdg2MHyoDS_LxUkoNnfNAKSWXBzPypbxhoH-wSuaAFpcV7ecRtCUmpk_ftQ=s800-c-k-c0x00ffffff-no-rj,,"Lifestyle (parent topic)|Technology"
439,UCn59oaliVJtPtlsJdLsxZ6Q,"Medrado Educação e Treinamentos ","🎓 MEDRADO EDUCAÇÃO - Cursos Profissionalizantes com Foco Prático Aprenda Python, Power BI, Excel, Automação de IA, HTML, CSS, JavaScript, SQL, Ciência de Dados, Office 365, Canva e muito mais! ✨ Mentoria personalizada 📱 Online via Google Meet ou Presencial 💳 Parcele em até 12x 👨‍🏫 Professor Tiago Medrado Costa • Especialista em Automação de Agentes de IA • Ex-professor Senai, Senac e Microlins • Formador de centenas de profissionais 📲 WhatsApp: (73) 8160-4223 📍 Atendemos todo o Brasil 🔔 Inscreva-se para aprender de verdade! MedradoEducacao #Tecnologia #CursosProfissionalizantes #Python #IA #PowerBI ",2021-02-05T23:41:39.619726Z,,BR,6798,24,77,https://yt3.ggpht.com/VbUVoB2GIddpOpi6GXUA05XQcdZCnxUtvLJ8I7VBqNZHumzwFmQCzqL7I_pwixrOVlrTGWwk=s800-c-k-c0x00ffffff-no-rj,,Knowledge
440,UCrGyCcDZus4p1yRkdMXrRmQ,"PYTHON GAMING ","I love you all guys subscribe the channel 🤗😍🥰 I making Free Fire video for fun 😉😌",2023-10-01T04:09:36.936274Z,,IN,64899,215,103,https://yt3.ggpht.com/FQOvkR2yq3YtSTmFnJdGwEXrDWLnLKvzKlNX4KQt04iNrk_2UAByo1DVZ-vVXpZCNTUudLML=s800-c-k-c0x00ffffff-no-rj,,"Entertainment (parent topic)|Action-adventure game|Gaming (parent topic)|Action game"
441,UCXTnYDiYnCNZ09razdt4Xig,"Costa Rica Siglo 21","Costa Rica Siglo 21 explora Costa Rica desde sus raíces hasta el presente, recorriendo su historia, cultura, costarriqueñismos, política y curiosidades. Este canal conecta el pasado y el presente, mostrando cómo nuestro país se ha formado a lo largo de los siglos y cómo se relaciona con el mundo hoy. Aquí encontrarás análisis, historias y reflexiones sobre Costa Rica y su lugar en el siglo XXI, con humor, perspectiva histórica y pura vida, todo en un espacio pensado para quienes aman conocer y entender nuestro país. ",2022-05-14T11:47:32.115701Z,,US,15,8,9,https://yt3.ggpht.com/_LcOyOddpR-CA6LgzgvnhDNc6QejykhHgDrunkxn6iN58OO6IKCvmXEPlQgiY0C6R2pYZMMV1A=s800-c-k-c0x00ffffff-no-rj,"Programming|Python|Java|Hardware|Software|Engine|programmers|coders|coding|computing|.net|PHP|HTML|CSS|Javascript|C#|C++|C|hacking|windows|apple|ios|API|Oracle|Analysis|python|Python|Computer Science|Quantum Computing|Artificial intelligence|software development|software management|laptop repair|Web Development|Data Science|Data Base|ethical hacking|Problem solving|Code Optimization|Software Design|Steve Jobs|Guido van Rossum|James Gosling|Bjarne Stroustrup","Lifestyle (parent topic)|Society (parent topic)|Politics"
442,UCduiVLMauhtLL4VwQ3O-gSQ,code.presence,"#This channel is for python tutorials #please subscribe ",2025-12-26T09:30:30.048162Z,,IN,4824,3,17,https://yt3.ggpht.com/J1e-XpoS6hMtrIvRUDjpMoOMPUUM3t6LuSUt9nnTAbXJKOcgulGjQPxhX3pdYpDTARP0ZYMD=s800-c-k-c0x00ffffff-no-rj,"python|Java|C|C++|Javascript|it|Python tutorials|ai tools|web developers|information technology","Technology|Knowledge|Lifestyle (parent topic)"
443,UCj8Cl1LG4CxQManh3SOGo7Q,"Ankit Yadav",,2024-09-18T05:30:52.715458Z,,,6876,5,9,https://yt3.ggpht.com/JYKfgMXQGBR9DBTcxqv5Xi38RJ23wlL5jDstxf7TDTwXMwflUj784mOaNCH7lbpd_cwHLoNXilw=s800-c-k-c0x00ffffff-no-rj,,"Knowledge|Technology|Lifestyle (parent topic)"
444,UCljRTCyFVMzCUqsBEkGoRAw,PythonWithDipesh,"PythonWithDipesh is a coding channel focused on learning Python the right way by understanding logic and building small, practical programs. This channel is designed for beginners and students who want clear explanations without unnecessary complexity. Concepts are explained step-by-step using simple examples, short programs, and mini projects that strengthen problem-solving skills. On this channel, you will learn: • Python fundamentals and core programming concepts • Logic building with loops, conditions, and functions • Beginner-friendly Python projects • A gradual path toward Machine Learning and AI with Python The goal is consistency, clarity, and real learning — not shortcuts. If you are starting your programming journey, this channel is for you ",2025-12-27T05:38:10.294487Z,,IN,1752,22,2,https://yt3.ggpht.com/3wOEML6y15dF00vcQnBr7piqIKRM9ZMG7YHmx1O02Znagw6pJB9DdcWu5ke16cN0S4cmsjsQGw=s800-c-k-c0x00ffffff-no-rj,"PythonWithDipesh|Pythonwithdipesh|pythonwithdipesh|python|Python with dipesh|python with dipesh|python mini projects|python projects for begginers|machine learning basic projects|python kese seekhee|python for begginers|python begginers|machine learning",
445,UCEMI5vqP2bL_tWnDZzk-BiA,"Code and Analysis","Learn Python by solving real-world problems! Is video me hum Pandas basics se start karenge aur step-by-step sikhenge ki data problems ko efficiently solve kaise karein. ✅ Aap seekhenge: DataFrames, Series, Indexing, Filtering, Aggregations, aur problem-solving strategies. ✅ Python developer ki tarah sochna aur solutions implement karna. 📌 Start your Python journey aaj hi aur Pandas + Python + Data manipulation skills ke saath real problems solve karna seekhein! 🔔 Subscribe karein for more hands-on Python tutorials aur problem-solving sessions! ",2025-12-27T01:22:47.416146Z,,,5,1,1,https://yt3.ggpht.com/j7UcSA5e9B0GB3z17F9d9E_ZcHl75luUWm76VZJdEerXGkhbH0Ly_EeSh2iD8gaOUVnwgigN=s800-c-k-c0x00ffffff-no-rj,,
446,UC_TLmeVGDbnApyGZPi9EwAw,"Science Code Purushotam","Hello 🙏 Welcome to Science Code Purushotam. I am Purushotam. This channel turns complex technology into simple, actionable skills. From your first line of Python to building autonomous robots, we bridge the gap between Software and Hardware. Our Core Roadmap: 🚀 Python & Automation: Mastering the language that rules the world. 🤖 Arduino & Robotics: Bringing code to life with sensors and circuits. 📊 Data Science & Analytics: Using SQL and Power BI to turn data into gold. 🧠 AI & Machine Learning: Building the intelligent systems of tomorrow. This is a Tech Revolution for students and professionals. My mission is providing project-based tutorials to take you from Zero to a Pro Developer. - Got a challenge for me? Let me know! 💬 Your ideas drive this channel. If you're ready to level up, hit Subscribe 🔔 and join the journey. Let’s stop just using technology and start building it! 🚀🔥 ",2025-12-25T07:09:47.228856Z,,,0,19,0,https://yt3.ggpht.com/W0LpoEwixQQyig2iun--3JSvpAvAwovWOvIEsRGO3D1lLKQNhLMBDDgaQO6IBKbXPE1eeCla=s800-c-k-c0x00ffffff-no-rj,,
447,UC3mbQHBQs3TcPdinphP2S_w,"Logic Vault","Welcome to the Logic Vault – Decoding complex code into simple snippets. We bridge computer science theory with high-end implementation. we provide ""Experience-Level"" snippets across major languages. 🔓 Inside the Vault: Multilingual Logic: Comparative implementations in Java, Python, JS, and TS. Frontend Magic: High-end UI snippets using Three.js and GSAP. Backend & Automation: Clean Python and Java scripts for systems. DSA Deep Dives: Efficient patterns for coding interviews. Architecture: Reusable React and Next.js components. 📅 Schedule: Saturdays: Comparative code breakdowns. Weekly: Architecture and engineering deep dives. 📧 Contact: kashiyani.hardik.it@gmail.com Master the Logic. Own the Language. Build the Future. ",2025-12-27T07:47:43.949345Z,,US,0,1,1,https://yt3.ggpht.com/yZ_BSsdwE_qvUpE28DXUChx8Pg6R9SEbdNMl3P_Zj_ODzG_AkAxcffHMStFgzQqIzkTdiYQmxgw=s800-c-k-c0x00ffffff-no-rj,"LogicVault|Logic Vault|Code Snippets|Programming Explained|Java Snippets|Python Snippets|JavaScript Snippets|Three.js Logic|GSAP Snippets|Coding in Multiple Languages|Code Walkthroughs|DSA in Java|DSA in Python|Web Development Snippets|React Components|Next.js Snippets|TypeScript Logic|Multi-language Programming|Coding Tutorials|Clean Code Explained|Automation Snippets|Software Logic|Programming Architecture|Snippet Explanations",
448,UCnNRKmRIBVKfkYu1XPsiKHA,"Devesh Patwa","Welcome to Python tutorial — Your Ultimate Data Analysis Hub! Are you ready to master data analysis and build your skills with real-world projects? This channel is dedicated to helping you become a job-ready data analyst by teaching you how to use the most in-demand tools and techniques in the industry. What You’ll Learn: MySQL for data extraction and database management Python for Data Analysis (using Pandas, NumPy, Matplotlib, Seaborn) Microsoft Excel for data cleaning, advanced formulas, pivot tables, and dashboards Power BI for stunning, interactive business intelligence reports Tableau for powerful data visualization and storytelling Google Sheets for collaborative data analysis and automation Many more data analytics tools, tips, and best practices! Whether you’re a beginner or looking to sharpen your data analytics and data visualization skills, this channel is for you! ",2025-07-19T07:18:36.122926Z,,IN,3269,104,11,https://yt3.ggpht.com/MvoPXWns5tSp861EIR7nXuJzSsNgHeyO1HzxHXc_05bqDeKu9KoulZ4RKTxivLIm5wvMPNXjJg=s800-c-k-c0x00ffffff-no-rj,"python tutorial|python projects|data analysis project|python full course|data analysis|data scientist|data engineer|da projects|data analyst|real world projects|free data set|end to end project","Lifestyle (parent topic)|Knowledge|Technology"
449,UClGGIrj4bYYgGynqW5FJ7qw,"Penso Política | Análise Literária","Antes de derrubar muros, perguntar por que foram erguidos. #politica #filosofia ",2025-09-27T18:00:15.299974Z,,,6476,16,5,https://yt3.ggpht.com/m3G50O9k7Io0w8kN49B-TpJsQ8s062z6sjKBa2iuFuSfS_cY9iD3uyrbJCiGsbYw_HUgGRz9=s800-c-k-c0x00ffffff-no-rj,,"Technology|Gaming (parent topic)|Knowledge|Lifestyle (parent topic)"
450,UCVW1kGirqt0BTFzBFTWD9bA,"EthansX Academy","Welcome to EthansX AI Academy, Where AI Careers Begin EthansX AI Academy (Powered by Ethans Tech) is Pune's premier ISO & NASSCOM Certified AI Training Institute, transforming aspiring professionals into industry-ready AI Engineers, Data Scientists, Data Analysts, Python Developers, and Data Engineers. What You'll Find Here: → AI Tutorials & Explainer Videos → Short-Form Content on ChatGPT, Machine Learning, Deep Learning & Generative AI → Tech Podcasts with industry insights → Mock Interview Series for career preparation → Hands-On Project Tutorials on Top AI Tools Learn from Subject Matter Experts actively working in AI and Data Science roles. Get hands-on training, placement preparation, and industry-aligned curriculum for the AI-first job market. Ready to Transform Your Career? +91 9513392223 www.ethans.co.in Subscribe now and build your AI career with India's most trusted training academy! #datascience #ml #python #ArtificialIntelligence #dataanalytics #LearnAI #techcareers ",2025-10-08T07:28:10.111191Z,,IN,27246,191,43,https://yt3.ggpht.com/6SKzoU8NRIshU2Qi37BAmMDL_tAJ-oEbPaL00H7885CK3lj_8PtgSUK1znxab3EbXRsLMGTnVg=s800-c-k-c0x00ffffff-no-rj,,"Lifestyle (parent topic)|Knowledge|Technology"
451,UCo9G1Z8oAjOpAhVChx5oJcw,"BYTE X"," 💻 **Coding Tips & Tricks | Learn to Code Smarter, Not Harder** 🚀 Welcome to **[BYTE X]** — your go-to place for **short, practical coding tips** that actually help you grow as a developer. On this channel, you’ll learn: * ⚡ Quick coding tips & shortcuts * 🧠 Programming logic explained simply * 🐍 Python, JavaScript & Web Dev tricks * 🛠️ Debugging, clean code & best practices * 🎯 Beginner to intermediate coding guidance Whether you’re a **student, beginner, or self-taught coder**, these bite-sized videos will help you **code faster, think better, and build confidently**. 📌 New videos every week 📌 Easy explanations 📌 Real-world examples 👉 **Subscribe and start coding smarter today!** #CodingTips #Programming #LearnToCode #DeveloperLife #Tech --- If you want, I can: * Make it **shorter for SEO** * Customize it for **Python / Web / App development** * Add **emoji-free professional version** * Write a **Hindi or Hinglish version** Just tell me 👍 ",2025-12-26T14:54:03.482466Z,,,18,1,1,https://yt3.ggpht.com/eJfP-ozEQDxZvmA8GvPwLE7mKYVzslAZL-AI1EHNIQzcRT8ogrueiVv9IiMQg1CRANojvmpxvA=s800-c-k-c0x00ffffff-no-rj,,
452,UC9eULBCfh02Bf5wFhxiWhcw,"Shahriyor Ergashev","Shahriyor Ergashovning shaxsiy kanaliga xush kelibsiz!!!",2025-11-25T15:43:13.90769Z,,,3947,6,3,https://yt3.ggpht.com/PpUrdYMoW4Y3kXP1x4TlhuMCIXfuXOCQfrHcRkqSQOmtwuY4nf7UaRccH0x0258mr_9uwNEC=s800-c-k-c0x00ffffff-no-rj,,
453,UCZqMakGnkR_hMFEu5Jd0Kpw,"Quantified Self-Financier","Stop guessing and start coding your way to wealth. Most financial advice is either prescriptive rules or emotional drama. This channel is for the skeptical, data-literate professional who wants to verify every claim. We bridge the gap between high-level finance and practical Python engineering. What we do: Financial Empowerment through Code: We transform complex concepts into reproducible Python scripts. The Double Helix Curriculum: Every video maps a finance ""Why"" (like DCA or Diversification) to a Python ""How"" (like Pandas or Time Series Analysis). Verifiable Analysis: We show every line of code so you can run the numbers on your own data. Whether you are a software engineer, data analyst, or STEM student, this is your control panel for a quantified financial future. New videos every week starting January 2026. ",2025-12-18T15:03:37.632729Z,,US,29,3,2,https://yt3.ggpht.com/CR-Eerbc-xhdegqGz7SF43qngL2DMyQa0TnFp2xLNacNg_odl-yh1Pmakr40amtNQ8_lSO42nA=s800-c-k-c0x00ffffff-no-rj,"Python|Data|Money|AI|Tutorial|Trainning|Code|Learning|Pandas for Finance|Financial Engineering|Algorithmic Trading|Personal Finance|Data-Driven Finance|Data Science|Data Analyst|Artificial Intelligence",
454,UCNebL8trTJCNvZsvhjxuZAg,"Code X Ibrahim","Logic | Code| Deploy Multi-skilled tech professional specializing in Graphic Design, Python, Programming, and Web Development. I solve computer-related problems with logical, clean, and efficient solutions. ",2025-12-25T15:45:30.972646Z,,,2836,57,3,https://yt3.ggpht.com/cK2Twy2IXilarvI5IxkVV4i7B3oYiWFOP44Z_Ye24yDKfsfIBkERdhpASfaCVkFie23MkeFOjg=s800-c-k-c0x00ffffff-no-rj,,
455,UC00lP6iO6XW58GtlLLEr3WQ,"Code To Career","📌 Code To Career | Learn Coding, Build Your Future 🚀 Welcome to Code To Career – yahan hum coding ko simple, practical aur career-focused banate hain. Agar aap student, beginner, ya IT job aspirant ho, toh yeh channel aapke liye perfect hai. 🔹 What you will learn: ✅ Python Programming ✅ SQL & Databases ✅ Data Science Basics ✅ Interview Questions & Practice ✅ Projects for Resume ✅ Coding for Beginners (Easy Hindi + English) 🎯 Our Goal: Code sikho → Skills banao → Career grow karo 📲 Follow us on Instagram for daily tips & updates: 👉 @CodeToCareerIndia 🔔 Subscribe now and start your coding journey today! #CodeToCareer #LearnCoding #Python #SQL #DataScience #ProgrammingHindi #CodingForBeginners #TechCareer",2025-12-25T10:23:11.898202Z,,IN,5,1,1,https://yt3.ggpht.com/VMv7hGh2nsBOp6YMZx0ckJq7Boq6EQllU0ZnJKYLcj6IDT2Qmy9rx9fpdaplsAvkAZAJSe32pg=s800-c-k-c0x00ffffff-no-rj,,
456,UCN3elYVJpUv9W0W9xDIoG0g,"Code With Numan","Welcome to Code With Numan 👨‍💻🚀 My name is Muhammad Numan, a BS Computer Science student. On this channel, you will learn programming and coding from beginner to advanced level in a simple and practical way. 📌 What you will learn: ✔ HTML & CSS (Web Design) ✔ JavaScript & TypeScript ✔ PHP & MySQL ✔ Python Programming ✔ C, C++, C# ✔ SQL & Databases ✔ Programming Logic & Projects ✔ Short Coding Tricks & Interview Questions 🎯 Goal: Make coding easy for students, beginners, and self-learners through short videos and detailed tutorials. 📅 New videos uploaded regularly. 📌 Subscribe and start your coding journey today! #CodeWithNuman #Programming #WebDevelopment #LearnCoding #html #css #java #javascript #typescript #php #python #sql #machinelearning #ai #aishorts #android #webdesign #webdeveloper #coding #msword #excel #tips #tipsandtricks #tutorial #tutorials #latest #trending #viral #reels #csharp #codinglife #learncoding ",2025-12-28T16:31:54.996356Z,,PK,0,0,1,https://yt3.ggpht.com/V9oqWJ_wuURH9moGBMmnDEqmzBw1QnQD5o1-b4uzBC__LqjokW5wyZypVtHOXGe9XPFJaDU_Zw=s800-c-k-c0x00ffffff-no-rj,"phpcoding|htmlcoding|csscoding|javascript|html|latestcss|sql|programming|html css javascript|python for beginners|php mysql tutorial|web design tutorial|software engineering|coding interview questions|programming tips and tricks|computer programming|learn web development in urdu|html tutorials|2026 coding|advanced coding shortcut|coding output|my sql|html 2026|2026 css|2026 java script|python language|computer shorts|html shorts|css shorts|ai coding",
457,UCb1YU__H64hUOKCHPP-4vCw,"Sbse Python Smart..🙏🌍",,2023-08-05T10:40:35.499669Z,,,13166,16,22,https://yt3.ggpht.com/aQ06gPCFPQxLXqYanXPuvHEuMVCq1lUPJIxxHBWBOH190s4P52xxJC-dkJD160J6s_BwTtSt=s800-c-k-c0x00ffffff-no-rj,,"Movies|Entertainment (parent topic)|Humor"
458,UCquN1Yn5JK4FFjuFvQcH8yg,"python with kamaksh","👻 डर, रहस्य और रोमांच का अनोखा सफर - स्वागत है आपके अपने चैनल पर! 👻 यह चैनल उन लोगों के लिए है जो डरावनी कहानियों (Horror Stories), रहस्यमयी घटनाओं (Mystery Incidents) और भूत-प्रेत के किस्सों के दीवाने हैं। यहाँ आपको गाँवों की सच्ची घटनाओं, प्राचीन पेड़ों, खंडहरों, भूतिया हवेलियों और डरावनी आत्माओं से जुड़ी कहानियों का अनोखा संग्रह मिलेगा। हम आपको ऐसी कहानियों के रोमांचक अनुभव से रूबरू कराते हैं, जो आपकी रूह को झकझोर कर रख देंगी! हर कहानी में आपको मिलेगा डर, सस्पेंस और थ्रिल का ऐसा तड़का, जो आपको वीडियो के अंत तक बाँधे रखेगा। इस चैनल पर आपको मिलेंगी: ✅ डरावनी गाँव की कहानियाँ (Village Horror Stories) ✅ रहस्यमयी आत्माओं और प्रेत आत्माओं की कहानियाँ ✅ भूतिया पेड़, किले और खंडहरों की कहानियाँ ✅ सच्ची घटनाओं पर आधारित हॉरर स्टोरीज़ ✅ प्राचीन भारतीय लोककथाओं पर आधारित डरावनी कहानियाँ हमारा उद्देश्य — आपको डर के साथ मनोरंजन देना और आपको ऐसी कहानियाँ सुनाना, जिन्हें सुनकर आप रात में लाइट ऑन करके सोने पर मजबूर हो जाएं! 👉 चैनल को सब्सक्राइब करें और घंटी के बटन को दबाएं -- ",2024-12-19T12:26:24.031307Z,,IN,30167,129,147,https://yt3.ggpht.com/ytc/AIdro_lXu0WPAKZ-yH5SnZKCHExCdAJcePDMhjXvJTx1cSpPrDtKH5DKmu4jO0zSfegaYwL4rQ=s800-c-k-c0x00ffffff-no-rj,,"Music (parent topic)|Entertainment (parent topic)|Religion|Society (parent topic)|Music of Asia"
459,UCWtTkSYf3gDFfipaJfmdPVw,AlexAIQuant,"AI Quant Lab [Alex] Documenting my journey to automate crypto trading with Python. Follow my experiment. 🧪",2025-12-27T02:08:05.049549Z,en,,126,1,1,https://yt3.ggpht.com/UMc41foQscrGXZOnQq-G6q6gpU0qj7k0hOPm31EKsHysLSn92YI3kechxtrtcx2joVGLvbZD2ik=s800-c-k-c0x00ffffff-no-rj,,
460,UCC1Dt_-chd9-RbC1bV_-YOg,hrohit_ai,"Welcome to hrohit_ai 🚀 This channel is dedicated to Python, Artificial Intelligence, Machine Learning, and modern tech skills explained in a simple and practical way. Here, you’ll learn: • Python programming from basics to advanced • Machine Learning concepts with real-world examples • Artificial Intelligence tools & projects • Data Science fundamentals • AI-powered apps & automation • Coding for beginners to intermediate developers • Career-focused tech tutorials for students & self-learners My goal is to make complex AI and coding concepts easy to understand, just like learning from a friend. If you are a student, beginner, or someone who wants to enter AI/ML & software development — this channel is for you. New videos will focus on: ✔ Python Projects ✔ AI & ML Explained Simply ✔ Hands-on Coding Tutorials ✔ Practical Implementations ✔ Interview & Career Guidance Subscribe and start your journey ",2025-12-25T12:56:00.405542Z,,IN,8,1,1,https://yt3.ggpht.com/sU5d1uZsbM2pm8J8JDnY7WWF-ijOH8UdxY0pVH5VdbKo6NGJnEhH7OY5YW6TQE8r3hhtMp4Tcg=s800-c-k-c0x00ffffff-no-rj,"python|chatgpt|programming|python tutorial|python for beginners|machine learning|artificial intelligence|ai tutorial|ml tutorial|ai projects|machine learning projects|python projects|data science|ai tools|generative ai|deep learning|coding for beginners|python coding|ai ml roadmap|bca coding|computer science|tech tutorials|coding hindi|coding india|learn python|python ai|ai automation|future tech ai|python ai channel|ai for beginners",
461,UCyQVmmDZwyMOmotRFG5TTiQ,"Shinchan Coder","Welcome to the channel! Here you’ll find high-quality coding tutorials, beginner-friendly guides, and real-world programming projects designed to help you become a better developer. Whether you're learning Python, JavaScript, HTML/CSS, C++, Java, or app/game development, this channel brings you: 💡 Step-by-step coding tutorials ⚡ Fast explanations with real examples 🧩 Mini projects to practice 🚀 Tips to improve logic & problem-solving 👨‍💻 Beginner to Advance roadmap videos My goal is to make coding simple, interesting, and practical for everyone—students, beginners, or future developers. 🔥 New videos every week! Subscribe and start your coding journey today. ",2024-01-07T13:19:17.118681Z,en-GB,,152,8,1,https://yt3.ggpht.com/cmvqP31p-Kl7yaCjQA9P466iiHJq1QmKM3-yi5nubEFNoIgJk-_NJAC7FgP80V9iVBzbYc1u=s800-c-k-c0x00ffffff-no-rj,,
462,UCxM0VFae9CK7Au6amHPAbgw,"Knowledge circuit@1655","Welcome 🤗 to my YouTube channel my name is Misbaul Hoque my videos are based on educational things and programming in python or learning another programming language software development in computer and also many adventures. 🧑🏻‍💻🧑🏻‍💻🧭",2018-04-13T16:51:40Z,,,642,8,6,https://yt3.ggpht.com/Yb9o9c36cfLQPgsIJyPSkZc19zTivXah69cskAqgNGAStE7VMAkadugueUsMTGVOXJUGTwkJNzI=s800-c-k-c0x00ffffff-no-rj,,
463,UCX_csgMMo292sPTYjL-136g,"Urdu story in Urdu "," Welcome to coding with Idrees This is the place where Python comes alive with real-world projects, coding tutorials, and complete courses designed to take you from beginner to pro. Whether you’re just starting your coding journey or want to sharpen your Python skills, you’ll find clear explanations, practical examples, and step-by-step guidance. 💻 On this channel, you’ll learn: Python basics & advanced concepts Fun & practical coding projects Automation, data handling, and problem-solving Tips, tricks, and best practices for writing clean code Our mission: To make coding simple, fun, and project-driven so you can build real skills and create amazing things with Python. Subscribe now and start coding your future with us!",2025-06-03T03:51:07.193921Z,,,9,2,3,https://yt3.ggpht.com/xtKfk8nLQtHaAzORg3olTs9YSPITfbafRIjhQ2IIuIWQrw5AhkgoWDZ_AGoYYCQQ56Ymn_yo=s800-c-k-c0x00ffffff-no-rj,,
464,UCiubb243KLy6Mlht3BToEZw,"Rohan Yeole","Hi, I’m Rohan Yeole, a Software Engineer with 7+ years of real-world experience building scalable, production-ready applications using Python, Django, REST APIs, GraphQL, and AWS. On this channel, I share practical software engineering knowledge based on real industry projects — not just theory. 🔹 Backend Development with Python & Django 🔹 REST API & GraphQL Design 🔹 System Design & Microservices Architecture 🔹 AWS, DevOps & Deployment (CI/CD, Linux, Cloud) 🔹 Real Production Project Walkthroughs 🔹 Career Growth for Software Engineers I’ve worked with startups and global companies, led development teams, designed high-scale systems, and contributed to open-source projects. 🚀 Available for freelance projects, long-term collaborations, and consulting If you’re a startup, founder, or team looking for a reliable backend or full-stack engineer to build or scale your product, feel free to connect. 📌 New videos on backend engineering, scalable systems, and developer growth. ",2025-12-28T06:19:27.441669Z,,IN,0,0,1,https://yt3.ggpht.com/vTFBjroMNlKJwSMGg6bOlM5E8qkBuwon_GaETuPuWBPnfkZEUELSP3-BH1awFoTCqObwCRQMKLY=s800-c-k-c0x00ffffff-no-rj,"python developer|django developer|software engineer|backend developer|full stack developer|django rest framework|rest api python|graphql python|microservices architecture|system design for developers|real world programming|software engineering career|senior software engineer|python projects|django projects|api development|programming tutorials|coding for professionals|python web development|django backend|backend engineering|tech career growth",
465,UCNVuLKaKdDhJSbZzdRvgrxQ,"Code Decode",,2018-08-25T16:39:30Z,,IN,19564225,161000,311,https://yt3.ggpht.com/gPJVp82hokmORsNl4tXdFST4fXgler-R8zsc_Lrvclvg8hkBUsS8uWxVM1yWujVoE9XNwFTWuA=s800-c-k-c0x00ffffff-no-rj,"java|angular|tutorial|microservices|java tutorials for beginner|angular tutorial|code decode|angular tutorials for beginners|java tutorial|java tutorials for beginners|git and github|git crash course|interview questions code decode|java interview questions|code decode interview questions and answers|java interview questions and answers|java 8 interview questions|code decode design pattern|design pattern interview questions","Lifestyle (parent topic)|Knowledge|Technology"
466,UCkFQKiZrB_MxpIPqFDue5gg,Shivvuu,"📊This channel is about Money, Mindset, and a Rich Life. Here you’ll find short, powerful videos on: • Money making mindset • Wealth & richness psychology • Premium lifestyle motivation • Success habits of the rich • Luxury cars, freedom, and ambition This is not a fake motivation. This is real thinking, real hunger, and real growth. If you want more money, a stronger mindset, and a life that feels premium — you’re in the right place.",2021-06-02T13:21:58.915832Z,,,101162,175,109,https://yt3.ggpht.com/1KtiCrnowEZW_blIUBL9-OzPD8PXHKEIuEbux5Bu02d4_1yk-498bMGXodwPHeCgRLW8wWzyHw=s800-c-k-c0x00ffffff-no-rj,,"Music (parent topic)|Music of Asia|Religion"
467,UC82X9qcxcMKppwlv1QZDsNg," Colt Python and a HK33","Sora ai content and etc ",2025-09-28T12:48:32.26646Z,,,19006,10,15,https://yt3.ggpht.com/Zl_phk9_sbpZvoPA7AdALQdaJxqZTFsKx02rZv8KlGZF8OvzhIx_lux4PJpfarg6RjeQPiIPE00=s800-c-k-c0x00ffffff-no-rj,,"Entertainment (parent topic)"
468,UCegJNd3SNPf7ERIWsaiSIxw,"Code And Capital","I build the code that finds the alpha. Most investors guess. I use engineering. Welcome to Code and Capital, where I bridge the gap between Full-Stack Development and Fundamental Investing. What you’ll find here: - Engineering Alpha: Python scripts and AI systems to automate stock analysis and eliminate bad trades. - Global Mechanics: Data-driven deep dives into Crypto and Global Markets (using the PSX as a volatility case study). - The Business of Code: How I monetize my technical skills in the high-stakes world of finance. ",2025-12-21T11:06:29.231108Z,,PK,24,1,1,https://yt3.ggpht.com/PM4K1gCSO0U7_rmfMXKejiFLImQWIzmYx3xLw348x3E1jieNhzmz0Ut0V_EYNbqtdxVb2Osb8Q=s800-c-k-c0x00ffffff-no-rj,,
469,UC6JKcQZEvA6CVXLkm5mK2Gw,SkiddKillz,"Skidding Everyday, Fluent in: python, slight html, JS, Batch. Fluent OS: Windows, Apple, ChromeOS. Dm on discord If you need help: Skiddkilz ",2025-12-28T06:00:41.109336Z,,,8,2,2,https://yt3.ggpht.com/Z9bmeCifwyzGx08x8VvcstXiG9_qZs1IsZH_n4r52SdqQ4O6RO0a1Sq4Mz0wcH7rW2322FaA=s800-c-k-c0x00ffffff-no-rj,,
470,UCnjH0pUUJmvupcMRNkxelcA,Pythonofficial,"Welcome to Pythonofficial 💻 Pythonofficial is a learning-focused YouTube channel where you will learn Python programming from scratch to advanced level in a simple and practical way. 🔹 What you’ll learn on this channel: ✔ Python for beginners ✔ Python basics & logic building ✔ Programming for school & college students ✔ Python for future careers (AI, Data Science, Automation) ✔ Real coding examples & practice ✔ Tips for students & JEE/CS aspirants 🎯 This channel is specially made for: • Beginners with zero coding knowledge • School & college students • Anyone who wants to start coding the right way 💡 Our goal is to make coding easy, understandable, and useful for everyone. 👉 Subscribe to Pythonofficial and start your coding journey today 🚀 👉 New videos every week | Learn • Practice • Grow. ",2025-10-11T08:12:50.058153Z,,IN,13,3,2,https://yt3.ggpht.com/f8OdwP-UFGupxVPAOHnVpjjkx2I767S0mFLMlpH72dvut6DTiwjAjGSA9HzhQljePtpeoYrIPg=s800-c-k-c0x00ffffff-no-rj,,"Lifestyle (parent topic)|Vehicles"
471,UC-x70Q-vA9q0DOjz3-0ZxBw,"AI Evolution","Welcome to AI Evolution! This channel is your dedicated destination for comprehensive learning and engaging content on Artificial Intelligence (AI), Python programming, and Machine Learning (ML). We are here to teach students and enthusiasts about the latest advancements, practical applications, and the ongoing AI revolution . Dive deep into AI with our step-by-step tutorials, insightful discussions, and content designed to empower your journey in technology. Whether you're a beginner or looking to enhance your skills, join us to master these crucial fields . Subscribe now to stay updated with cutting-edge AI, Python, and ML knowledge and become part of our learning community! ",2018-12-09T08:52:37Z,,,61,5,4,https://yt3.ggpht.com/TYt4g6vbIeGq2kpydnDJ0AgBf6skDCUcwQalPSpamfBgDfzuZn0T3-faJ1hFDFEK8qCF0MMecg=s800-c-k-c0x00ffffff-no-rj,,"Lifestyle (parent topic)|Technology|Knowledge"
472,UC9vIO_T1goRFGvzRbTjEfEA,"João Fieri Developer Full-Stake","PYTHON | JAVA | JS | NEXT | C",2025-12-28T23:24:07.713308Z,,,0,0,1,https://yt3.ggpht.com/g4Pa1pmP-q4_MqoH9QaLoSDEUqP8B3lgra6vMiMN-7bWt99d760sUF0epBHcieGmqHvUIYqfPw=s800-c-k-c0x00ffffff-no-rj,,
473,UCVEnCWWTMaD0jc3FByU86mQ,"code champ","hi! i am new to programing i will do daily content of sharing my journey of coding (python,c++,java,cybersecurity,ml.ai).",2025-12-27T18:32:38.369431Z,hi,,2,0,1,https://yt3.ggpht.com/aSFlSdlpDqV15RbYbwfmbCFoCMoeGz494rRIPDn9-_oG4wBVke5rJNIEZZSP9eDybqeZw4MnSA=s800-c-k-c0x00ffffff-no-rj,,
474,UCrfw6zyxGXGIjMoQuYUDKyw,"Fr33Cod | Termux","¡Bienvenido! En este canal aprenderemos a usar python desde Termux, explorando su uso en la terminal y aplicándolo en distintos proyectos. ¡Suscríbete y activa las notificaciones para no perderte ninguno de nuestros videos! ",2024-06-02T15:37:55.988341Z,es,BO,803,7,4,https://yt3.ggpht.com/OVcw0lFAyXD83AT1RNFdehOh5Sfp9spEZTZuKhvT2FN6dlXRS8daIUG3vntfhntuKEVpXcV35A=s800-c-k-c0x00ffffff-no-rj,"fr33cod|freecod|freecodtermux|fr33codtermux|termuxfr33cod|termux freecod","Technology|Lifestyle (parent topic)"
475,UC_a5VsXaQmbYNYgyjHr3G-w,"Tech Dev","La boussole stratégique pour les développeurs ambitieux. Dans un monde saturé par la ""Hype"" de l'IA et du No-Code, Tech/Dev le signal du bruit. Ici, on ne se contente pas de suivre les tendances, on analyse la réalité du marché pour sécuriser votre carrière. L'objectif de cette chaîne est simple : transformer de simple ""codeur"" en véritable Architecte de Solutions. Ce que vous trouverez ici : Analyses Tech & Business : Comprendre les stratégies des géants (Google, Nvidia, OpenAI) et leur impact sur votre emploi. Tutoriels Avancés : Les meilleures pratiques en développement (Python, Web, Algo) pour écrire du code robuste et scalable. 🧠 Carrière & Mindset : Comment négocier, évoluer et rester indispensable à l'ère de l'intelligence artificielle. Le code n'est pas mort, il évolue. Maîtrisez l'évolution avec Tech/Dev. 📅 Une nouvelle vidéo chaque semaine. 🔔 Abonnez-vous pour ne pas devenir obsolète #DeveloppementWeb #Tech #Coding #IA #Programmation #CarriereTech #SoftwareEngineer #Python",2025-12-27T19:53:21.530237Z,,,12,1,1,https://yt3.ggpht.com/yEK4R-tJCVDEGtHiYHKk8RVvVTw0ODJ_JJuYCG55OXccrQJlrqmCP-59Jbim3laNtmTPpcpAhQY=s800-c-k-c0x00ffffff-no-rj,"Programmation|Python|JavaScript|React|Backend|Frontend|Fullstack|Tech/Dev.|Développement Web|Intelligence Artificielle|Carrière Développeur|Software Engineering|Architecture Logicielle|Tech News|Tuto Français|NoCode vs Code|Emploi Tech|Apprendre à coder",
476,UCwA3CLQ9MCyEfQcamlr3mXg,"Beast VS Beast","Beast Versus Beast is a high-intensity cinematic channel where the most powerful beasts, giant creatures, and monstrous forces collide in brutal battles. On this channel you will experience: * Giant Python vs Gorilla battles * Beast vs Beast cinematic fights * Massive city destruction stories * Ultra-realistic monster encounters Each video follows a clear story-driven flow designed to feel real, intense, and immersive. Every movement, sound, and impact is crafted to deliver maximum realism and fear. ⚠️ All content is created for entertainment and storytelling purposes only. If you enjoy danger, power, destruction, and realistic monster battles — Beast Versus Beast is the ultimate battleground. ",2025-12-28T14:51:58.822987Z,,US,0,0,1,https://yt3.ggpht.com/rXy97pT5dWfUtNy18mdb1Ugk3r6BYDIBY1m0-wjkC5g3JR4i_U5olsKquz9EF3vIIAO8au5EsQ=s800-c-k-c0x00ffffff-no-rj,"Beast VS Beast",
477,UCJXzb9uA23w1NIYAKZLJNTQ,DevVybe,"DevVybe is a Hindi coding channel where beginners learn C, C++, Java, Python, HTML, CSS, JavaScript, PHP & MySQL with simple explanations and real examples.",2025-12-27T13:55:45.152728Z,,,2,0,1,https://yt3.ggpht.com/L5xOVmQbS57m8VPsAABekO3ePPP6uzJcwvfmE6h_-5x7HEsTmlnU3CkEgLdLvTZwnWB1_Ijt=s800-c-k-c0x00ffffff-no-rj,,
478,UC2W035t1CDxPS2yymm7YcSA,"Hussein Tech Lab","Welcome to Hussein Tech Lab – your go-to hub for practical tech knowledge and hands-on IT projects. Here, I share tutorials, real-world system setups, automation scripts, networking tips, and software project walkthroughs. Topics you’ll find: * Linux & Windows Systems * Networking & VPN * Automation & Scripting (Python, Bash, etc.) * Git, GitHub & Project Workflows * ERP & Odoo Basics My goal is simple: make tech learning practical, clear, and actionable. Whether you’re a beginner or a junior IT professional, there’s something here for you ",2025-12-24T00:18:52.71337Z,,,3,1,1,https://yt3.ggpht.com/bvob3wLfB9cxHiE9oJCQNSjjB25At-I2BnqJg72tl1Si9JEMbB-91gQfcjJr1RkSasaDMzn5jQ=s800-c-k-c0x00ffffff-no-rj,,
479,UCa_BLSQ_1Tn21HwqTQWcB4Q,"Code with Manish Beldar","Code with Manish Beldar एक Coding चैनल है। मैं यहाँ आसान भाषा में Coding सिखाता हूँ। इस चैनल पर Python, HTML, CSS, JavaScript और छोटे-छोटे Coding Projects मिलेंगे। अगर आप Coding सीखना चाहते हो, तो मेरा चैनल Subscribe करो 😊 ",2025-12-27T07:26:31.895013Z,,IN,9,5,1,https://yt3.ggpht.com/MuAjGKH29EYs9lvhm8lMFNg1ZFXimLqJM-cL2qWaSQQPlEL6CYWi43PJRpwMcYQMIJzaxmfV2g=s800-c-k-c0x00ffffff-no-rj,"coding for kids|html for kids|coding for kids|kids coding in hindi|learn coding for kids|coding for 6 year old|coding for class 5|fun coding for kids|beginner coding for kids|hindi coding for kids|code.org hindi|online coding classes for kids|how to teach coding to kids|best coding for kids|coding classes for kids at home|kids learning coding|coding games for kids|easy coding for kids|kids educational coding|javascript for kids|css for kids|kids coding",
480,UCtgXPjpMjYM_dwpXVDbhatg,"Monde du code","Apprenons le code et l’informatique… ensemble, pas à pas. De zéro à héros : algo, Python, web, IA, sécurité, on démonte tout sans prise de tête. Un bug ? Une question ? Tu n’es jamais seul·e : commente, on répond. Abonne-toi, active la cloche, et deviens dev sans stress. ",2025-12-26T15:11:49.246315Z,,CA,0,0,1,https://yt3.ggpht.com/EhoMI5b_Z1sIjLnMeBVDh6lpws1FJ0ZPWQ-fpnwtD4U80pul9mHL-KAhYTzt5pXGg33fLzJ7_w=s800-c-k-c0x00ffffff-no-rj,code|développement|apprentissage|création,
